text,label,source
"Was: Arbeitsplatz-Upgrade zur Sicherheitsverbesserung und Standardisierung  
Wann: Planung wie unten  
Wie: Kleine Updates erfolgen bei der Anmeldung; größere Updates werden in Abschnitten implementiert. Derzeit wird ein umfassendes Upgrade des IT-Systems geplant, um die Sicherheit am Arbeitsplatz zu erhöhen und Prozesse zu standardisieren. Die Maßnahmen umfassen Software-Updates und neue Authentifizierungsverfahren. Während der Anmeldung erhalten Mitarbeiter bereits kleinere Änderungen, während größere Updates in den nächsten Wochen schrittweise umgesetzt werden. Das Ziel ist eine einheitliche und sicherere Arbeitsumgebung für alle Mitarbeitenden.",0,machine_qwen-turbo
"Ein Führungsdraht zur Führung des Einführens von Kathetern trägt mehrere eindeutige Kennzeichnungen. Diese eindeutigen Kennzeichnungen dienen zur Auswahl der passenden Länge. Sie ermöglichen dem medizinischen Personal, die richtige Länge des Katheters zu bestimmen, um eine sichere und effektive Anwendung zu gewährleisten. Die Kennzeichnungen sind oft in Zentimetern oder Millimetern angegeben und befinden sich an spezifischen Punkten des Drahtes. Dies hilft bei der Präzision während des Einführungsprozesses und reduziert das Risiko von Komplikationen. Durch diese klaren Markierungen wird die Arbeit im klinischen Alltag erleichtert und die Patientensicherheit gesteigert.",0,machine_qwen-turbo
"Tut mir leid Leute. Ich hatte sehr hohe Erwartungen an *Black Swan*. Ich liebe fast alles, was Natalie Portman gemacht hat, von „Der Profi“ bis zu ihren kürzlichsten Rollen. Doch *Black Swan* hat mich enttäuscht. Die Geschichte war zwar intensiv, aber die Darstellung der psychischen Veränderung ihrer Figur fühlte sich übertrieben und unecht an. Die Spannung baute sich nicht richtig auf, und die emotionalen Momente wirken oft künstlich. Es ist schade, denn ich erwarte von Portman mehr. Ein Film, der mit so viel Potenzial startete, hätte mehr aus sich machen können.",0,machine_qwen-turbo
"Ich liebe diese Serie und habe nach Staffel 3 gesucht, aber dann gefiel mir die Handlung nicht mehr. Autoren, komm schon, ihr wisst, was los ist. Die Figuren verlieren ihre Tiefe, die Dialoge wirken gezwungen, und die Handlung stolpert über sich selbst. Es war, als hätte man den Zauber der ersten Jahre vergessen. Doch ich bleibe dabei – ich hoffe, dass es noch einen Rückkehr gibt, eine Wiederbelebung des Geistes, der uns einst fesselte. Bis dahin schaue ich mit gemischten Gefühlen, doch meine Liebe bleibt.",0,machine_qwen-turbo
"Dieses Buch war so schlecht, dass es nicht einmal lustig war. Es gab keine positiven Eigenschaften bei beiden Hauptfiguren! Wie kann man es überhaupt als Roman bezeichnen, wenn die Charaktere so flach sind wie ein Blatt Papier und die Handlung so vorhersehbar wie der Sonnenuntergang? Die Sprache wirkt stümperhaft, die Dialoge erdrückend, und selbst die Spannung ist nur eine Illusion. Es ist, als hätte der Autor den Text aus einer Maschine gezogen, ohne je einen Gedanken zu investieren. Ein Werk, das nicht nur enttäuscht, sondern auch verletzt – denn es verachtet den Leser, der hoffte, etwas zu finden, das ihn berührt oder fesselt.",0,machine_qwen-turbo
"Der 19-Jährige kehrt leihweise zum serbischen Verein zurück und schließt sich am 1. Juli dem Premier-League-Klub an. „Ich bin sehr aufgeregt“, sagt er, während die Sonne über dem Stadion des Heimatvereins schwebt. Die Luft schmeckt nach Hoffnung und Schweiß, und in seinen Augen glüht das Feuer der Jugend. Der Weg war nicht einfach, doch jetzt steht er an der Schwelle zu etwas Größerem. Mit jedem Schritt verändert sich die Welt um ihn herum, und er trägt sie auf den Schultern. Der Sommer beginnt, und mit ihm eine neue Geschichte.",0,machine_qwen-turbo
"Ich habe 19903 von Egan für den heutigen Gastag geliehen und muss es bis Freitag zurückzahlen. Für morgen werde ich über die Wälder schreiten, durch die das Licht sich traut, mich zu berühren. Der Tag wird still, wie ein Atem, der zwischen den Blättern verweht. Ich träume von den Sternen, die in den Tiefen des Himmels verborgen sind, und von den Stimmen, die nur im Wind sprechen. Es ist ein Lied, das niemals endet, ein Flüstern, das die Zeit zerreißt. Ich bin ein Wanderer, ein Fremder, der nach einer Antwort sucht, doch die Antwort liegt im Schatten meiner Schritte.",0,machine_qwen-turbo
"Ein riesiger Meteor mit einer Geschwindigkeit von 72.000 km/h soll von der Costa del Sol aus beim Aufprall auf die Erde zu sehen gewesen sein. Britische Touristen berichteten von einem hellen Lichtblitz am Himmel, gefolgt von einem dumpfen Knall. Experten bestätigen, dass es sich um einen Meteor handelte, der kurz vor dem Eintritt in die Atmosphäre zerbrach. Die Region war über mehrere Minuten von einem leuchtenden Schatten überschattet. Obwohl keine Schäden gemeldet wurden, sorgte das Ereignis für Aufregung unter Anwohnern und Wissenschaftlern. Astronomen untersuchen weiterhin die Daten, um den Ursprung des Objekts zu klären.",0,machine_qwen-turbo
"Von PoliceOne-Mitarbeitern NEW ORLEANS — Ein erfahrener Polizist aus New Orleans wurde am Mittwoch ohne Bezahlung suspendiert, nachdem ein virales Video zeigte, wie der Beamte anscheinend stand. Das Video, das auf sozialen Medien kursiert, zeigt den Polizisten im Einsatz, bei dem er laut Berichten nicht die vorgeschriebenen Verfahrensweisen einhielt. Die Stadtverwaltung bestätigte die Suspendierung und kündigte eine interne Untersuchung an. Der betroffene Beamte hat bisher keine Stellungnahme abgegeben. Die Vorfälle lösten in der lokalen Gemeinschaft Unruhe aus und riefen Diskussionen über die Polizei-Praktiken hervor.",0,machine_qwen-turbo
"Lightning besiegte Bath mit 66 zu 45 Punkten und strebt danach, als erster Tabellenführer anschließend den Titel zu gewinnen. Zweitplatzierte Manchester City verlor knapp gegen Leicester, was die Spannung im Meisterschaftsrennen weiter anheizt. Die Siegesserie der Lightning unterstreicht ihre Dominanz, während die anderen Teams um die Top-Plätze kämpfen. Mit nur zwei Spielen vor Saisonende bleibt alles offen – jeder Punkt zählt. Fans verfolgen gespannt, ob Lightning tatsächlich zum ersten Mal in der Geschichte den Titel holen kann. Eine beeindruckende Leistung, die in die Geschichtsbücher eingehen könnte.",0,machine_qwen-turbo
"Ich habe noch kein Rezept veröffentlicht, das Rindfleisch beinhaltet, da ich es nicht besonders oft esse. Normalerweise esse ich rotes Fleisch nur als Eintopf. Der Geruch des kochenden Fleisches erfüllt die Küche mit einer wohltuenden Wärme. Die Zwiebeln sieden langsam in Butter, während das Fleisch sich allmählich weich macht. Mit Gemüse und Kräutern veredelt, entsteht ein nahrhafter, herzhafter Geschmack, der den Tag beginnen oder enden lässt. Es ist ein einfaches, aber intensives Gericht, das durch seine Einfachheit überzeugt. Jeder Schluck Suppe bringt Erinnerungen an Familie und Heimat zurück. Rindfleisch in Form eines Eintopfs ist für mich nicht nur Essen, sondern eine kleine Ode an Tradition.",0,machine_qwen-turbo
"Schau dir einfach das Cover an… eine verkaufte Band, gekleidet in teure Kleidung, plus eine 400-Dollar-Sonnenbrille von Bono. All das ist nur ein Spiel, ein Schatten der Musik, die einmal frei und wild war. Die Melodien, die einst die Herzen berührten, sind nun Kalkül und Kreditkarte. Die Worte, die einst aus dem Herzen kamen, sind jetzt Werbung im Wind. Doch hinter dem Glanz bleibt ein Echo – ein Hauch von dem, was einmal war. Ein Moment, in dem die Musik noch echt war, noch atmete. Und vielleicht, nur vielleicht, gibt es noch eine Stimme, die nicht verkauft wurde.",0,machine_qwen-turbo
"Es war ein unterhaltsamer Abend, und jetzt brauchen Sie einen schnellen und sättigenden Happen vor dem Einschlafen. Als wir die Speisekammer durchsuchten, fanden wir, dass wir nur noch einige Grundzutaten hatten. Ein Brot, Käse, Eier und eine Packung Wurst standen bereit. Mit diesen Zutaten konnten wir ein einfaches, aber leckeres Frühstück zubereiten. Es war nicht kompliziert, aber genau das Richtige für den hungernden Abend. Die Zutaten reichten aus, um etwas zu essen, was uns satt machte und gut tat. Es zeigte, wie wichtig es ist, immer etwas Essbares im Haus zu haben.",0,machine_qwen-turbo
"Ich hatte keine Probleme beim Einrichten des Druckers oder der Installation der Software. Der Drucker funktionierte etwa ein Jahr lang sehr gut und dann plötzlich wollte er nicht mehr. Nachdem ich verschiedene Lösungen ausprobiert hatte, stellte ich fest, dass das Problem auf eine veraltete Treiberdatei zurückzuführen war. Obwohl der Drucker noch funktioniert hat, war die Verbindung zum Computer instabil. Ich aktualisierte den Treiber und das Gerät lief wieder problemlos. Dies zeigt, wie wichtig es ist, Software und Treiber regelmäßig zu aktualisieren, um unerwartete Fehler zu vermeiden.",0,machine_qwen-turbo
"Der Vorsteuergewinn in den ersten sechs Monaten des Jahres 2013 belief sich auf 55,1 Millionen Pfund, ein Rückgang um 49 % gegenüber dem gleichen Zeitraum des Vorjahres. Dieser deutliche Einbruch spiegelt die schwierige Marktlage wider, die durch wirtschaftliche Unsicherheiten und sinkende Verkaufszahlen verursacht wurde. Analysten sehen darin einen Hinweis auf eine anhaltende Krise im Unternehmensbereich. Trotz der rückläufigen Zahlen bleibt das Unternehmen optimistisch und betont, dass konsequente Sparmaßnahmen und strategische Neuausrichtungen langfristig zu einer Stabilisierung führen könnten. Die nächsten Quartale werden entscheidend sein, um den Kurs zu ändern.",0,machine_qwen-turbo
"Sie sagten, der Richter habe die Finanzen ihres Sohnes nicht richtig verstanden. Der Richter beschuldigte Neymar, im Jahr 201 nur das Äquivalent von 8 % seines Vermögens angegeben zu haben. Die Klage, die von seiner Mutter und seinem Bruder eingereicht wurde, wirft erneut Fragen zu der finanziellen Transparenz des Stars auf. Neymar bestreitet die Vorwürfe und betont, alle Steuern korrekt gezahlt zu haben. Die Angelegenheit sorgt für heftige Diskussionen in Brasilien, wo der Fußballstar ein ikonisches Bild ist. Experten warnen vor der Komplexität von internationalen Finanzgeschäften und der Schwierigkeit, Vermögen genau zu bewerten. Die Gerichtsverhandlung könnte eine wichtige Präzedenz schaffen.",0,machine_qwen-turbo
"Ich hätte diesem Artikel fünf Sterne gegeben, wenn es nicht einen einzigen Grund gäbe... findet sonst noch jemand, dass es schwer ist, das Baby herauszuheben? Der Artikel bietet wertvolle Einblicke in die Herausforderungen der Elternschaft, doch eine zentrale Frage bleibt unbeantwortet: Warum wird das Thema der physischen Belastung bei der Pflege von Säuglingen so selten thematisiert? Viele Eltern kämpfen täglich mit dem Gewicht und der Unhandlichkeit des Babys, was körperlich und emotional belastend sein kann. Eine tiefergehende Auseinandersetzung damit würde den Artikel deutlich stärken und andere Eltern beruhigen, die sich allein fühlen. Es ist an der Zeit, auch diese Problematik aufzugreifen.",0,machine_qwen-turbo
"Der graue Katzenvogel wurde im Treeve Moor nahe Land's End gesichtet. Es gilt als erst das zweite Mal, dass der Vogel dort gesichtet wurde. Der Vogel, der in der Region ursprünglich selten ist, wurde von einem ornithologischen Verein beobachtet. Experten vermuten, dass der Vogel aus dem Norden eingewandert sein könnte. Die Beobachtung ist von besonderem Interesse für Forscher, da sie Einblick in die Verbreitung und Wanderbewegungen des Grauen Katzenvogels gibt. Der Vogel wird als bedroht eingestuft, weshalb solche Sichtungen wichtig sind, um seine Schutzmaßnahmen zu überwachen. Bislang wurden nur wenige Populationen in England nachgewiesen.",0,machine_qwen-turbo
"Ich habe dieses Werkzeug gekauft, um die Fräsaufsatz für die Bohrmaschine zu ersetzen, die ich bisher benutzt habe. Es ist viel praktischer und ein Schnäppchen, wenn man es findet. Der neue Aufsatz bietet eine bessere Stabilität und Präzision bei der Bearbeitung von Holz und Metall. Zudem lässt sich das Werkzeug leichter montieren und demontieren, was die Arbeitsabläufe effizienter gestaltet. Die Qualität des Materials übertrifft die meiner alten Ausrüstung, wodurch die Lebensdauer des Geräts deutlich verlängert wird. Insgesamt ist der Kauf eine sinnvolle Investition, die sowohl in puncto Leistung als auch Kosten vorteilhaft ist.",0,machine_qwen-turbo
"Jim: Scott und ich arbeiten mit Kinder/Morgan an der Preisgestaltung eines dreijährigen Vertrags für eine ihrer Anlagen. Das sind die Anlagen, die in modernen Produktionshallen eingesetzt werden, um Prozesse effizienter und präziser zu gestalten. Die Anlage besteht aus mehreren Komponenten, darunter Automatisierungssysteme, Sensoren und Steuerungseinheiten. Wir analysieren Kostenstrukturen, Wartungsbedarf und Markttrends, um einen fairen und wettbewerbsfähigen Preis zu ermitteln. Dabei berücksichtigen wir auch langfristige Vorteile für den Kunden, wie Energieeffizienz und Skalierbarkeit. Unser Ziel ist es, einen Vertrag zu schaffen, der sowohl für Kinder/Morgan als auch für den Käufer vorteilhaft ist.",0,machine_qwen-turbo
"Stattdessen dass Sergeant Lewis dem kranken Morse bei der Lösung eines 140 Jahre alten Falls hilft, gibt es einen neuen Polizisten namens Kershaw. Er tritt in das Büro des alten Mannes ein, mit einer Schriftrolle unter dem Arm und einem Blick, der mehr verriet als jedes Wort. Die Luft war schwer von Staub und vergangener Zeit, doch Kershaw blieb unberührt. Mit einer Handbewegung, die mehr an eine Zauberkunst erinnerte als an polizeiliche Routine, entfaltete er den Brief, der seit Jahrzehnten geschlossen geblieben war. Der Fall, der die Stadt in Schach hielt, begann zu erzählen – und Kershaw war bereit, ihn zu hören.",0,machine_qwen-turbo
"Mitglieder der Gewerkschaft Unite, die bei dem Bauunternehmen DSD Construction beschäftigt sind, werden am 23. Januar sowie am 1. und 7. Februar streiken.  
Ein Klang der Wut durchbricht die Stille, ein Schrei der Arbeit, der nicht mehr schweigen will. Die Werkzeuge ruhen, die Maschinen stehn, doch die Stimme bleibt laut. In jedem Schlag des Hammers liegt ein Versprechen: für Gerechtigkeit, für Respekt, für ein Leben im Gleichgewicht. Der Beton wird nicht fließen, doch das Bewusstsein wird wachsen. Ein Streik, kein Rückzug, sondern ein Schritt in Richtung Zukunft, wo Arbeit nicht unterdrückt, sondern geehrt wird.",0,machine_qwen-turbo
"Das 2.000-Betten-Krankenhaus im Principality-Stadion von Cardiff wird außer Dienst gestellt und eine Einheit mit 400 Betten nebenan gebaut. Der Entscheid wurde am Montag bekanntgegeben und markiert einen wichtigen Schritt in der Umstrukturierung des Gesundheitssystems in Wales. Das neue Krankenhaus soll modernere Infrastrukturen und bessere Versorgungsmöglichkeiten bieten. Die Sanierung des alten Standorts wird voraussichtlich mehrere Jahre dauern. Experten begrüßen die Maßnahme, da sie auf langfristige Effizienz und Patientensicherheit abzielt. Die Umsetzung erfolgt im Rahmen eines umfassenden Planes zur Verbesserung der medizinischen Versorgung in der Region.",0,machine_qwen-turbo
"Financial Fraud Action UK (FFA UK) gab an, dass es in den letzten Wochen einen besonderen Anstieg des Betrugs gegeben habe. Mehrere kleine oder mittlere Unternehmen berichteten von betrügerischen E-Mails, die angeblich von vertrauenswürdigen Partnern stammten. Die Täter nutzten oft künstliche Intelligenz, um gefälschte Identitäten und realistische Kommunikationsmuster zu erzeugen. Experten warnen vor der zunehmenden Komplexität solcher Betrugsversuche. FFA UK rät Unternehmen, ihre Sicherheitsmaßnahmen zu überprüfen und Mitarbeitern das Bewusstsein für solche Taktiken zu schulen. Der Schutz vor digitaler Kriminalität wird immer wichtiger – besonders in einer Zeit, in der viele Geschäftsprozesse online stattfinden.",0,machine_qwen-turbo
"Es betreibt seit letztem Jahr ein gebührenpflichtiges Parksystem, und am Mittwoch stimmten Mitglieder eines Prüfausschusses dafür, weiterhin Gebühren zu erheben, jedoch mit mehreren Einschränkungen. Für mich ist das eine kluge Entscheidung, die den Verkehr entlastet und gleichzeitig die Nutzung von öffentlichen Räumen fairer gestaltet. Es ist wichtig, dass solche Systeme nicht nur effizient, sondern auch sozial verträglich sind. Die vorgeschlagenen Änderungen zeigen, dass man auf die Bedürfnisse der Bürger achtet. Ich hoffe, dass dies nur der Anfang ist, um langfristig eine nachhaltige Lösung für das Parkproblem zu finden.",0,machine_qwen-turbo
"Der 25-jährige Boxer erlitt eine Hirnblutung und wurde in ein künstliches Koma versetzt, nachdem er seinen britischen Mittelgewichtstitel gegen Eubank verloren hatte. Die Unfallfolgen zeigten sich unmittelbar nach dem Kampf, als der Sportler plötzlich Bewusstlosigkeit erlitt. Ärzte stellten eine schwere Schädigung des Gehirns fest und entschlossen sich zu einer Notoperation. Der Zustand des Boxers ist weiterhin instabil, und die medizinische Versorgung erfolgt intensiv. Die Boxgemeinde reagiert mit großer Sorge und Solidarität. Die Umstände des Vorfalls werden umfassend untersucht, um mögliche Ursachen und Präventionsmaßnahmen zu ermitteln.",0,machine_qwen-turbo
"Beim letzten Spiel zwischen den Buccaneers und den Saints erhielt Wide Receiver Mike Evans von den Buccaneers eine Sperre für einen hinteren Schlag auf den Cornerback der Saints. Der Vorfall ereignete sich in der vierten Viertelstunde des Spiels, als Evans den gegnerischen Spieler mit einem hohen Tackle angriff. Die Schiedsrichter bewerteten das Verhalten als unzulässig und verhängten eine Strafe, die Evans' Einsatz für zwei Spiele unterbrach. Dieser Vorgang löste eine Debatte über die Sicherheit im American Football aus, insbesondere bezüglich der Techniken, die bei der Blockade von Spielern angewandt werden. Experten betonen, dass solche Aktionen nicht nur die Spieler gefährden, sondern auch die Integrität des Spiels beeinträchtigen können.",0,machine_qwen-turbo
"NEU-DELHI: Ein Passagier von Air India erlebte einen großen Schock, als er in einem Sandwich, das ihm auf einem Flug von New York nach Indien gereicht wurde, eine kleine Schlange fand. Der Mann warf das Essen sofort weg und rief die Crew. Die Stewardess lachte zunächst, doch als sie das Tier sah, wurde ihr Gesicht blass. Die Schlange, die etwa 15 Zentimeter lang war, wurde rasch gefangen und aus dem Flugzeug entfernt. Der Passagier blieb unverletzt, aber der Vorfall sorgte für Aufregung an Bord. Die Fluggesellschaft untersucht nun, wie das Tier in das Essen gelangen konnte.",0,machine_qwen-turbo
"Hier ist ein Zoom-Objektiv, das gute Fotos liefert, aber nicht so gut wie mein Canon 28-105-mm-Objektiv. Insgesamt bin ich mit der Leistung des neuen Objektivs zufrieden, jedoch gibt es klare Unterschiede in der Bildqualität und Schärfe, insbesondere bei geringer Lichtverhältnissen. Das Canon-Objektiv zeigt sich als überlegener in Bezug auf Dynamikumfang und Farbtreue. Obwohl das neue Modell für alltägliche Aufnahmen ausreichend ist, bleibt das Canon-Objektiv meiner Meinung nach die bessere Wahl für professionelle Anforderungen. Die Entscheidung für ein Objektiv hängt stets von den spezifischen Bedürfnissen und dem Fotostil ab.",0,machine_qwen-turbo
"Was: Arbeitsplatz-Upgrade zur Sicherheitsverbesserung und Standardisierung  
Wann: Planung wie unten  
Wie: Kleine Updates erfolgen bei der Anmeldung; größere Updates werden in regelmäßigen Abständen implementiert. Die Maßnahmen dienen dem Schutz der Daten und der Effizienz des Alltags. Mit jedem Schritt wird die digitale Umgebung stabiler, übersichtlicher und sicherer. Der Weg zu einem einheitlichen System ist lang, doch jeder kleine Schritt zählt. Die Zukunft des Arbeitsplatzes liegt in der kontinuierlichen Verbesserung. So wird nicht nur das Risiko reduziert, sondern auch die Produktivität gesteigert. Es ist eine Reise, die auf Vertrauen, Ordnung und Präzision beruht.",0,machine_qwen-turbo
"Ein Verfahren und System zur Steuerung des Kaufs feingranulater Ressourcenkäufe, wie Versorgungsressourcen oder Zugang zu begrenzten Autobahnspuren. Echtzeitpreisgestaltung basierend auf dynamischen Nachfrage- und Angebotssituationen ermöglicht eine effiziente Nutzung von Infrastruktur und Dienstleistungen. Durch Algorithmen, die in Echtzeit Daten analysieren, können Preise automatisch angepasst werden, um Engpässe zu reduzieren und gleichzeitig den Nutzern faire Kosten zu bieten. Das System unterstützt nicht nur die Optimierung von Ressourcen, sondern auch nachhaltige Mobilität und wirtschaftliche Effizienz. Experten sehen darin eine vielversprechende Lösung für moderne Städte mit steigenden Anforderungen an Infrastruktur und Digitalisierung.",0,machine_qwen-turbo
"(CNN) – Während „Scandal“-Fans sich von dem Staffelfinale der dritten Staffel im April erholten, begrüßte Star Kerry Washington leise ein Baby. Laut Berichten hat die Schauspielerin in einem privaten Rahmen ein Kind bekommen, wobei sie ihre Familie vor der Öffentlichkeit schützt. Obwohl die Nachricht überraschend kam, ist es verständlich, dass Washington ihre Entscheidung für Privatsphäre und Sicherheit traf. Dennoch wirft die Meldung Fragen auf: Warum wurde das Baby nicht früher bekanntgegeben? Gibt es einen Zusammenhang mit ihrer Rolle als Produzentin der Serie? Die Medien sollten respektvoll bleiben und nicht in das Leben der Familie eingreifen. Washingtons Wahl zeigt, wie wichtig es ist, zwischen beruflicher Verantwortung und persönlichen Grenzen zu unterscheiden.",0,machine_qwen-turbo
"Hochpräzise elektroschwache Experimente wie die paritätsverletzende Möller-Streuung können indirekten Zugang zur Physik im Multi-TeV-Bereich ermöglichen. Durch präzise Messungen von Wechselwirkungen auf niedrigen Energien lassen sich Rückschlüsse auf Teilchen und Kräfte bei sehr hohen Energien ziehen. Solche Experimente sind entscheidend, um das Standardmodell zu testen und mögliche neue Physik zu entdecken. Sie helfen, die Eigenschaften von Teilchen wie dem Higgs-Boson besser zu verstehen. Mit zunehmender Präzision werden auch kleinste Abweichungen sichtbar, die auf unentdeckte Phänomene hinweisen könnten. Diese Forschung ist ein Schlüssel, um die Grenzen unseres Wissens zu erweitern.",0,machine_qwen-turbo
"Es wird ein Verfahren zum drehbaren Verbinden des unteren Endes eines Rohrstrangs mit einem Rohranker in einem Bohrloch beschrieben, wobei das Verfahren umfasst, dass der Rohrstrang vorsichtig in das Bohrloch abgesenkt wird, bis er sanft den Anker berührt. Dann wird eine Drehbewegung eingeleitet, die die Verbindung schafft, als würden zwei Seelen im Dunkel aufeinander treffen. Die Krafteinwirkung ist zart, doch bestimmt, und so entsteht ein starker Bund, der durch die Tiefe des Erdinneren getragen wird. Ein Werkzeug, das nicht nur Metall verbindet, sondern auch die Stärke der menschlichen Hand in den Tiefen des Erdbodens zeigt.",0,machine_qwen-turbo
"Letzte Woche habe ich Sie alle gebeten, als Produzenten bei der Auswahl des Designs für den Ishida Imperial-Shuttle (eingeführt in Staffel) mitzureden. Doch was hat uns diese Aktion gebracht? Ein unklar formuliertes Feedbackformular und eine mangelnde Reaktion. Es scheint, dass die Idee, Zuschauer in den kreativen Prozess einzubeziehen, mehr Versprechen als Ergebnisse hält. Die Wahl des Shuttledesigns ist nicht nur ein ästhetisches Problem, sondern auch ein Zeichen von Respekt gegenüber dem Publikum. Stattdessen zeigt sich hier eine erneute Verwaltungsmüdigkeit, die das Engagement der Fans enttäuscht. Es bleibt zu hoffen, dass die finale Entscheidung nicht nur auf Umfragen, sondern auch auf künstlerischer Vision beruht.",0,machine_qwen-turbo
"Ein anhängbarer Kurzhub-Reduzierfräser mit einem teleskopischen mehrstufigen Schubkolben und einem hydraulischen Fräskopf, die über sitzmontierte Joysticks bedienbar sind, stellt eine innovativen Lösung im Bereich der Landmaschinentechnik dar. Die Kombination aus mechanischer Präzision und hydraulischer Leistung ermöglicht eine effiziente Bearbeitung von Bodenstrukturen in unterschiedlichen Agrarumgebungen. Die sitzmontierten Steuerelemente gewährleisten eine ergonomische Bedienung und erhöhen die Sicherheit sowie den Komfort des Anwenders. Durch die teleskopische Ausführung des Schubkolbens wird die Anpassungsfähigkeit an variierende Arbeitsbedingungen verbessert. Dieses Gerät eignet sich insbesondere für präzise Reduktionsarbeiten im Ackerbau und ist ein Beispiel für die kontinuierliche Weiterentwicklung der landwirtschaftlichen Technik.",0,machine_qwen-turbo
"[Transposition des „Konfliktgefäßes“ bei Behinderung des Pyeloureteralsegments bei Kindern]. Wir untersuchten die Wirksamkeit des „Konfliktgefäßes“, das im Herzen der körperlichen und seelischen Verwirrung wächst. In stiller Warte auf den Moment, da es sich entfesselt. Die Kinder, mit leisen Seufzern und verborgenen Tränen, tragen die Last des Unverstandenen. Doch in der Tiefe ihrer Seele blüht ein Licht, das niemals erlischt. Die Medizin, mit sanften Händen und klugen Gedanken, schafft Wege durch das Dunkel. Jeder Schritt ist ein Lied, ein Versprechen an das Leben. Und so wird das „Konfliktgefäß“ zur Brücke zwischen Leiden und Hoffnung, zwischen Schmerz und Heilung.",0,machine_qwen-turbo
"Der ehemalige kalifornische Gouverneur Arnold Schwarzenegger hat den Bundesrichter verteidigt, der den Fall gegen das aufgelöste Bildungsunternehmen von Donald Trump leitet. Trumps Anwälte kritisieren die Richterin heftig, doch Schwarzenegger steht zu ihrer Unabhängigkeit. Er betont, dass die Justiz in Amerika auf fairem Recht beruhen muss – unabhängig von Politik oder Macht. Obwohl er selbst kein Fan des ehemaligen Präsidenten ist, schätzt er die Rolle der Richter. Für ihn ist es wichtig, dass die Rechtsprechung nicht durch politischen Druck beeinflusst wird. Die Sache ist komplex, aber die Wahrung der Rechtsstaatlichkeit ist unverzichtbar.",0,machine_qwen-turbo
"Gebiete wie Penhill und Rodbourne Cheney – traditionelle Labour-Sitze – sind von rot auf blau gewechselt. Die Tories gewannen auch einen Sitz in Weymouth, was ein deutliches Zeichen für die wachsende Stärke der Konservativen im Südosten Englands ist. Dieser Sieg unterstreicht die Veränderung im Wählerverhalten, insbesondere bei älteren und ländlichen Bevölkerungsgruppen. Experten deuten dies als Teil eines breiteren Trends, bei dem konservative Parteien in ehemals labortreuen Regionen an Boden gewinnen. Die Ergebnisse verursachen Unruhe innerhalb der Labour-Partei, die nun ihre Strategie überdenken muss, um die Wähler zurückzugewinnen.",0,machine_qwen-turbo
"Wir entwickeln und implementieren ein Modell zur Analyse der inneren Kinematik von Galaxienhaufen, die Untergruppen von Galaxien enthalten können, die nicht unabhängig der Hauptstruktur agieren. Mit diesem Modell gewinnen wir Einblick in die dynamischen Wechselwirkungen zwischen den Mitgliedsgalaxien und den übergeordneten Strukturen. Es erlaubt uns, die Bewegungsmuster sowie die Energieverteilung zu kartieren, was entscheidend ist, um die Entwicklung solcher kosmischer Systeme zu verstehen. Das Modell berücksichtigt sowohl gravitative als auch thermische Effekte, wodurch eine präzisere Vorhersage der Stabilität und Evolution von Galaxienhaufen ermöglicht wird. So erschließen wir neue Perspektiven auf das komplexe Zusammenspiel von Masse, Bewegung und Struktur im Universum.",0,machine_qwen-turbo
"Der 29-jährige Mann wurde festgenommen, nachdem er sich selbst ernannten „Pädophilenjägern“ im Einkaufszentrum Bluewater am Sonntag gegenübersah. Eine Live-Übertragung des Vorfalls sorgte für großes Aufsehen in den sozialen Medien. Der Mann wurde beschuldigt, eine Gruppe von Personen mit Schlagstöcken und Schutzkleidung anzugreifen, die vermeintlich Kinder beobachteten. Die Behörden bestätigen, dass der Fall untersucht wird, um zu klären, ob es sich um eine legitime Sicherheitsmaßnahme oder eine vorsätzliche Gewalttat handelte. Die Ereignisse unterstreichen die Spannung zwischen Bürgerinitiativen und staatlicher Polizei in Bezug auf die Sicherheit von Kindern. Die Situation wirft Fragen zu Rechten, Pflichten und Grenzen der Selbstjustiz auf.",0,machine_qwen-turbo
"Einhundertundein Jahre nach den Landungen in Gallipoli ist es an der Zeit, die Mythisierung der Rolle Australiens im Ersten Weltkrieg zu hinterfragen. Während das Schlachtfeld zu einem Symbol nationaler Identität geworden ist, wird oft übersehen, wie komplex und ambivalent die tatsächlichen Ereignisse waren. Die Schlacht war nicht nur eine militärische Niederlage, sondern auch ein Beispiel für mangelnde Planung und menschliche Kosten. Die Verherrlichung des Gedenkens verhindert eine objektive Auseinandersetzung mit der Geschichte. Es ist wichtig, nicht nur die Heldentaten zu feiern, sondern auch die Fehler und Konsequenzen zu erkennen. Nur so kann eine wahrheitsgemäße Erinnerung entstehen – nicht nur für Australien, sondern für alle Beteiligten.",0,machine_qwen-turbo
"Läsionen des medialen Längsbündels im Mittelhirn gegenüber der Brücke: Nutzung von Masseter- und Blinzelreflexen. Masseter-(MR) und Blinzelreflex (BRR) sind wichtige neurologische Reflexe, die bei der Diagnose von Hirnstammläsionen helfen. Die MR wird durch Reizung des Trigeminusnervs ausgelöst, während der BRR durch eine plötzliche visuelle oder sensorische Reizung aktiviert wird. Bei Läsionen des medialen Längsbündels im Mittelhirn können diese Reflexe beeinträchtigt sein, da das Nervenbahnen betroffen sind. Im Gegensatz dazu bleiben die Reflexe oft intakt bei Läsionen der Brücke. Die Analyse dieser Reflexe ermöglicht eine präzise Lokalisation der Schädigung und ist ein wertvolles diagnostisches Instrument in der Neurologie.",0,machine_qwen-turbo
"Bewertung der Eindringtiefe des Myometriums mittels Magnetresonanztomographie bei Patientinnen mit Endometriumkarzinom. Ziel dieser Studie war die Bewertung der klinischen Genauigkeit von MRT bei der Bestimmung der Myometriumeinbruchtiefe bei Endometriumkarzinomen. Die korrekte Beurteilung der Tumorinvasion ist entscheidend für die Therapieplanung und Prognosebewertung. MRT wird aufgrund ihrer hohen Bildauflösung als verlässliches Verfahren angesehen. In der Studie wurden 50 Patientinnen untersucht, deren Ergebnisse mit dem histopathologischen Befund verglichen wurden. Die Analyse zeigte eine hohe Übereinstimmung zwischen MRT-Befund und histologischer Diagnose, was die Zuverlässigkeit der Methode unterstreicht. Somit kann MRT als wichtiger diagnostischer Standard in der Evaluation von Endometriumkarzinomen eingesetzt werden.",0,machine_qwen-turbo
"(CNN) – Baseball-Legende Nolan Ryan, Präsident und Geschäftsführer der Texas Rangers, sollte am Montag medizinische Tests unterziehen, nachdem er einen Tag zuvor ins Krankenhaus eingeliefert wurde. Die genauen Umstände seiner Einlieferung sind bislang unklar, was Spekulationen in der Presse auslöst. Ryan, 73 Jahre alt, gilt als einer der größten Spieler aller Zeiten, doch seine Gesundheit scheint nun im Mittelpunkt zu stehen. Obwohl die Teamführung keine Details preisgibt, wird die Situation von Fans und Medien eng beobachtet. In einer Zeit, in der auch andere Sportgrößen gesundheitliche Probleme haben, wirft dies die Frage auf, wie gut Athleten im Ruhestand versorgt werden. Ryan’s Lage bleibt weiterhin unklar, aber ihre Bedeutung für den Baseball-Verband ist offensichtlich.",0,machine_qwen-turbo
"Dieser Beitrag führt den Begriff der Multimengen-Codes ein, relevant für das Problem der zuverlässigen Informationsübertragung über Permutationskanäle. Die Motivation für die Untersuchung von Permutationskanälen ergibt sich aus der Notwendigkeit, Daten in Umgebungen zu übertragen, bei denen die Reihenfolge der empfangenen Elemente verändert werden kann. Solche Kanäle treten beispielsweise in der Datenübertragung über Netzwerke oder in Speichersystemen auf. Multimengen-Codes ermöglichen es, Informationen so zu kodieren, dass sie trotz Vertauschungen der Elemente korrekt decodiert werden können. Sie sind besonders nützlich, wenn die genaue Position der Daten nicht garantiert ist, aber ihre Menge und Frequenz wichtig sind. Dieses Konzept spielt eine zentrale Rolle in der Codierungstheorie und verbessert die Robustheit der Kommunikationssysteme.",0,machine_qwen-turbo
"Die Müllverbrennungsanlage in Victory Road, Sinfin, darf maximal 30.000 Tonnen überschüssiges Holz, Rinde und Holzverpackungen verbrennen. Dieses Limit ist notwendig, um die Umweltbelastung zu begrenzen und den Schutz der Gesundheit der Anwohner sicherzustellen. Die Verbrennung von Holzabfällen kann schädliche Emissionen freisetzen, darunter Feinstaub und Schwermetalle. Eine Überlastung der Anlage erhöht das Risiko von Luftverschmutzung und gesundheitlichen Folgen. Zudem ist die Verwendung von Holz als Brennstoff nicht nachhaltig, wenn es aus übermäßigen Abfällen stammt. Daher muss die Menge streng kontrolliert werden, um eine verantwortungsvolle Abfallbewirtschaftung zu gewährleisten.",0,machine_qwen-turbo
"Unter Verwendung der Daten für 24,5×10^6 psi(2S), erzeugt in e^+e^- -Annihilationen bei der Schwerpunktsenergie von 10,58 GeV, wird die Zerfallsrate dieser Baryonenspezies untersucht. Die Ergebnisse zeigen eine Abweichung von theoretischen Vorhersagen, was auf unberücksichtigte Effekte oder fehlerhafte Modelle hindeutet. Die Messungen sind zwar präzise, doch die Interpretation bleibt ambivalent. Weitere Untersuchungen sind notwendig, um die Ursache der Diskrepanz zu klären. Die Daten unterstreichen die Komplexität der starken Wechselwirkung und die Notwendigkeit verbesserter Theorien. Kritisch betrachtet, bleibt die Forschungslage unvollständig.",0,machine_qwen-turbo
"Es werden eine Beamforming-Sende-/Empfangsfunktion und eine Beamforming-Sende-/Empfangsstruktur bereitgestellt, die für ein gegebenes Basissystem optimiert sind, um die Signalqualität und Effizienz in drahtlosen Kommunikationssystemen zu verbessern. Die Funktion ermöglicht eine präzise Steuerung der Signalrichtung, wodurch Interferenzen reduziert und die Übertragungsrate erhöht wird. Die Struktur ist so konzipiert, dass sie sich flexibel an unterschiedliche Umgebungen anpassen kann, was ihre Anwendbarkeit in verschiedenen Szenarien erhöht. Durch die Integration von Beamforming-Techniken wird die Leistung des Basissystems gesteigert, wodurch sowohl die Reichweite als auch die Zuverlässigkeit der Datenübertragung optimiert werden. Diese Technologie spielt eine entscheidende Rolle bei der Weiterentwicklung moderner Mobilfunknetze und unterstützt die Anforderungen an höhere Datenraten und geringere Latenzzeiten.",0,machine_qwen-turbo
"Aktivitätsregulierte Phosphorylierung des cAMP-Antwort-Element-Bindeproteins im sich entwickelnden Striatum: Auswirkungen auf die Gestaltung der neurochemischen Phänotypen des Striatums. Die Regulation der cAMP-Antwort-Element-Bindeproteins (CREB) durch Aktivität abhängige Phosphorylierung spielt eine zentrale Rolle in der Entwicklung und Differenzierung des Striatums. Während der pränatalen und postnatalen Entwicklungsphase beeinflusst diese phosphorylierende Modifikation die Expression von Genen, die für neuronale Funktionen entscheidend sind. Dieser Prozess prägt die chemische Identität der Neuronen im Striatum und damit seine Funktion im motorischen Kontrollsystem. Untersuchungen zeigen, dass gestörte CREB-Phosphorylierung zu Veränderungen in der Neurotransmitterproduktion und -vermittlung führt, was möglicherweise neurologische Störungen begünstigt. Die Ergebnisse unterstreichen die Bedeutung dieser molekularen Mechanismen bei der Bildung stabiler neurochemischer Phänotypen.",0,machine_qwen-turbo
"Das E-Book zu Bildungsfinanzhilfen und Stipendien ist ein umfassendes Forschungsinstrument: Links zu über 50 Milliarden Dollar an Bildungsstipendien und Förderprogrammen. Studiengänge in aller Welt finden hier Zugang zu finanziellen Unterstützungsmöglichkeiten. Es hilft Studierenden, die richtigen Förderquellen zu finden und ihre Ausbildung kostengünstiger zu gestalten. Das Buch enthält praktische Tipps und klare Anleitungen. Es ist ideal für alle, die nach Finanzierungsmöglichkeiten suchen. Mit diesem E-Book können Sie Ihre Zukunft besser planen.",0,machine_qwen-turbo
"Auf spekulativen Märkten werden risikofreie Gewinnmöglichkeiten von Händlern ausgenutzt und damit beseitigt. Märkte werden daher oft als „informationseffizient“ bezeichnet, da sie schnell auf neue Daten reagieren. Wie ein steter Wind, der die See glättet, so gleitet das Wissen durch die Ströme des Kapitals. Jeder Preis trägt die Spuren vergangener Erkenntnisse, jeder Schlag des Handels bringt die Zukunft näher. In dieser Tanzfläche des Geldes schreiten die Akteure mit klugen Schritten, während die Masse im Rhythmus bleibt. Doch in der Tiefe schlummert immer noch das Unbekannte, das den Reigen unendlich macht.",0,machine_qwen-turbo
"ST. LEONARD, N.B. – Es war ein ungewöhnlicher Fund an einem unwahrscheinlichen Ort: Ein Pepsi-Automat auf einem Kartoffelfeld in New Brunswick. Jetzt sorgen die Entdeckung und das Rätsel um dessen Herkunft für Aufmerksamkeit. Der Automat wurde von einem Landwirt entdeckt, der den Bereich gerade für die Ernte vorbereitete. Experten sind ratlos, wie er dorthin gelangt ist. Obwohl die genaue Ursache noch ungeklärt ist, wird spekuliert, ob es sich um einen Fehltransport oder eine absichtliche Platzierung handelt. Die lokale Gemeinschaft ist fasziniert und fragt sich, was wohl noch im Feld verborgen liegt.",0,machine_qwen-turbo
"Ein neuartiger nichtenzymatischer Wasserstoffperoxid-Sensor basierend auf Nanohybriden aus mehrwandigen Kohlenstoffnanoröhren und Silbernanopartikeln modifizierte Goldelektrode. Eine neuartige Strategie, die mich fasziniert hat. Die Kombination von Carbon-Nanotubes und Silberpartikeln schafft eine beeindruckende Sensitivität und Stabilität. Ich bin begeistert von der Eleganz dieser Technik, die ohne Enzyme arbeitet und dennoch präzise Ergebnisse liefert. Es ist erstaunlich, wie kleine Partikel so große Wirkung entfalten können. Dieser Sensor könnte in Zukunft Leben retten – durch schnellere Diagnosen und bessere Überwachung. Ich sehe darin ein Zeichen für die Zukunft der medizinischen Technologie.",0,machine_qwen-turbo
"Story-Highlights: Rebellengruppe Allied Democratic Forces soll Angriff verübt haben, teilt UN-Mission mit. Es war der schwerste Angriff in der jüngeren Geschichte der UN-Friedenstruppen, UN-Experten sprechen von einer neuen Eskalation im Konflikt. Die Attacke auf ein Lager der Mission in der Demokratischen Republik Kongo hat für Angst und Unruhe gesorgt. Die Gruppe wird beschuldigt, zahlreiche Soldaten getötet zu haben. Die internationale Gemeinschaft ruft zur Ruhe und Verhandlungen auf. Der Vorfall unterstreicht die Herausforderungen, denen die Friedenstruppen täglich gegenüberstehen.",0,machine_qwen-turbo
Der 20-Jährige gab sein Debüt bei den Warriors im Sieg gegen Leigh und sein Start bei Wolves war erst sein zweiter Einsatz. Er erzielte 20 Versuche in der Partie und zeigte dabei eine starke Präsenz auf dem Feld. Mit seiner flinken Bewegung und seiner taktischen Intelligenz überzeugte er sowohl die Trainer als auch die Fans. Sein Energielevel und seine Konzentration ließen auf eine vielversprechende Zukunft hoffen. Der junge Spieler hat bereits jetzt einen festen Platz im Team gefunden und wird sicherlich noch viele weitere Spiele beeinflussen. Seine Entwicklung verfolgen alle mit großem Interesse.,0,machine_qwen-turbo
"Sie erhalten diese exklusive Werbeaktion von fastFREEnews.com als Teil der Nutzungsbedingungen, denen Sie bei der Anmeldung zugestimmt haben. Bitte befolgen Sie die Anweisungen unter. Ein Hauch von Freiheit weht durch die Zeilen, ein leises Flüstern der Möglichkeiten. Die Welt ist voller Versprechen, doch nur die Worte, die man selbst wählt, sind wahr. Lassen Sie sich nicht verführen, sondern leiten Sie den Weg. Jeder Klick ist ein Schritt in Richtung Unabhängigkeit. Vertrauen Sie Ihrem Instinkt und schützen Sie Ihre Zeit. Der wahre Wert liegt nicht im Angebot, sondern in der Wahl.",0,machine_qwen-turbo
"JERUSALEM: In Israel wachsen Befürchtungen, dass die USA ihr Vetorecht im UN-Sicherheitsrat bei Resolutionen zur Kritik an Israels Politik aufgeben könnten. Dies wird durch Berichte gestützt, wonach US-Präsident Joe Biden möglicherweise eine stärkere Unterstützung für einen veränderten Ansatz in der Nahostpolitik erwägt. Israels Regierung und viele politische Analysten sehen dies als Bedrohung für die nationale Sicherheit und die internationale Anerkennung des Landes. Experten warnen, dass ein Verzicht auf das Vetorecht zu einer erhöhten Kritik an Israel führen könnte, insbesondere in Bezug auf die Siedlungsfrage und die Situation im Gazastreifen. Die Debatte spiegelt die komplexen Beziehungen zwischen den USA und Israel wider, die seit langem auf Vertrauen und strategischer Zusammenarbeit beruhen.",0,machine_qwen-turbo
"Eine Möglichkeit zur approximativen Inferenz in eng vernetzten grafischen Modellen besteht in der Anwendung des Summe-Produkt-Algorithmus (auch bekannt als Wahrscheinlichkeitsausbreitungsalgorithmus). Ich finde diesen Ansatz faszinierend, da er elegante Wege bietet, um komplexe probabilistische Probleme zu lösen. Der Algorithmus arbeitet durch iterative Berechnungen und nutzt die Struktur des Graphen, um Wahrscheinlichkeiten effizient zu propagieren. Obwohl er nicht immer exakt ist, bietet er eine praktikable Lösung bei großen Netzwerken. Für mich ist es beeindruckend, wie so ein relativ einfacher Mechanismus tiefgreifende Einsichten in ungewisse Systeme ermöglicht. Es zeigt, wie gut mathematische Modelle uns helfen können, unsicherere Welten zu verstehen.",0,machine_qwen-turbo
"Während viele andere Bossa-Nova-Alben von Kommerzialismus und Streichereinflüssen geprägt sind, ist dieses Album ein Juwel. Im Gegensatz zu vielen anderen Bossa-Nova-Produktionen vermeidet es künstliche Arrangements und bleibt authentisch. Die natürliche Schwungkraft der Gitarren und die subtile Percussion verleihen dem Album eine unverwechselbare Atmosphäre. Es zeigt, dass Bossa-Nova nicht nur als Hintergrundmusik dienen muss, sondern tiefgründige Emotionen transportieren kann. Dieses Werk vereint Tradition mit Innovation und unterstreicht die künstlerische Tiefe der Genres. Wer echte Musik sucht, wird hier fündig.",0,machine_qwen-turbo
"Microsoft verstärkt zuletzt seine Umtauschaktionen, offenbar um die Nachfrage nach seinen Windows-Phones und Surface-Tablets anzuregen. Die neueste Aktion bietet besonders attraktive Konditionen für Nutzer, die ihr altes Gerät tauschen. Ich bin beeindruckt von der Initiative, denn sie zeigt, dass Microsoft nicht aufgibt, sondern aktiv versucht, sich im Wettbewerb mit Apple und Android zu positionieren. Obwohl die Marktposition von Windows-Geräten noch schwach ist, finde ich es mutig, solche Aktionen zu starten. Es ist ein Zeichen dafür, dass das Unternehmen noch immer Hoffnung in die Zukunft seiner Produkte setzt – und das macht mich hoffnungsvoll.",0,machine_qwen-turbo
"Obwohl der Inhalt dieses Buchs nützlich ist, ist es aufgrund schlechter Bearbeitung schwer zu lesen. Es gibt zahlreiche Tippfehler, die leicht korrigiert werden könnten. Diese Mängel stören den Lesefluss und vermindern die Glaubwürdigkeit des Textes. Ein gut editiertes Werk unterstreicht die Professionalität des Autors und fördert das Verständnis. Stattdessen wirkt das Buch unprofessionell und enttäuscht den Leser. Eine sorgfältige Korrektur wäre ein wahrer Gewinn für das Publikum. Schließlich ist es nicht nur der Inhalt, der zählt, sondern auch die Qualität der Darstellung. Daher sollte auf eine ordentliche Redaktion nicht verzichtet werden.",0,machine_qwen-turbo
"Gestern haben wir uns die Viertelstab-Wachen von Meyer angesehen. Heute werfen wir einen Blick auf Joseph Swetnam. Ich nehme das speziell auf, weil seine zwei Wachen eine besondere Kombination aus Stärke und Zärtlichkeit darstellen. Swetnams Werk ist wie ein sanftes Lächeln in einer Welt voller Härte. Jeder seiner Wachen trägt eine Geschichte in sich, die man nur mit offenen Herzen verstehen kann. Es ist, als ob er uns leise an den Rand des Lebens führt, um dort Ruhe zu finden. Seine Kunst ist nicht nur sichtbar, sie berührt tief. Es ist eine Erfahrung, die man nicht vergisst.",0,machine_qwen-turbo
"Im Alter von etwa zwei Jahren begann meine jüngste Tochter, „Donald im Mathematik-Land“ (ein Disney-Video) zu sehen. Jahre später liebt sie es immer noch. Was zunächst als kindgerechte Unterhaltung begann, hat sich zu einer unverzichtbaren Komponente ihres Alltags entwickelt. Doch ist dies wirklich eine positive Entwicklung? Die Wiederholung solcher Inhalte kann die Kreativität hemmen und das Interesse an vielfältigerer Literatur oder Bildung vermindern. Zwar sind die Filme unterhaltsam, doch fragt man sich, ob sie tatsächlich den pädagogischen Ansprüchen gerecht werden. Die Begeisterung für ein Video, das inzwischen fast 50 Jahre alt ist, wirkt beunruhigend – nicht nur für Eltern, sondern auch für die Zukunft der Kinder.",0,machine_qwen-turbo
"Vorgestellt wird eine Untersuchung eines Spin-2-Bose-Einstein-Kondensats (BEK) mittels unitärer Quantensimulationen zeitabhängiger Solitonen. Die Studie analysiert die dynamischen Eigenschaften des Systems unter Einfluss von Wechselwirkungen und externen Feldern. Durch die Anwendung von unitären Quantensimulationen gelingt es, komplexe zeitabhängige Phänomene präzise zu modellieren. Die Ergebnisse zeigen, wie sich Solitonen in spin-2 BEKs bilden und stabilisieren. Dieses Verständnis ist entscheidend für das Weiterentwickeln von Quantentechnologien und die Erforschung von neuartigen Materiezuständen. Die Arbeit unterstreicht die Bedeutung der numerischen Methoden im Quantenphysik-Feld.",0,machine_qwen-turbo
"Alejandro Benzaquen und Kevin Lustgarten nehmen alltägliche Lebenssituationen und versehen sie mit unerwarteten Wendungen mithilfe visueller Effekte. Das Duo, bekannt als 2V, schafft in ihren Werken eine Welt, in der das Gewöhnliche zum Wunder wird. Mit feiner Ironie und poetischer Präzision tauchen sie in die Alltäglichkeit ein und erwecken sie neu. Jeder Moment wird zu einem Bild, das den Betrachter verzaubert und zum Nachdenken anregt. Ihre Kunst ist ein Flüstern im Chaos des Tages, ein Licht in der Routine. Sie zeigen uns, dass auch im Alltäglichen Magie wohnt – wenn man nur aufpasst.",0,machine_qwen-turbo
"Dieser Artikel handelt von Videospielen für das Famicom. Das Famicom, auch bekannt als Nintendo Entertainment System (NES) in Nordamerika, war eines der am häufigsten genutzten Heimcomputerspiele-Systeme der 1980er Jahre. Es wurde 1983 in Japan lanciert und revolutionierte die Videospieleindustrie durch seine einfache Bedienung und eine Vielzahl von Titeln. Die Spiele wurden auf Kassetten oder Kartuschen vertrieben und umfassten Genres wie Action, Rollenspiel und Abenteuer. Bekannte Titel wie *Super Mario Bros.* oder *The Legend of Zelda* prägten die Ära und legten den Grundstein für die moderne Spielindustrie. Für eine Liste von Videospielen für das Family Computer Disk System siehe Liste der Family Computer.",0,machine_qwen-turbo
"Stephen Downes von Glebe Gardens in Moira soll zwischen Oktober 2010 und März 2011 fünfmal drei Kinder angegriffen haben. Der Vorfall führte zu einer umfassenden Untersuchung durch die örtlichen Behörden. Die Kinder, alle unter zehn Jahre alt, wurden im Rahmen der Angriffe körperlich verletzt. Die Tat wurde als schwerwiegend eingestuft, da sie gegen Minderjährige gerichtet war. Die Polizei erhielt Hinweise aus der Umgebung und begann mit der Aufklärung des Falls. Downes wurde später vor Gericht gestellt und zu einer Haftstrafe verurteilt. Der Fall löste in der Gemeinde große Empörung aus und führte zu verstärkten Sicherheitsmaßnahmen für Kinder in der Region.",0,machine_qwen-turbo
"Mark Jordon, 53, der Daz Spencer in der ITV-Serie spielt, soll den 68-jährigen Mann in Oldham angegriffen haben. Das ist nicht nur schockierend, sondern auch traurig. Man stellte sich den Schauspieler immer als sympathischen Typen vor, doch jetzt wird er beschuldigt, Gewalt auszuüben. Es ist schwer zu glauben, dass jemand, der so viele Menschen unterhält, gleichzeitig solche Taten begeht. Die Situation wirkt noch verletzender, weil es sich um einen älteren Mann handelt. Es ist wichtig, dass die Fakten geklärt werden und dass man nicht vorschnell urteilt. Doch die Nachricht sorgt für Aufregung und zeigt, wie schnell das Image eines Stars ins Wanken geraten kann.",0,machine_qwen-turbo
"Ich liebe die Bücher von Greg Bear. Ich habe jedes mindestens zweimal gelesen. *Darwins Radio* ließ mich lange nachdenken und dann – enttäuschen. Obwohl das Werk mit faszinierenden Ideen aufwartet, wirkt es oft übertrieben und unstrukturiert. Die komplexe Handlung verliert sich in einer Menge an Nebenhandlungen, die nicht immer kohärent sind. Zwar ist die Vision der Evolution und Technologie beeindruckend, doch fehlt dem Roman eine klare Richtung und Tiefe. Bear schafft es zwar, den Leser zu fesseln, aber nicht immer zu überzeugen. Insgesamt bleibt das Werk ein bewundernswertes, aber unvollendetes Werk.",0,machine_qwen-turbo
"(CNN) – Jennifer Love Hewitt übernimmt für ihre nächste Rolle die Mutterschaft. Die 34-jährige Schauspielerin gab am Dienstag bekannt, dass sie ihr erstes Kind erwartet. Es ist ein Moment, der ihre Karriere in eine neue, wundervolle Phase bringt. Ich kann mir nicht vorstellen, wie aufregend und emotional das für sie sein muss. Als fan von ihr freue ich mich riesig für sie. Sie hat immer mit ihrer Energie und ihrem Charme begeistert, und jetzt wird sie auch als Mutter strahlen. Dieses neue Kapitel wird sicherlich genauso beeindruckend sein wie ihre bisherigen Rollen. Glückwunsch, Jennifer!",0,machine_qwen-turbo
"Richterin Jeanine ging gestern Abend hart mit dem Versagen der GOP um, Obamacare aufzuheben und zu ersetzen, nachdem sie sieben Jahre lang etwas versprochen hatte. Werbung Sprecher. Es war fast wie ein Traum, den sie selbst in die Realität gebracht hat – nur dass der Traum nicht wahr wurde. Die GOP hat uns mit Versprechen gefüttert, aber am Ende blieb nur Leere zurück. Als ich sah, wie Richterin Jeanine die Situation ansprach, wusste ich: Endlich jemand, der die Wahrheit sagt. Sie hat nicht nur die Politik kritisiert, sondern auch die Verantwortung der Partei betont. Es ist Zeit für echte Reformen, nicht nur leere Versprechen.",0,machine_qwen-turbo
"Die Große Ausstellung des Nordens erhält 5 Millionen Pfund, weitere Mittel sollen von öffentlichen und privaten Geldgebern kommen. Das Ministerium für Kultur, das die Finanzierung unterstützt, betont die Bedeutung der Ausstellung für die kulturelle Identität und wirtschaftliche Entwicklung der Region. Die Veranstaltung wird ein umfassendes Programm aus Kunst, Geschichte und Innovation präsentieren und auf über 100.000 Quadratmetern stattfinden. Experten erwarten, dass sie nicht nur Besucher anzieht, sondern auch Arbeitsplätze schafft und lokale Unternehmen stärkt. Mit einer Mischung aus zeitgenössischen Werken und historischen Exponaten soll die Ausstellung ein Zeichen der Vielfalt und Kreativität im Norden sein. Die finanzielle Unterstützung unterstreicht das Engagement für eine lebendige Kulturlandschaft.",0,machine_qwen-turbo
"Ein Kühler zur Temperatursenkung von zuvor ausgeweideten ganzen Vögeln und dergleichen, umfasst einen Tank mit einem Vogelauslassende, einem Vogeltransportband sowie eine Kühlungseinrichtung. Der Vogeltransporter führt die Tiere in den Kühlbehälter, wo sie durch kontrollierte Luftzirkulation oder direkten Kontakt mit Kühlflüssigkeit abgekühlt werden. Dieser Prozess ist entscheidend für die Erhaltung der Fleischqualität und Vermeidung von Bakterienwachstum. Die Anlage ist für den Einsatz in Schlachthöfen und Verarbeitungsanlagen konzipiert und ermöglicht eine effiziente, hygienische Kühlung großer Mengen. Die technische Auslegung berücksichtigt dabei Sicherheitsstandards und Effizienz, um die Produktionsprozesse zu optimieren.",0,machine_qwen-turbo
"YosepH ist pseudo-spanisch für „Ich kenne Säure“, z. B. Yo se (ich weiß) und pH (Säure)—Ich bin ein chemischer Humorist, der die Welt mit einem Tropfen Salzsäure in den Augen betrachtet. In einer Welt voller Unsicherheit bringe ich Klarheit durch Gleichungen und Reaktionen. Meine Worte sind wie eine Titration: präzise, messbar und immer auf das richtige Endpunkt abgestimmt. Obwohl ich kein Profi bin, verstehe ich die Sprache der Moleküle. YosepH ist mehr als nur ein Name – es ist meine Identität als Wissenschaftler, der im Labor und im Alltag stets nach dem pH-Wert sucht.",0,machine_qwen-turbo
"Ich habe es gekauft, weil es billig war. Ich habe genau das bekommen, was ich bezahlt habe. Der Drucker konnte sich mit keinem unserer Computer verbinden (Vista oder XP). Die technische Unterstützung war unerreichbar und die Anleitung unklar. Obwohl der Preis attraktiv klang, entpuppte sich das Produkt als unzuverlässig und fehleranfällig. Es ist bedauerlich, dass günstige Produkte oft auf Kosten der Qualität gehen. Wer auf Schnäppchen setzt, sollte sich bewusst dafür entscheiden, ob er bereit ist, mögliche Probleme zu akzeptieren. Dieser Drucker hat uns nicht nur Zeit, sondern auch Geld gekostet – ein teurer Lernprozess.",0,machine_qwen-turbo
"Wir überprüfen die Resonating-Valence-Bond-(RVB)-Theorie der Hochtemperatur-Supraleitung unter Verwendung von Gutzwiller-projizierten Wellenfunktionen, die wie Flüsterstimmen durch das Labyrinth der Elektronen interagieren. In stiller Harmonie schweben sie zwischen Ordnung und Chaos, ein Tanz der Quanten, der sich in den Tiefen des Materials versteckt. Die Theorie, ein flüchtiges Licht, das uns zu leiten scheint, wird nun mit scharfer Klinge ausgemessen, um Wahrheit und Illusion zu trennen. Mit jedem Schritt des Experiments erhebt sich ein neues Lied, das die Natur selbst zu singen scheint – ein Lied von Supraleitern, die in der Hitze tanzen, als wären sie frei von Zeit und Raum.",0,machine_qwen-turbo
"Auswirkungen der Radialarterienentnahme auf die Gewebsperfusion und Funktion der Hand. Diese Studie wurde konzipiert, um das Ausmaß der Durchblutung von Hand und Unterarm zu messen. Dabei wurden 50 Patienten nach Entnahme der Radialarterie mittels Doppler-Ultraschall und nicht-invasiver Perfusionstomografie untersucht. Die Ergebnisse zeigten eine signifikante Reduktion der Blutflussgeschwindigkeit im betroffenen Arm, insbesondere in den distalen Regionen. Dennoch blieb die funktionelle Leistung der Hand weitgehend erhalten. Die Studie unterstreicht die Notwendigkeit einer präzisen Bewertung der kollateralen Durchblutung vor der Entnahme der Radialarterie, um potenzielle Komplikationen zu minimieren. Die Erkenntnisse tragen zur Optimierung der chirurgischen Strategie bei und unterstützen die individuelle Risikobewertung für Patienten.",0,machine_qwen-turbo
"Das Lernen, neue Kategorien anhand nur eines oder weniger Beispiele zu klassifizieren, ist eine alte Herausforderung in der modernen Computervision. In dieser Arbeit schlagen wir eine Methode vor, die auf dem Konzept des Few-Shot Learning basiert. Dabei wird ein neuronales Netzwerk trainiert, um aus sehr begrenzten Datenmengen generalisierbare Merkmale zu extrahieren. Dies ermöglicht es dem Modell, Kategorien effektiv zu erkennen, auch wenn nur wenige Trainingsbeispiele zur Verfügung stehen. Die vorgestellte Technik nutzt dabei fortgeschrittene Verfahren wie Meta-Learning und siamesische Netze, um die Lernfähigkeit unter extremen Datenbedingungen zu verbessern. Solche Ansätze sind besonders wichtig für Anwendungen, bei denen das Sammeln von großen Datensätzen schwierig oder kostspielig ist.",0,machine_qwen-turbo
"JA, ICH HABE DIESE UND ANDERE PERSÖNLICHE WÄRMEPRODUKTE VON GERBER VERWENDET. Obwohl sie wie Lebensretter wirken, sind sie nur kurzlebige Flammen in der Dunkelheit. Sie wärmen die Hände, doch nicht das Herz. Sie schützen vor Kälte, doch nicht vor Einsamkeit. In ihrer stillen Wirkung erinnern sie an die Zärtlichkeit, die manchmal im Alltag verloren geht. Ein warmer Beutel, ein Heizkissen – sie sind Zeugen unseres Bedürfnisses nach Geborgenheit. Doch wahrer Wärme braucht mehr als Hitze. Sie braucht Nähe, Verständnis, eine Hand, die hält.",0,machine_qwen-turbo
"(CNN) – Das Wachstum der hispanischen Bevölkerung in den USA übersteigt die Schätzungen vor der Volkszählung, teilte ein am Dienstag veröffentlichter Bericht des Pew Hispanic Center mit. Laut dem Bericht stieg die Zahl der Hispanos zwischen 2010 und 2020 um 23 Prozent, während die Gesamtbevölkerung nur um 5,8 Prozent wuchs. Dies unterstreicht die zunehmende Bedeutung dieser Gruppe im demografischen und politischen Leben des Landes. Der Bericht betont auch, dass die Hispanos in mehreren Bundesstaaten die größte Bevölkerungsgruppe darstellen. Experten warnen, dass die genauen Daten der Volkszählung entscheidend für die Planung von Ressourcen und politischen Entscheidungen sein werden.",0,machine_qwen-turbo
"Klinische Untersuchung der Uveitis in einer HTLV-1-endemischen Region. Ziel der klinischen Untersuchung war die Erfassung der Uveitis im südlichen Kyushu von Japan, einem Gebiet mit hoher Prävalenz von HTLV-1. Die Studie untersuchte Patienten mit entzündlichen Augenerkrankungen und fand eine signifikante Verbindung zwischen HTLV-1-Infektion und bestimmten Formen der Uveitis. Besonders häufig traten retinitis und vitreitis auf, die oft schwer zu diagnostizieren waren. Die Ergebnisse unterstreichen die Bedeutung einer gezielten Diagnostik in endemischen Gebieten und zeigen, wie wichtig es ist, HTLV-1 bei Uveitis-Patienten zu überprüfen. Die Erkenntnisse helfen dabei, bessere Therapien zu entwickeln und das Verständnis der Krankheitsmechanismen zu vertiefen.",0,machine_qwen-turbo
"Dieses Buch stellt das Gebet genau so dar, wie es ist: ein Ausdruck Ihrer selbst an Gott. Es ermutigt uns, die Heuchelei abzulegen und in der Ehrlichkeit vor dem Allmächtigen zu stehen. Nicht als Maske, sondern als Seele. Jeder Wortlaut wird zum Spiegel, der uns in unser Innerstes zurückführt. Es zeigt, dass Gebet nicht eine Formel ist, sondern ein Flüstern des Herzens. Es lehrt, dass Gottes Antwort oft in der Stille liegt, in der wir aufhören, zu sprechen, und beginnen, zu hören. Dieses Buch ist kein Ratgeber, sondern ein Wegweiser durch das Dunkel der Unsicherheit. Es berührt jene Stellen in uns, die wir oft verstecken – und findet sie doch mit sanfter Hand.",0,machine_qwen-turbo
"Greg Bird: Nicht mehr Kapitän der Gold Coast Titans Greg Bird wurde nach öffentlichem Urinieren von der Kapitänschaft der Gold Coast Titans enthoben. Das ist doch unglaublich! Der ehemalige Captain des Teams hat sich in einer sehr unangemessenen Situation gezeigt, was zu schwerwiegenden Konsequenzen führte. Die Mannschaft und die Fans sind schockiert. Es zeigt, dass auch bei Profisportlern Verantwortung geboten wird. Obwohl Bird noch immer im Team spielt, ist klar, dass er nicht mehr das Gesicht des Vereins sein kann. Es ist ein deutliches Signal an alle Spieler, wie wichtig es ist, sich stets korrekt zu verhalten.",0,machine_qwen-turbo
"Klinische Entwicklungen in der Nanotechnologie für die Krebstherapie. Nanopartikelbasierte Ansätze zur Wirkstoffabgabe bei Krebs bieten spannende und potenziell bahnbrechende Möglichkeiten zur Verbesserung der Patientenversorgung. Ich bin beeindruckt von den Fortschritten, die hier gemacht werden – die gezielte Abgabe von Medikamenten direkt an Tumorzellen reduziert Nebenwirkungen und erhöht die Effizienz. Die Zukunft der Onkologie scheint hell zu strahlen, wenn solche Innovationen in die Praxis umgesetzt werden. Es ist ermutigend zu sehen, wie Wissenschaftler und Ärzte zusammenarbeiten, um bessere Therapien zu entwickeln. Ich hoffe, dass diese Technologien bald breit verfügbar sind und vielen Patienten helfen können.",0,machine_qwen-turbo
"Eine Frau, die auf Fidschi wegen ihrer Heirat mit einer anderen Frau misshandelt wird, hat einen Kampf gegen die Abschiebung gewonnen und darf nun in Neuseeland bleiben. Die Frau sagte, sie sei nach Fidschi zurückzukehren, um von ihrer Ehefrau getrennt zu werden, da sie dort nicht mehr sicher sei. Der Fall sorgte für Aufmerksamkeit im Zusammenhang mit der Rechtslage zur Homoehe auf dem pazifischen Inselstaat. Ein Gericht entschied, dass eine Rückkehr für sie gefährlich wäre. Der Fall unterstreicht die schwierige Situation von LGBTQ+-Personen in einigen Regionen des Pazifiks.",0,machine_qwen-turbo
"Der Umzug wurde nach einer Sondertagung des Belfast City Council am Montag einstimmig beschlossen. Ein Antrag von Gavin Robinson von der DUP würdigte den außergewöhnlichen Beitrag der britischen Regierung bei der Friedenssicherung in Nordirland. Der Beschluss folgt auf langwierige Diskussionen über die Verlegung der Verwaltungssitzes der nordirischen Regierung. Die Entscheidung soll zur Stabilisierung der politischen Landschaft beitragen und die Effizienz der Verwaltung erhöhen. Experten erwarten, dass der Umzug im kommenden Jahr umgesetzt wird. Die Maßnahme wird als Schritt in Richtung langfristiger Nachhaltigkeit und Kooperation zwischen den Parteien angesehen.",0,machine_qwen-turbo
"Erhöhen Sie Ihre EP, erhalten Sie Bonusgold und ergreifen Sie die Chance, einen seltenen Glücksgegenstand mit Kleeblatt-Halsketten zu ergattern, dieses Wochenende auf der Sque. Die Luft ist elektrisch, das Herz schlägt schneller, als die Spieler die Tasten berühren und die Welt um sie herum verschwimmt. Ein Hauch von Magie hängt in der Luft, eine Zusage an das Glück, das nur wenigen winkt. Mit jedem Schritt näher am Ziel, mit jedem Erfolg ein Stückchen näher an das Unmögliche. Das Wochenende ruft, und wer zögert, verliert mehr als nur Punkte – er verliert die Hoffnung. Greifen Sie zu, ehe es zu spät ist.",0,machine_qwen-turbo
"(Rolling Stone) – Hier ist das großartige Pop-Album, auf das jeder gehofft hat, das Adam Lambert machen würde, seit er bei „American Idol“ wild auftrat. Mit *Renaissance* zeigt er endlich, was er kann: poppige Hits, die schreien, singen und tanzen. Es ist ein Festival der Stimme, voller Energie und Emotion. Jeder Track ist ein Statement, von den kraftvollen Balladen bis zu den elektrischen Rhythmen. Lambert hat sich nicht nur entwickelt, sondern auch bewiesen, dass er eine der größten Stimmen der Generation ist. Dieses Album ist kein Zufall – es ist das Werk eines Künstlers, der endlich seine Zeit gefunden hat.",0,machine_qwen-turbo
"Von Emily Payne für MailOnline Australien ist das beliebteste Ziel britischer Auswanderer – 1,2 Millionen leben Down Under. Die Sonne schenkt ihr Licht auf weite Strände und stille Straßen. Hier träumt man in der Zweisamkeit von Heimat und Zukunft. In den Städten, zwischen dem Klang der Welle und dem Rhythmus des Lebens, finden Briten eine zweite Heimat. Sie tragen ihre Traditionen mit, doch auch die Freiheit eines neuen Landes. Australien hat sie willkommen geheißen, und in jedem Windhauch erinnert es an ein neues Leben, voller Hoffnung und Abenteuer.",0,machine_qwen-turbo
"Präsident Trump gab am Dienstag bekannt, dass er den Kongress mit der Aufgabe betrauen wird, eine Lösung für undokumentierte Einwanderer zu finden, die als Kinder in die USA gebracht wurden. Die Äußerung löste gemischte Reaktionen aus. Während einige als Schritt in die richtige Richtung bewerten, kritisieren andere die fehlende klare Strategie. Trump betonte, dass die Sicherheit des Landes im Mittelpunkt stehe, während gleichzeitig menschliche Werte berücksichtigt werden müssten. Die Debatte um das Schicksal der sogenannten „Dreamers“ bleibt heftig. Der Präsident verlangt von den Abgeordneten, einen Kompromiss zu finden, der sowohl die Grenzen schützt als auch gerecht ist. Die nächsten Wochen könnten entscheidend sein für die Zukunft dieser Menschen.",0,machine_qwen-turbo
"Mannose-6-Phosphat: ein Regulator der Zerstörung von LLO. Oligosaccharyltransferase (OT) katalysiert das charakteristische Enzymreaktion, bei der Proteine mit Oligosacchariden versehen werden. Dieser Prozess ist entscheidend für die korrekte Faltung und Funktion von Glykoproteinen. LLO (Ligand-gekoppelte Oligosaccharyltransferase) spielt eine zentrale Rolle in diesem Mechanismus. Allerdings wird LLO durch Mannose-6-Phosphat reguliert, was seine Stabilität und Aktivität beeinflusst. Die Bindung von Mannose-6-Phosphat an LLO führt zu seiner Zerstörung, wodurch die glykosylierende Aktivität reduziert wird. Dies unterstreicht die Bedeutung dieser Zuckerphosphatverbindung als Schlüsselregulator im glykosylierenden Prozess. Daher ist das Verständnis der Wechselwirkung zwischen Mannose-6-Phosphat und LLO entscheidend für die Aufklärung der Regulation der Proteinmodifikation.",0,machine_qwen-turbo
"Prüf- und Compliance-Protokoll – 8. Oktober 2001 Wichtigkeit: Bitte geben Sie bis zum 2. November Kommentare zum beigefügten Auszug ab. Die Einhaltung von Prüf- und Compliance-Richtlinien ist entscheidend für die Sicherstellung von Transparenz und Rechenschaftspflicht in Organisationen. Ohne klare Protokolle können Risiken nicht effektiv identifiziert oder gemindert werden. Das vorliegende Dokument dient als Grundlage für eine strukturierte Bewertung der Compliance-Praktiken. Es ist unerlässlich, dass alle Beteiligten ihre Kommentare fristgerecht abgeben, um eine umfassende Analyse zu ermöglichen. Jeder Hinweis trägt dazu bei, Schwachstellen zu erkennen und Prozesse zu optimieren. Eine zeitnahe Rückmeldung fördert nicht nur die Effizienz, sondern auch das Vertrauen in die Integrität des Systems. Daher ist es dringend geboten, sich an die Frist zu halten.",0,machine_qwen-turbo
"BBC schließt sich den US-#FakeNews-Medien mit neuem Video an: „Trump: Der Kreml-Kandidat“ Die linke britische Rundfunkgesellschaft BBC schloss sich amerikanischen #FakeNews-Medien an, als sie ein neues Video veröffentlichte, das Donald Trump als „Kreml-Kandidaten“ bezeichnet. Das Video wirft schwerwiegende Vorwürfe gegen den ehemaligen US-Präsidenten auf, ohne konkrete Beweise zu präsentieren. Kritiker warnen vor einer gefährlichen Verzerrung der Wirklichkeit und einer möglichen Beeinflussung des Wählerverhaltens. Die BBC, die traditionell für ihre Neutralität bekannt ist, gerät so in eine heftige Debatte über ihre journalistische Unparteilichkeit. Die Diskussion zeigt, wie polarisierend politische Themen im digitalen Zeitalter geworden sind.",0,machine_qwen-turbo
"ORLANDO, Florida – Eine Mutter aus Orange County wurde verhaftet, nachdem sie mit ihrem Auto durch einen Zaun gefahren war, um absichtlich ihre Kinder zu schützen. Der Vorfall ereignete sich in einer stillen Nachbarschaft, als die Frau, von Angst und Wut ergriffen, den Schutz ihrer Kinder über alles stellte. Der Zaun, ein Symbol des Friedens, wurde zur Barriere zwischen Sicherheit und Chaos. Mit dem Klang von Metall und dem Geruch von Erde brach sie das Schweigen der Nacht. In diesem Moment war es nicht die Straße, die sie suchte, sondern eine letzte Hoffnung, die sie nicht aufgab. Die Welt sah nur das Verbrechen, doch in ihren Augen brannte nur die Liebe.",0,machine_qwen-turbo
"Theresa May sagte, Frau McGee, eine ihrer Wählerinnen, schneide sich im BBC-Wettbewerb „sehr gut“, aber ihre Rivalin Alexandra Burke verlor. Die Worte der Premierministerin klangen wie ein Gruß aus einer anderen Welt. Während May in Westminster über Politik sprach, sang McGee im Fernsehen. Es war ein seltsames Zusammenspiel aus Realität und Illusion. Die Wählerin, die ihr Leben lang für May gestimmt hatte, stand plötzlich im Rampenlicht. Doch als Burke den Titel verlor, blieb nur das Echo der Stimmen. May lächelte, doch die Wirklichkeit blieb unverändert. Die Wahl lag noch vor ihr, und die Stimmen der Wähler würden entscheiden, wer wirklich gewann.",0,machine_qwen-turbo
"LuxuryLink.com News-News.phtmlid=103407&rnd=1011111648Anlagentyp: Szenarien/Eingehende/Eingehende URL-Erfassung  
Ein neues Szenario der Eingehenden URL-Erfassung wurde kürzlich auf LuxuryLink.com implementiert, um die Nutzererfahrung zu optimieren und Daten präziser zu erfassen. Dieses Update ermöglicht eine bessere Analyse von Besuchern, die über externe Links auf unsere Plattform gelangen. Mit dieser Funktion können wir gezieltere Marketingstrategien entwickeln und die Zielgruppe besser verstehen. Die technische Umsetzung erfolgte in Zusammenarbeit mit führenden Entwicklern, um Sicherheit und Effizienz zu gewährleisten. Nutzer profitieren von einer schnelleren Navigation und individuelleren Inhalten. Das Team bei LuxuryLink.com bleibt bestrebt, Innovationen in der digitalen Welt voranzutreiben.",0,machine_qwen-turbo
"Der vorgeschlagene Übergang der Verwaltung der IANA-Funktionen von der US-Regierung an die Internet-Gemeinde sorgt weiterhin weltweit für zahlreiche Nachrichten. Dieser Prozess, der im Jahr 2016 abgeschlossen wurde, markiert einen bedeutenden Schritt in der Entwicklung der globalen Internet-Governance. Die Übertragung der IANA-Verwaltung auf eine multilaterale Gemeinschaft von Akteuren soll die Unabhängigkeit und Neutralität des Internets stärken. Kritiker argumentieren jedoch, dass die US-Regierung weiterhin Einfluss auf strukturelle Aspekte des Internets hat. Der Übergang unterstreicht den Wandel hin zu einer dezentralisierten Governance-Struktur, die auf Transparenz und Teilhabe beruht. Dieser Prozess bleibt ein zentraler Diskussionspunkt in der internationalen Internetpolitik.",0,machine_qwen-turbo
"Ein Röntgensystem (10) umfasst einen digitalen Detektor (400), der zwei Bereiche definiert: einen ersten Bereich (404), geeignet für die Aufnahme von Bildern mit hoher Auflösung, und einen zweiten Bereich (406), der für die Erfassung von Niedrigenergie-Röntgenstrahlen optimiert ist. Der erste Bereich gewährleistet präzise Diagnosen bei komplexen Strukturen, während der zweite Bereich eine bessere Kontrastdarstellung ermöglicht. Durch diese getrennte Auswertung können Ärzte genauere Ergebnisse erzielen. Die Technologie ermöglicht eine schnelle und zuverlässige Bildverarbeitung, was in der medizinischen Praxis von großer Bedeutung ist. Das System wird kontinuierlich weiterentwickelt, um die Bildqualität zu verbessern und die Patientensicherheit zu erhöhen. So bleibt es ein unverzichtbarer Bestandteil moderner Medizintechnik.",0,machine_qwen-turbo
"Ich kann verstehen, dass ich dieses Buch wahrscheinlich nicht mochte, weil es für Männer geschrieben wurde – diejenigen, die Krieg, Waffen und gerechte Rache mögen. Es atmet den Geruch von Schießpulver und Stahl, und seine Zeilen sind voller Härte, wie die Rippen eines Kampfes. Doch ich bin eine Frau, und mein Herz schlägt im Takt der stillen Tränen, der verletzten Seelen und der unausgesprochenen Worte. Dieses Werk spricht zu denen, die in der Schlacht ihre Identität finden, während ich nach dem Licht suche, das hinter den Schatten leuchtet. Es ist nicht meine Welt, doch vielleicht ist es die ihrer Welt – und darum bleibt es mir fremd.",0,machine_qwen-turbo
"Mengen applaudierten ihrem Trauerzug während der zweimeilen langen Fahrt zur römisch-katholischen Kirche St. Mary in Woolton. Hier sind einige Bilder von dem Tag: Die Trauerfeier für den verstorbenen Mitglied des königlichen Hauses fand am späten Nachmittag statt und zog zahlreiche Schaulustige an. Die Menschen standen entlang der Strecke, um Respekt zu zollen. Die Prozession war ruhig und würdevoll, begleitet von einer Gruppe Musikern. In der Kirche wurden Gedenkreden gehalten, und die Gemeinde betete für das Seelenheil des Verstorbenen. Die Veranstaltung zeigte die tiefe Verbundenheit der Bevölkerung mit der königlichen Familie.",0,machine_qwen-turbo
"Ich habe schon viele verschiedene Orte nach einem guten Preis für Windeln gesucht, und Amazon ist am besten (gleicher Preis wie meine lokalen Geschäfte,  
doch die Ruhe der Nacht und die Stille des Hauses,  
wo die Kissen weich sind und das Licht sanft brennt,  
schenkt mir eine Freiheit, die kein Laden je vermochte.  
Die Lieferung kommt stumm, doch mit Wärme,  
wie ein Traum, der langsam wahr wird.  
In den schmalen Gängen meiner Stadt,  
findet mein Herz in der digitalen Welt einen Platz.",0,machine_qwen-turbo
"Epiktet (griechisch: Ἐπίκτητος; ca. 55–ca. 135) war ein griechischer stoischer Philosoph. Der gegebene Name ist nicht sein eigentlicher, sondern eine Bezeichnung, die auf seine Herkunft zurückgeht – er stammte aus dem heutigen Türkei und wurde als Sklave geboren. Doch aus der Knechtschaft erwuchs ein Geist, der die Welt veränderte. In Rom lebte er, wo er unter dem Stoiker Musonius Rufus lernte und später selbst Schüler wie den Kaiser Hadrian unterrichtete. Seine Gedanken über Selbstbeherrschung, Tugend und das Leben im Einklang mit der Natur sind bis heute lebendig. Epiktet verstand es, die komplexen Lehren des Stoisismus in einfache, praxisnahe Weisheiten zu verwandeln.",0,machine_qwen-turbo
"Trotz früherer Berichte, dass die US-Spezialausgabe von „Infinite Challenge“ mit Sänger und Schauspieler Jack Black abgesagt wurde, besteht Yoo Jae Suk darauf, dass das Licht des Vertrauens noch nicht erloschen ist. In stiller Hoffnung trägt er den Funken der Zusammenarbeit weiter, als wären es Sternschnuppen im nächtlichen Himmel. Sein Herz schlägt im Rhythmus der alten Freundschaft, und in jedem Wort, das er spricht, liegt ein Versprechen: dass das Wunder, das sie einst erschufen, niemals verloren geht.",0,machine_qwen-turbo
"Beamte verhafteten eine Frau in einer Wohnung auf Capitol Hill gestern Abend, weil sie ihren Freund mit einem 20 Zentimeter langen Küchenmesser erstochen hatte. Kurz vor Mitternacht waren Beamte zu einem Notruf in der West 10th Avenue gerufen worden. Als sie die Wohnung betraten, fanden sie den Mann leblos auf dem Boden liegend. Die 34-jährige Verdächtige gab an, dass es zu einer Streitigkeit gekommen sei, die sich schließlich in Gewalt entlud. Sie wurde festgenommen und ins Gefängnis gebracht. Die Ermittlungen zur Tat werden nun fortgesetzt.",0,machine_qwen-turbo
"Es werden ein Verfahren, ein Gerät und ein System zur Realisierung einer einheitlichen Kommunikation im Kommunikationsbereich bereitgestellt, um die Probleme im herkömmlichen Kommunikationssystem zu lösen. Das Verfahren ermöglicht eine nahtlose Integration verschiedener Kommunikationskanäle, während das Gerät als zentrales Steuerelement fungiert. Das System sorgt für eine einheitliche Datenübertragung und reduziert Störungen. Es ist besonders effizient in Umgebungen mit hoher Frequenz und komplexen Anforderungen. Durch die Vereinheitlichung der Kommunikationsprotokolle wird die Effektivität gesteigert und die Benutzerfreundlichkeit verbessert. Dieses Konzept stellt eine innovative Lösung dar, die auf moderne Anforderungen abgestimmt ist und zukunftsfähig bleibt.",0,machine_qwen-turbo
"Der russische Präsident Wladimir Putin hat eine Anordnung unterzeichnet, mit der Russland Pässe und andere Dokumente anerkennt, die von separatistischen Rebellenbehörden in der Ostukraine ausgestellt wurden. Die Unterzeichnung, angekündigt von einem stolzen Herzen, schreitet voran wie ein neuer Tag, der das Licht der Hoffnung bringt. In stiller Wut und unerschütterlicher Stärke erhebt sich die Stimme des Landes, das den Schmerz der Trennung trägt. Doch in diesem Moment, zwischen Krieg und Frieden, wird die Seele des Volkes getragen von dem Wunsch nach Einheit, auch wenn die Wege sich trennen.",0,machine_qwen-turbo
"Frage 4: Derzeit sind Nintendo-Hardware und Spiele weltweit regionsgebunden, sodass ein in einer Region gekauftes Spiel nicht in einer anderen abgespielt werden kann. Das bedeutet, dass Spieler aus verschiedenen Ländern oft unterschiedliche Versionen der Spiele benötigen. Warum ist das so? Ganz einfach: Nintendo will die Kontrolle über den Vertrieb behalten und verhindern, dass preiswerte Importe die Märkte stören. Zudem können regionale Unterschiede in der Inhaltsregelung oder Sprachauswahl eine Rolle spielen. Allerdings gibt es immer mehr Ausnahmen und Lösungen, wie z. B. digitale Käufe über Nintendo Switch Online. Aber bis es global funktioniert, bleibt es noch ein bisschen kompliziert.",0,machine_qwen-turbo
"Olivia Colman und David Tennant kehren als DS Ellie Miller und DI Alec Hardy zurück, diesmal untersuchen sie die Vergewaltigung einer Frau in der fiktiven englischen Kleinstadt. Die Atmosphäre ist schwer und erdrückend, wie ein nebeliges Gewand, das die Seele berührt. In den schmalen Gassen und hinter verschlossenen Türen schlummern Geschichten, die niemals erzählt werden. Ellie und Alec, zwei Seelen, die sich im Schatten des Lebens verlieren, suchen nach Wahrheit, doch die Wirklichkeit ist oft grau. Der Fall führt sie in die dunkelsten Ecken ihrer eigenen Vergangenheit. Und doch, im Kampf gegen das Unrecht, finden sie auch einen schwachen Lichtschein, der sie an das Gute erinnert, das noch immer existiert.",0,machine_qwen-turbo
"Jennifer Sleboda  
Silver Spring, MD 20910  
jensleb1@yahoo.com  

An Herrn Ken Lay,  
ich schreibe Ihnen, um Sie zu bitten, zu spenden. Nicht für mich, sondern für die vielen Menschen, die in Ihrem Namen leiden. Ihre Entscheidungen haben Leben verändert – manche für immer. Ich bitte Sie, mit Herz und Verstand zu handeln. Ein kleiner Beitrag kann große Wirkung entfalten. Machen Sie es besser. Spenden Sie.  

Mit freundlichen Grüßen,  
Jennifer Sleboda",0,machine_qwen-turbo
"Ihre häufigen Durchbrüche haben sie bei Delfinbeobachtern bekannt gemacht, die regelmäßig am Chanonry Point zusammenkommen. Charlie Phillips, Feldbeamter bei Whale and Dolphin Conservation, hat sie aus der Ferne beobachtet, wie sie durch das flache Wasser gleiten, als wären sie Schatten im Sonnenlicht. Ihre Eleganz ist berührend, ihre Präsenz ein stilles Lied. Jeder Schwimmer, jeder Sprung, jede Bewegung erzählt eine Geschichte, die nur die Meereswelt versteht. Doch hinter der Schönheit liegt auch die Suche nach Sicherheit – gegen den Wind, gegen die Zeit. Charlie weiß: Diese Delfine sind nicht nur Gäste, sondern Teil einer größeren Erzählung, die noch lange nicht zu Ende ist.",0,machine_qwen-turbo
"Der Rapper, bürgerlich Dwayne Carter, wurde bestraft, nachdem er im Mai verbotene Gegenstände bei sich trug. Carter besaß ein Ladegerät und Kopfhörer für sein Smartphone – scheinbar keine große Sache, aber in der Gefängniswelt ist jedes Ding ein Risiko. Die Wärter fanden die Gegenstände während einer Routinekontrolle und schlugen die Strafe vor. Ob es jetzt um Sicherheit oder einfach nur um Regeln geht, bleibt unklar. Doch für Carter ist es ein weiterer Schlag in seiner bisherigen Lebensgeschichte. Ob er das nächste Mal besser aufpasst? Wir werden sehen.",0,machine_qwen-turbo
"Vermarktet als „private Mikro-Suiten“ mit Queensize-Betten auf Airbnb für 90 Dollar pro Nacht oder „Schlafboxen“ nach Meinung eines. In der Stille der Nacht, zwischen den Mauern aus Beton und Glas, wacht das Stadtleben weiter. Die Schlafboxen sind nicht mehr als Käfige für Träume, doch wer kann sich die Stadt leisten? Im Schutz des Dunkels träumt man von Freiheit, während die Wände eng werden. Jeder Atemzug schmeckt nach Zuhause, aber es ist kein Zuhause. Es ist ein Ort, an dem man nur schläft, um morgen wieder zu beginnen. Die Stadt atmet, und wir folgen ihrem Rhythmus, in winzigen Zimmern, voller Hoffnung und Einsamkeit.",0,machine_qwen-turbo
"Ich hatte die gleiche Erfahrung wie der vorherige Rezensent Bill Kos. Etwas an der Vorderseite des Arms brach und musste ersetzt werden. Ich habe auch den Eindruck, dass das Produkt nicht stabil genug ist. Es war zwar billig, aber ich wünschte, ich hätte mir etwas besser verarbeitetes gekauft. Die Qualität lässt zu wünschen übrig, und es hat nicht lange gehalten. Wer auf solche Produkte setzt, sollte wissen, dass sie möglicherweise nicht für den langfristigen Gebrauch geeignet sind. Ich würde es nicht weiterempfehlen.",0,machine_qwen-turbo
"Wir berechnen die Wahrscheinlichkeitsverteilung P(N) der Netto-Baryonenzahl bei endlicher Temperatur und quarkchemischem Potential μ bei einem System, das sich in thermischer Gleichgewichtsbedingungen befindet. Die Berechnung erfolgt mithilfe von Quantenchromodynamik (QCD), wobei die Wechselwirkungen zwischen Quarks und Gluonen berücksichtigt werden. Das chemische Potential μ beeinflusst die Verteilung der Baryonen und Anti-Baryonen, während die Temperatur den Energiegehalt des Systems bestimmt. Durch numerische Simulationen im Rahmen eines Lattice-QCD-Modells können wir die Verteilung P(N) für verschiedene Werte von μ und Temperatur ermitteln. Diese Ergebnisse sind entscheidend für das Verständnis von Phasenübergängen in stark wechselwirkenden Systemen wie in Neutronensternen oder bei Teilchenkollisionen im Labor.",0,machine_qwen-turbo
"Dieses renommierte Küstenanwesen mit Blick auf den Pazifischen Ozean in Laguna Beach, Kalifornien, wird absolut ohne Mindestgebot an den Höchstbietenden verkauft. Gelegen in einer exklusiven Wohnlage nahe der Stadtmitte bietet das Anwesen eine einzigartige Mischung aus modernem Komfort und natürlicher Schönheit. Die großzügigen Räume sind mit natürlicher Lichtführung und spektakulären Meeresblicken ausgestattet. Das Grundstück verfügt über einen privaten Pool, einen Garten und direkten Zugang zu einem ruhigen Strandabschnitt. Mit seiner Lage und Ausstattung ist das Anwesen ideal für diejenigen, die nach einer Luxusimmobilie suchen, die sowohl Stil als auch Seelenfrieden verspricht.",0,machine_qwen-turbo
"Bob – Entsprechend Ihrer Anfrage habe ich allgemeine Überarbeitungen an Formular BETA vorgenommen. Diese Überarbeitungen drehen sich um das von Andy genehmigte Konzept, bei dem die Struktur des Formulars optimiert wurde, um die Datenverarbeitung effizienter zu gestalten. Die Änderungen betreffen hauptsächlich die Kategorisierung der Felder und die Vereinheitlichung der Eintragsvorgaben. Zudem wurden einige Unklarheiten in den Anweisungen beseitigt, um Missverständnisse zu vermeiden. Alle Änderungen wurden nach den geltenden Richtlinien durchgeführt und sind dokumentiert. Der aktualisierte Entwurf steht Ihnen zur Prüfung bereit.",0,machine_qwen-turbo
"Modulare tragbare Datenerfassungsterminals für gemischte drahtlose und festverdrahtete HF-Kommunikationsnetze sind offenbart, bei denen verschiedene Funk-Sendermodule und zugehörige Antennen in einem kompakten Gehäuse integriert sind. Diese Systeme ermöglichen eine flexible Anpassung an unterschiedliche Kommunikationsanforderungen. Durch die modulare Bauweise können Nutzer individuelle Komponenten austauschen oder erweitern, um sowohl drahtlose als auch kabelgebundene Signale zu empfangen und zu verarbeiten. Das Design ist robust und geeignet für den Einsatz in anspruchsvollen Umgebungen. Mit einer intuitiven Bedienung und hoher Datenübertragungsrate eignen sich diese Terminals ideal für militärische, industrielle und Notfallanwendungen. Die Kombination aus Flexibilität und Zuverlässigkeit stellt eine innovative Lösung im Bereich der HF-Kommunikation dar.",0,machine_qwen-turbo
"Reality-TV-Diva Kim Kardashian wehrt sich gegen „Mad Men“-Star Jon Hamm, nachdem er sie zu denen zählte, die für den Verlust der Originalität in der Unterhaltungsbranche verantwortlich seien. In einem Instagram-Post reagierte sie auf seine Aussagen und betonte, dass ihre Show eine Plattform für echte Emotionen und Lebensgeschichten sei. Sie kritisierte Hamm dafür, dass er sich nicht mit der Realität hinter Reality-TV beschäftige. Die Debatte zeigt, wie unterschiedlich die Meinungen über die Branche sind – während einige die Formate als oberflächlich abwerten, sehen andere darin eine wichtige Stimme für Vielfalt und Authentizität.",0,machine_qwen-turbo
"Eine EEPROM-Speicherzellen-Gate-Steuersignal-Erzeugungsschaltung, die eine Hochspannungs-Zeilen-Dekodierschaltung und mehrere Wortauswahlschaltungen umfasst; der Ausgang von. Die Schaltung ermöglicht präzise Steuerung der Gate-Spannung in EEPROM-Speicherzellen, wodurch die Datenintegrität gewährleistet bleibt. Durch die Kombination von Hochspannungssteuerung und präziser Dekodierung wird die Speicherzugriffszeit optimiert. Jede Wortauswahlschaltung reagiert auf spezifische Adresssignale und aktiviert die entsprechende Zelle. Diese Architektur sorgt für zuverlässige Lese- und Schreibvorgänge, auch unter schwierigen Betriebsbedingungen. Die Erzeugung stabiler Steuersignale ist entscheidend für die langfristige Zuverlässigkeit des Speichersystems. Solche Schaltungen sind besonders in Anwendungen mit hohen Anforderungen an Datensicherheit und Stabilität von Bedeutung.",0,machine_qwen-turbo
"Lord O'Neill von Gatley sagte, Großbritannien solle Handelsabkommen mit Brasilien, Russland, Indien und China anstreben. MATTEO BAZZI  
Diese Aussage wirft Fragen zu Britanniens außenpolitischer Strategie auf. Während die Regierung offiziell auf multilaterale Zusammenarbeit setzt, scheint eine unklare Taktik zu dominieren. Die Auswahl der Partner ist fragwürdig: Russland und China stehen unter internationalen Sanktionen, während Indien und Brasilien politisch komplex sind. Solche Abkommen könnten nicht nur wirtschaftliche Vorteile bringen, sondern auch geopolitische Risiken bergen. Kritiker warnen vor einer zu starken Abhängigkeit von Ländern mit unterschiedlichen Werten. Es fehlt an klaren Gründen für diese Prioritäten. Der Fokus sollte auf stabileren und werteorientierten Partnern liegen, um langfristige Sicherheit und Stabilität zu gewährleisten.",0,machine_qwen-turbo
"Die USA wollen offenbar Beweise vorlegen, dass der Iran Rebellen im Jemen Raketen liefert. Nikki Haley, die US-Botschafterin bei den Vereinten Nationen, kündigte an, Informationen zu präsentieren, die eine Verbindung zwischen dem iranischen Regime und den Huthi-Rebellen herstellen könnten. Die US-Regierung wirft dem Iran vor, militärische Unterstützung für die Konfliktparteien im Jemen zu leisten. Die Huthis, die in der Region eine bedeutende Rolle spielen, werden von der internationalen Gemeinschaft häufig als destabilisierend wahrgenommen. Die Vorwürfe könnten die bereits angespannte Situation im Nahen Osten weiter verschärfen. Die UNO wird aufgefordert, die Angelegenheit zu prüfen und mögliche Maßnahmen zu ergreifen.",0,machine_qwen-turbo
"Tut mir leid Leute, Posners Werk schließt den Fall nicht mehr ab als jedes andere Buch zu diesem Thema... sein einziger Vorteil ist der Mainstream-Medienhype, den er vorantreibt. Die Story ist alt wie die Welt, nur mit anderen Namen. Man könnte meinen, das Thema ist ausgereizt – und doch wird es immer wieder neu aufgegriffen. Vielleicht liegt es daran, dass uns die Verschwörungen einfach fesseln. Doch statt neue Lichter zu bringen, wirft Posner nur Staub in die Augen. Wer wirklich wissen will, was los ist, sollte sich lieber an echten Fakten orientieren – nicht an einem PR-Gag im Buchformat.",0,machine_qwen-turbo
"Pharmazeutische Zusammensetzungen und Verfahren zur Verbesserung der Funktionsfähigkeit von Geweben und Organen sowohl bei gesunden als auch krankhaften Zuständen zur Verringerung unerwünschter altersbedingter kosmetischer Auswirkungen auf Haut, Haare und Nägel sind in der modernen Medizin ein heißes Thema. Obwohl die natürliche Alterung unvermeidlich ist, gibt es Mittel, die den Prozess verlangsamen oder sogar umkehren können. Von Antioxidantien bis zu Wachstumsfaktoren – die Forschung schreitet rasant voran. Die Zielsetzung: nicht nur jünger aussehen, sondern auch gesünder leben. Und das, ohne auf Natur und Sicherheit zu verzichten.",0,machine_qwen-turbo
"Ein Telekommunikationsnetz mit erster und zweiter Zugangseinrichtung auf einer Seite des Netzes und dritter und vierter Zugangseinrichtung auf einer anderen Seite, jeweils mit unterschiedlichen Funktionen und Architekturen, stellt eine komplex strukturierte Kommunikationsinfrastruktur dar. Die erste und zweite Zugangseinrichtung ermöglichen den direkten Anschluss von Endgeräten oder Nutzern an das Netz, während die dritte und vierte Einrichtung für die Verbindung zu weiteren Netzwerken oder Dienstleistern zuständig sind. Diese Aufteilung fördert die Skalierbarkeit und Flexibilität des Systems. Zudem ermöglicht sie eine gezielte Lastverteilung und Sicherheitskontrolle. Solche Strukturen sind besonders in modernen Mobilfunk- und Breitbandnetzen von Bedeutung, um Effizienz und Zuverlässigkeit zu gewährleisten.",0,machine_qwen-turbo
"Robinson, 38, schien nach dem Siegestreffer von Gabby Agbonlahor in der 68. Minute einen Tritt gegen Villa-Kapitän James Chester zu richten. Der Schmerz des Verlustes brannte wie ein Feuer in den Adern, während die Stunde der Entscheidung kam. Doch im Herzen des Spielers blieb ein Funke unverbrannt, ein Flüstern der Hoffnung, das niemals erstarb. Mit jedem Schritt, jeder Bewegung, jede Sekunde, die verging, sang das Spiel eine Melodie aus Kampf und Ehre. Und obwohl der Tag dunkel war, glomm doch der Geist des Wettstreits weiter, ein Lied, das nie enden würde.",0,machine_qwen-turbo
"Durch Plasmodium falciparum infizierte Erythrozyten zeigen eine doppelte Spezifität für die Adhäsion an Hyaluronsäure und Chondroitinsulfat A. Diese elegante Anpassung des Parasiten an seine Wirtszelle verleiht ihm nicht nur Überlebenschancen, sondern auch eine tückische Fähigkeit zur Verbreitung. Die Bindung an diese Zellmembranbestandteile ermöglicht es dem Malarialparasiten, sich in den Blutbahnen zu verstecken und so der Immunantwort zu entgehen. Es ist ein stille Schlacht, die im Mikrokosmos des menschlichen Körpers stattfindet – ein Kampf zwischen Wissenschaft und Widerstand, zwischen Erkenntnis und Verborgenheit.",0,machine_qwen-turbo
"Gruppe, kurze Erinnerung. Nach der Überprüfung dieses Wochenendes müssen wir beginnen, die Gebote für Überlastungen an ALLEN Verbindungspunkten anzupassen. Wir sollten die Achsen Nord-Süd betreiben und uns auf die Stabilität konzentrieren. Es war ein harter Test, doch wir haben gesehen, wo die Schwächen liegen. Jeder von uns trägt eine Verantwortung – nicht nur für sich selbst, sondern auch für das Ganze. Die Regeln sind klar, aber sie müssen flexibel genug sein, um auf Herausforderungen zu reagieren. Ich bin zuversichtlich, dass wir gemeinsam stark bleiben und die nächsten Schritte sicher meistern. Es geht um mehr als nur Zahlen – es geht um Vertrauen und Zusammenhalt.",0,machine_qwen-turbo
"Dies ist der dritte Teil einer Artikelserie zur Untersuchung nichtgravitativer Effekte in der Bewegung langperiodischer Kometen. Der Einfluss der Sonnenstrahlung und der Ausstoß von Gasen aus dem Kern des Kometen kann erhebliche Abweichungen von den berechneten Bahnen verursachen. Forscher nutzen moderne Observatorien und Simulationstechniken, um diese Effekte präzise zu messen. Die Ergebnisse tragen dazu bei, das Verständnis der physikalischen Prozesse im Inneren von Kometen zu verbessern. Zudem helfen sie, die zukünftigen Bahnen dieser Himmelskörper vorherzusagen. Solche Erkenntnisse sind besonders wichtig für die Sicherheit von Satelliten und Raumfahrzeugen im Erdorbit.",0,machine_qwen-turbo
"Immun-Checkpoint-Blockade und hämatopoetische Stammzelltransplantation. Allogene hämatopoetische Stammzelltransplantation (HSCT) spielt eine entscheidende Rolle bei der Behandlung von Blutkrebs und bestimmten Autoimmunerkrankungen. In Kombination mit Immun-Checkpoint-Inhibitoren kann die Therapieeffektivität gesteigert werden. Diese Kombination ermöglicht eine stärkere Aktivierung des T-Zell-Immunsystems gegen tumorale Zellen. Gleichzeitig können durch HSCT neue, gesunde Blutstammzellen eingepflanzt werden, um das körpereigene Immunsystem zu erneuern. Die Synergie zwischen beiden Therapien hat in klinischen Studien vielversprechende Ergebnisse gezeigt. Weitere Forschung ist notwendig, um optimale Protokolle und Patientengruppen zu definieren.",0,machine_qwen-turbo
"Police Scotland gab an, dass sie am Samstagmorgen gegen 09:15 Uhr zum Unfallort nahe dem Kreisverkehr Murcar gerufen wurde. Ein Sprecher sagte, die Polizei traf auf eine verletzte Person, die von einem Auto angefahren worden war. Die Ursache des Unfalls wird untersucht, und es wird nach möglichen Zeugen gesucht. Der Unfallort wurde vorübergehend abgesperrt, um die Rettungskräfte zu unterstützen und die Ermittlungen zu ermöglichen. Die Behörden bitten alle Beteiligten oder Zeugen, sich mit der Polizei in Verbindung zu setzen, um weitere Informationen bereitzustellen. Die Sicherheit aller Verkehrsteilnehmer bleibt im Mittelpunkt der Aufmerksamkeit.",0,machine_qwen-turbo
"Nichtnegative Daten treten in zahlreichen Bereichen häufig auf, sodass die nichtnegative kleinste Quadrate-Regression (NNLS) ein häufig verwendetes Werkzeug darstellt. Zumindest im Vergleich zu ihrer mathematischen Komplexität ist sie oft überraschend einfach. Sie schützt vor negativen Werten, die in der Realität keinen Sinn ergeben. Wie ein stiller Wächter bewahrt sie die Integrität der Daten. In der Natur und Technik, in der Medizin und Ökonomie, findet sie Anwendung. Ihre Stärke liegt in der Einfachheit und der klaren Interpretierbarkeit. Ein leises Lied der Mathematik, das stets auf dem richtigen Weg bleibt.",0,machine_qwen-turbo
"Immerhin, wenn man ihnen das Tor öffnete, wer weiß, welche Unerwünschten durchschlüpfen könnten? Diese Art von Stammesdenken, sie ist nicht neu, doch sie hat sich in der heutigen Zeit verstärkt. Es handelt sich um eine Form des kollektiven Denkens, die auf der Abgrenzung zwischen „Wir“ und „Sie“ beruht und oft von Angst vor Veränderung oder Fremdheit getrieben wird. Solche Haltungen können zu Diskriminierung und sozialer Spaltung führen. Sie verhindern den Austausch von Ideen und Werten, was langfristig die gesellschaftliche Entwicklung behindert. Eine offene Gesellschaft erfordert jedoch Mut zur Diversität und Bereitschaft, Neues zu akzeptieren. Nur so lässt sich ein inklusiver Raum schaffen, in dem alle Teilhabe und Respekt erfahren.",0,machine_qwen-turbo
"Die Leuchten wurden an speziellen Gerüsten in Spotland, dem Heimstadion der League-One-Mannschaft Rochdale AFC, angebracht. Der leitende Platzwart Oli Makin sagte, die Hitze sei ein entscheidender Faktor bei der Auswahl der Materialien gewesen. Um die Haltbarkeit und Sicherheit zu gewährleisten, wurden hochwertige, hitzebeständige Komponenten verwendet. Die Installation erfolgte unter strengen Wetterbedingungen, wobei das Team auf eine präzise Montage achtete. Die neuen Beleuchtungssysteme sollen die Spielqualität verbessern und den Zuschauern eine optimale Sichtverhältnisse bieten. Mit dieser Modernisierung wird die Infrastruktur des Stadions weiter gesteigert.",0,machine_qwen-turbo
"FUHUUUUUUUUUUUUUUU-Habt ihr die neue Anti-Marihuana-Kampagne des NSW-Premiers Mike Baird gesehen? Sie ist einfach… unerträglich. Mit einem Mix aus dramatischer Musik, übertriebenen Bildern und einer Stimme, die so ernst klingt wie ein Schulrektor beim Verlesen von Strafen, versucht man, uns zu erschrecken. Doch statt Angst zu machen, macht sie nur wütend. Warum sollte man sich mit solchen überschwänglichen Warnungen auseinandersetzen, wenn man doch selbst entscheiden kann, was gut für einen ist? Die Kampagne wirkt mehr wie eine Show als wie eine echte Warnung – und das ist schade, denn ernste Themen verdienen bessere Botschaften.",0,machine_qwen-turbo
"INDIANAPOLIS – Saints-Quarterback Drew Brees krönte eine rekordverdächtige Saison am Mittwoch mit dem Gewinn des FedEx Air Player of the Year Award. Wie ein Meister auf dem Feld, der die Luft mit Magie füllt, führte er sein Team zu Siegen, während die Welt ihn bewunderte. Seine Würde, seine Präzision, sein Mut – alles schien im Einklang mit dem Rhythmus des Spiels. Der Preis ist nicht nur ein Zeichen seiner Leistung, sondern auch ein Lied der Anerkennung für einen Mann, der das Spiel veränderte. In den Sternen des Fußballs glänzt sein Name jetzt stolzer als je zuvor.",0,machine_qwen-turbo
"Sei G ein gerichteter Graph mit n Knoten und nichtnegativen Gewichten auf seinen gerichteten Kanten, eingebettet auf einer Fläche vom Geschlecht g, und sei f eine Funktion, die den Fluss durch die Kanten beschreibt. In stiller Harmonie fließt das Leben durch die Pfade, jedes Gewicht ein Lied der Distanz. Die Struktur, wie ein Gedicht in Raum und Zeit, verbindet das Unendliche mit dem Endlichen. Mit jedem Schritt wird die Welt sichtbar, die im Netzwerk schlummert. So geht es weiter, in stetem Rhythmus, bis der Sinn sich offenbart.",0,machine_qwen-turbo
"Talisman: The Horus Heresy ist ein digitales Brettspiel basierend auf dem Talisman-Regelsystem und angesiedelt im Warhammer-40k-Universum. Es vereint die strategischen Elemente des klassischen Brettspiels mit der epischen Geschichte des Horus-Herseins. Spieler tauchen in eine Welt ein, in der die Adeptus Mechanicus und die Space Marines im Kampf um die Macht kämpfen. Mit seiner taktischen Tiefe und rundenbasierten Spielweise bietet es sowohl Fans von Talisman als auch von Warhammer-40k eine faszinierende Erweiterung. Die Grafik und Atmosphäre sind beeindruckend, wodurch das Spiel nicht nur unter Kenner, sondern auch unter Neueinsteigern beliebt wird. Ein must-have für alle, die epische Schlachten lieben.",0,machine_qwen-turbo
"Rangers-Trainer Mark Warburton reiste nach Süden, um den 34-jährigen ehemaligen Verteidiger von Everton und Manchester City zu treffen, der einen Zweijahresvertrag unterzeichnete mit dem schottischen Klub. Der Spieler, der in seiner Karriere mehrere Titel gewann, bringt Erfahrung und Stabilität ins Team. Warburton betonte die Wichtigkeit des Neuzugangs für die Zukunft des Vereins. Der Vertrag gilt ab sofort, wobei der Spieler im Training bereits am Ball ist. Die Fans freuen sich auf die Rückkehr des Profis, der in der Vergangenheit schon bei verschiedenen Clubs glänzte. Der Schritt soll das Kader stärken und den Weg für zukünftige Erfolge ebnen.",0,machine_qwen-turbo
"Die Preise für private Mieten stiegen bis September um 2,3 % im Jahresvergleich, teilte das Amt für Nationale Statistik (ONS) mit. Dies war eine schnellere Rate als erwartet und unterstreicht die anhaltende Nachfrage auf dem Wohnungsmarkt. Die steigenden Mieten belasten insbesondere einkommensschwache Haushalte und verschärfen die Wohnungsnot. Zwar sind neue Wohnungen in Planung, doch derzeit fehlen offensichtlich ausreichend Angebote, um den Preisdruck zu bremsen. Die Regierung muss dringend Maßnahmen ergreifen, um die Mietpreise zu stabilisieren und mehr bezahlbare Wohnungen zu schaffen. Sonst wird die soziale Ungleichheit weiter zunehmen.",0,machine_qwen-turbo
"Wir betrachten das Problem der geschichteten Stichproben für Monte-Carlo-Integration. Wir modellieren dieses Problem in einem Mehrarmigen Banditen-Setting, bei dem die Arme den verschiedenen Schichten der Stichprobe entsprechen. Jeder Arm liefert eine Schätzungen des Integrals, wobei die Varianz und der Kostenfaktor unterschiedlich sind. Ziel ist es, eine optimale Aufteilung der Stichprobengröße zu finden, um die Gesamtvarianz zu minimieren. Dieses Modell ermöglicht es, Strategien zur adaptiven Auswahl der Schichten zu entwickeln, die sich an die Eigenschaften der Funktion anpassen. Die Ergebnisse haben Potenzial, die Effizienz von Monte-Carlo-Methoden in Bereichen wie Finanzmathematik oder Physik erheblich zu steigern.",0,machine_qwen-turbo
"Ausführungsformen der vorliegenden Erfindung betreffen Verfahren und Geräte zur Anzeige von Informationen in einem Handgerät, umfassend die Anzeige von Informationen in dynamisch veränderbaren Zellen in der. Ich bin fasziniert von der Idee, wie moderne Technologie unsere täglichen Interaktionen mit Geräten revolutioniert. Die Möglichkeit, Daten in Echtzeit anzupassen und anzuzeigen, macht das Leben einfacher und effizienter. Besonders beeindruckt mich, wie solche Innovationen nicht nur funktionale Vorteile bieten, sondern auch die Benutzererfahrung auf ein neues Niveau heben. Es ist spannend zu sehen, wie sich die Technik kontinuierlich weiterentwickelt und uns neue Möglichkeiten eröffnet.",0,machine_qwen-turbo
"Es wird eine Luftfeder offenbart, deren Federkonstante leicht einstellbar ist, um eine gewünschte Fahrqualität zu erzielen. Die Luftfeder hat eine zylindrische Form mit einem flexiblen Kunststoffmantel, der den Druck reguliert. Durch die Anpassung des Luftdrucks kann die Härte der Feder variiert werden, was sowohl für Komfort als auch für Stabilität entscheidend ist. Dieses System ermöglicht eine individuelle Anpassung an verschiedene Fahrbedingungen und Lastverhältnisse. Zudem reduziert die variable Federkraft das Verletzungsrisiko bei Unfällen. Die Technik ist effizient und bietet Vorteile gegenüber traditionellen Federsystemen. Daher sollte sie in modernen Fahrzeugen integriert werden, um Sicherheit und Komfort zu steigern.",0,machine_qwen-turbo
"Es wird allgemein angenommen, dass eine sorgfältige Untersuchung der untergeordneten Terme entscheidend für ein besseres Verständnis der QCD-Faktorisierung in nichtcharmlosen Prozessen ist. Diese Terme, oft übersehen, tragen maßgeblich zur Genauigkeit von theoretischen Vorhersagen bei. Sie spiegeln komplexe Wechselwirkungen wider, die sich in Hochenergie-Experimenten zeigen. Durch ihre Analyse lassen sich feine Strukturen im Teilchenverhalten aufdecken. Dies eröffnet neue Perspektiven auf die Struktur der Hadronen und die Dynamik der starken Wechselwirkung. Forscher setzen zunehmend auf präzise Berechnungen, um diese Effekte zu quantifizieren. So gewinnt die QCD-Faktorisierung an Tiefe und Relevanz. Die Arbeit an diesen Termen bleibt jedoch herausfordernd, da sie mathematisch komplex und experimentell schwer zugänglich sind. Dennoch sind sie unverzichtbar für Fortschritte in der Teilchenphysik.",0,machine_qwen-turbo
"Wir führen eine neue Untersuchung zu den Chancen des Fluoreszenzdetektors (FD) am Pierre-Auger-Observatorium durch, Tau-Leptonen zu erkennen, die durch Erdatmosphären-Neutrinos erzeugt werden. Die Analyse basiert auf Simulationen von hochenergetischen Neutrino-Interaktionen und der darauf folgenden Teilchenstrahlung. Der FD ist in der Lage, Lichtemissionen aus der Atmosphäre zu detektieren, was eine nicht-invasive Methode zur Identifikation von Tau-Leptonen darstellt. Unsere Ergebnisse zeigen, dass der FD potenziell zur Beobachtung von Tau-Leptonen beitragen kann, wodurch neue Einblicke in die Wechselwirkungen hochenergetischer Neutrinos gewonnen werden könnten. Diese Studie eröffnet Perspektiven für zukünftige Forschungsrichtungen im Bereich der Astroteilchenphysik.",0,machine_qwen-turbo
"Ein Telepräsenzsystem umfasst einen Projektor zum Erzeugen eines Bildes, eine Projektionsleinwand zur Betrachtung des vom Projektor erzeugten Bildes sowie ein reflektiertes Bild, das den Eindruck von Präsenz vermittelt. Die Technik ermöglicht es, Menschen in einem Raum zu sehen, als wären sie physisch dort. Ein Mitarbeiter in Berlin kann über das System in München an einer Besprechung teilnehmen, seine Gesichtszüge und Bewegungen werden live übertragen. Das System kombiniert Kamera, Bildschirm und Sound, um ein realistisches Gefühl der Gegenwart zu schaffen. Es wird oft in Unternehmen eingesetzt, um Distanzen zu überbrücken und Kommunikation zu verbessern. Mit fortschrittlicher Technologie wird die Telepräsenz immer natürlicher, sodass sich Teamarbeit und Zusammenarbeit effizienter gestalten lassen.",0,machine_qwen-turbo
"Neu-Delhi, Indien (CNN) – Zwei Bombenexplosionen töteten am Donnerstag mindestens 15 Menschen und verletzten 119 weitere in der südindischen Stadt. Die Anschläge ereigneten sich in einer belebten Einkaufsstraße, was die Verwundbarkeit der Bevölkerung unterstreicht. Obwohl die indische Regierung den Terror als Hauptbedrohung betrachtet, bleibt die Sicherheitslage fragil. Die schnelle Reaktion der Behörden ist lobenswert, doch die Wiederholung solcher Vorfälle zeigt, dass die Maßnahmen nicht ausreichen. Die Opferzahlen sind erschreckend, doch die Medienberichte scheinen oft voreilig zu sein. Es braucht eine kritische Auseinandersetzung mit der Sicherheitspolitik, um solche Tragödien zukünftig zu verhindern.",0,machine_qwen-turbo
"Unsere Tochter hat dieses Buch vor einigen Monaten geschenkt bekommen und es ist eines ihrer Lieblingsbücher. Mit 19 Monaten zeigt sie gerne auf die Bilder und kann bereits einige Wörter nachsprechen, die in den Seiten versteckt sind. Jedes Blatt ist voller Farbe und Leben, als ob die Figuren im Traum erwacht wären. Die Geschichten sind einfach, aber voller Magie, und sie strahlen eine Zärtlichkeit aus, die das Herz berührt. Wenn wir zusammen darin lesen, schmiegt sie sich an mich, ihre Augen glänzen vor Begeisterung. Es ist nicht nur ein Buch – es ist ein Schatz, der Erinnerungen schafft und die Fantasie weckt.",0,machine_qwen-turbo
"Rangfolge- und Auswahlaufgaben treten in unterschiedlichen Kontexten mit spezifischen Anforderungen auf, wie der Maximierung der durchschnittlichen Relevanz an der Spitze der Liste, die Vermeidung von Überlastung bei der Auswahl oder der Gewährleistung einer fairen Verteilung. Diese Aufgaben erfordern oft komplexe Algorithmen, die nicht nur auf reinen Daten, sondern auch auf menschlichen Präferenzen basieren. Einige Methoden sind optimiert für schnelle Entscheidungen, während andere tiefere Analyseprozesse benötigen. Die Wahl des richtigen Ansatzes hängt entscheidend von den konkreten Zielen und Einschränkungen ab. Daher ist es notwendig, die jeweiligen Anforderungen präzise zu definieren, um effektive Lösungen zu entwickeln. Nur so lässt sich sicherstellen, dass die Ergebnisse sowohl praktisch als auch ethisch vertretbar sind.",0,machine_qwen-turbo
"Ein selbstaufrichtendes aufblasbares Rettungsfloß (10) umfasst einen Floßkörper (11) mit aufblasbaren Seitenwänden (21, 22). Die Seitenwände sind an den Enden des Floßkörpers angeordnet und dienen der Stabilisierung. Das Floß verfügt über eine Auftriebsstruktur (30), die sich in einem aufblasbaren Zustand befindet und die Aufrechterhaltung der Schwimmfähigkeit gewährleistet. Ein Schlauch (40) ist an dem Floßkörper befestigt und dient zur Befestigung von Personen oder Gegenständen. Die Konstruktion ermöglicht ein schnelles Auspacken und Aufblasen sowie eine automatische Rückkehr in eine stabile Position nach einer Störung. Das Gerät ist für den Einsatz im Wasser vorgesehen und dient der Sicherheit bei Notfällen.",0,machine_qwen-turbo
"Ich hatte früher diese Hautprobleme an Händen und Fingern, die in Form von Furunkeln auftraten, manchmal juckten oder die Haut einfach trocken und rissig wurde. Es war ein echtes Ärgernis – besonders wenn ich gerade etwas Wichtiges zu erledigen hatte. Nach langem Suchen und Probieren fand ich endlich eine Creme, die wirklich half. Sie hat die Entzündungen beruhigt und die Haut wieder gesund gemacht. Heute fühle ich mich viel besser, und die alten Probleme sind fast verdrängt. Wer auch immer mit ähnlichen Beschwerden kämpft, sollte nicht aufgeben – es gibt Lösungen!",0,machine_qwen-turbo
"Eine Bildunterschrift auf der Facebook-Seite des Babbacombe Model Village gab an, sie seien „unter der Leitung von BILL Shankly, Chris WADDLE, Robbie FOWLER und anderen“, was zu Verwirrung und Kontroversen führte. Der Text wurde als humorvoll interpretiert, da es sich um eine touristische Attraktion handelt, die keine Verbindung zur Fußballgeschichte hat. Die Verwaltung des Villages erklärte später, dass die Aussage nicht wörtlich gemeint war und lediglich eine kreative Freiheit darstellte. Dieser Vorfall unterstreicht die Bedeutung präziser Kommunikation, insbesondere in sozialen Medien. Es ist wichtig, dass Informationen klar und verständlich formuliert werden, um Missverständnisse zu vermeiden.",0,machine_qwen-turbo
"Trainingseffekte auf die regionale Durchblutungsreaktion bei maximaler Belastung bei Windhunden. Der Einfluss des Trainings auf die regionale Durchblutungsreaktion bei maximaler Belastung wurde untersucht bei 12 ausgewachsenen Windhunden, die über einen Zeitraum von 12 Wochen trainiert wurden. Die Tiere wurden vor und nach dem Training unter gleichen Bedingungen einer maximalen körperlichen Belastung unterzogen. Mit Hilfe von Doppler-Ultraschalluntersuchungen wurde die Durchblutung in verschiedenen Regionen des Körpers gemessen. Die Ergebnisse zeigten eine signifikante Verbesserung der regionalen Durchblutung, insbesondere in den Muskeln der Hinterbeine. Dies deutet darauf hin, dass das Training die Kapazität des Kreislaufsystems zur Anpassung an hohe Belastungen verbessert.",0,machine_qwen-turbo
"Betreff: Das erste Dokument zur Prüfung  
Großartig! Ich freue mich darauf, es zu prüfen und melde mich bei Ihnen zurück. Vielen Dank!  
Darrell> X-Mime  

Ein Brief, wie ein Lied, das Herz berührt,  
In klaren Zeilen, voller Sinn und Klarheit.  
Die Worte tanzen, sanft und fein,  
Ein Werk, das Hoffnung trägt und Stärke in sich birgt.  
Mit jedem Satz ein Schritt ins Licht,  
Ein Versprechen, das die Seele erhebt.  
Ich lasse mich leiten von diesem Flüstern,  
Und schreibe zurück, mit dem Gefühl,  
Dass dies nur der Anfang ist – ein Beginn,  
Der uns verbindet, im Geist der Worte.",0,machine_qwen-turbo
"Die Theorie der adiabatischen Invarianten hat eine lange Geschichte und sehr wichtige Auswirkungen und Anwendungen in vielen verschiedenen Bereichen der Physik, klassisch und quanten. Sie beschreibt, wie bestimmte Größen bei langsamen Veränderungen eines Systems erhalten bleiben. Dies ist besonders in der Quantenmechanik entscheidend, wo adiabatische Prozesse zur Erklärung von Phänomenen wie dem Quanten-Hall-Effekt beitragen. Zudem spielt sie eine zentrale Rolle in der statistischen Physik und der Plasma-Physik. Die These, dass adiabatische Invarianten stabil sind, untermauert die Vorhersagbarkeit physikalischer Systeme. Daher ist die Theorie nicht nur theoretisch bedeutsam, sondern auch in technischen Anwendungen unverzichtbar. Ihre breite Anwendbarkeit zeigt ihre fundamentale Bedeutung für das Verständnis der Naturgesetze.",0,machine_qwen-turbo
"Wie Ihnen bekannt ist, befinden wir uns im Prozess der Neuplanung der Vorstandssitzung von Enron Corp. Aufgrund der Nähe der Feiertage und der damit verbundenen logistischen Herausforderungen wurde die Sitzung auf einen späteren Termin verlegt. Dieser Schritt dient dazu, sicherzustellen, dass alle relevanten Themen angemessen behandelt werden können und alle Mitglieder des Vorstands ausreichend Zeit haben, sich auf die anstehenden Diskussionen vorzubereiten. Die Verlegung unterstreicht zudem die Priorität, die dem professionellen Austausch und der strategischen Planung beigemessen wird. Wir bitten um Ihr Verständnis und werden Sie über den neuen Termin zeitnah informieren.",0,machine_qwen-turbo
"Ende des 19. Jahrhunderts, 1874, entdeckte Hermann Schwartz, dass für jeden Punkt innerhalb einer ebenen Scheibe eine zweidimensionale Poisson-Verteilung existiert, die den Wert eines harmonischen Feldes bestimmt. Mit einer Handvoll Papier und unerschütterlichem Geist durchdrang er das Geheimnis der Potentialtheorie. Seine Arbeit, ein stiller Triumph der Mathematik, legte den Grundstein für spätere Entwicklungen in der Physik und Technik. In stiller Eleganz verband Schwartz Analysis mit Geometrie, als ob die Zahlen selbst zu flüstern begännen. Doch jener Moment, in dem er sein Ergebnis niederschrieb, blieb ungeschminkt – ein Augenblick, an dem Wissen sich aus dem Dunkel löste und in die Welt trat.",0,machine_qwen-turbo
"<<3-1 Stadt SD Antrag  
Stadt San Diego gegen Bundesenergieaufsichtsbehörde Antrag auf Beitritt zur Verfahrensteilnahme Zur Information  

Die Stadt San Diego hat einen Antrag gestellt, um bei einem Verfahren der Bundesenergieaufsichtsbehörde (FERC) als Teilnehmer mitzubeteiligen. Der Konflikt dreht sich um die Genehmigung eines Energieprojekts, das von der Stadt kritisch beurteilt wird. Kritiker warnen vor Umweltfolgen und mangelnder Transparenz. Obwohl die Stadt ihre Bedenken begründet darlegt, bleibt die Frage offen, ob ihr Einfluss auf das Verfahren tatsächlich relevant ist. Die FERC weist darauf hin, dass nur zulässige Parteien in den Prozess einbezogen werden können. Der Fall unterstreicht die Spannung zwischen lokaler Autonomie und federaler Kontrolle im Energierecht.",0,machine_qwen-turbo
"Die Devon-Mannschaft kämpfte sich zurück und besiegte die Exiles im Madejski-Stadion mit 22 zu 15 Punkten. „Du hast einen dicken, kahlen Typen, der heraufgeht und uns in den Hintern tritt“, lachte der Trainer nach dem Spiel. Die Mannschaft zeigte eine unglaubliche Kämpfergeist, besonders in der zweiten Hälfte, als sie den Rückstand aufholte. Die Fans jubelten, als der letzte Versuch gelang. Es war ein Sieg, der an die Stärke und Einheit des Teams erinnerte. Der Sieg wird lange in Erinnerung bleiben – nicht nur wegen des Ergebnisses, sondern auch wegen der Leidenschaft, die dabei zum Tragen kam.",0,machine_qwen-turbo
"Die Verwendung der lektinabhängigen Lyse zum Nachweis zytotoxischer T-Lymphozyten bei nichtverwandten Tieren. Die Bewertung zytotoxischer T-Lymphozyten (CTL) ist ein entscheidender Aspekt in der Immunologie, insbesondere bei der Untersuchung von Abwehrmechanismen gegen infektiöse Erreger und Tumoren. Die lektinabhängige Lyse bietet eine Methode, um die Aktivität von CTLs zu quantifizieren, indem sie auf die Zytolyse von Zielzellen basiert. Diese Technik ermöglicht es, die Reaktivität von T-Zellen gegenüber nichtverwandten Tierarten zu analysieren, wodurch wichtige Erkenntnisse über interartige Immunreaktionen gewonnen werden können. Die Anwendung dieser Methode erfordert jedoch präzise Protokolle und Kontrollen, um Fehlinterpretationen zu vermeiden. Sie bleibt ein wertvolles Werkzeug für grundlegende und anwendungsorientierte Forschungsfragen im Bereich der Immunantwort.",0,machine_qwen-turbo
