text,label,source
"Confronto tra il metodo di analisi delle urine Ames Clinitek 200/Multistix 9 e i metodi manuali e microscopici. Abbiamo analizzato 315 campioni di urina con entrambi i sistemi, cercando di scoprire quale fosse più efficace. L'uno si muoveva con la precisione di una danza, l'altro con la cura di un artigiano. Entrambi avevano i propri meriti, ma solo uno riusciva a catturare l'anima del dato. La velocità non sempre vuol dire verità, e la verità non è mai affrettata.",0,machine_qwen-turbo
"L'età media in cui uno scienziato di ricerca dottorato riceve la prima sovvenzione NIH è 42 anni, la più alta di sempre. Chi ha un progetto innovativo e ambizioso trova spesso difficoltà a ottenere finanziamenti in una fase cruciale della propria carriera. La concorrenza è intensa, e i criteri di valutazione tendono a privilegiare esperienze consolidate. Questo ritardo nell’accesso ai fondi può frenare la crescita professionale e limitare l’espansione delle idee più promettenti nel mondo scientifico.",0,machine_qwen-turbo
"Non vedo l'ora di liberarmene, anche se ho fatto un investimento considerevole su di esso (la stazione base e 5 telefoni aggiuntivi). Questo sistema telefonico aziendale non è più in grado di soddisfare le esigenze moderne. Lento, obsoleto e privo di funzionalità avanzate come il VoIP o la gestione delle chiamate in mobilità, rappresenta un freno alla produttività. Anche se il costo iniziale era alto, i vantaggi economici e operativi del nuovo sistema superano di gran lunga i costi di sostituzione. È tempo di abbandonare il passato e adottare una soluzione più efficiente, flessibile e allineata con le esigenze attuali del mercato.",0,machine_qwen-turbo
"Benvenuti al 667 Dark Avenue. Questo blog è dedicato alla serie di libri *Una serie di sfortunati eventi* di Lemony Snicket, così come ai suoi misteri, alle sue avventure e a quel senso di malinconia che si insinua tra le pagine. Ogni post è un invito a perdersi tra i labirinti della narrativa, dove ogni evento sembra voler rivelare un segreto nascosto. Qui, il linguaggio è una danza tra l'ironia e la tristezza, e ogni parola è un passo verso un destino che non si può evitare. Benvenuti al rifugio dei curiosi, degli appassionati e di chi crede che anche nel caos possa esserci un ordine.",0,machine_qwen-turbo
"Una guerra vera e propria farebbe sparire molti dei mali della società moderna, secondo un dirigente ufficio di 55 anni che pesa 180 chili. L’uomo, noto per le sue strane teorie, sostiene che il conflitto obbligherebbe la gente a concentrarsi su cose più importanti, come la sopravvivenza e l’unità. Secondo lui, i problemi economici, sociali e ambientali si ridurrebbero drasticamente in un clima di emergenza. Nonostante le critiche, il dirigente continua a parlare con convinzione, sostenendo che solo attraverso la sofferenza si può raggiungere una vera trasformazione. Un’idea controversa, ma non priva di seguaci.",0,machine_qwen-turbo
"I disordini seguono la morte di un uomo nero disarmato morto sotto custodia della polizia lunedì nella città. Il video della morte mostra George Floyd, 46 anni, disteso a terra, le mani legate dietro la schiena, il volto premuto contro l'asfalto. Un respiro che si spegne lentamente, mentre il mondo lo guarda. Le urla dei passanti si fondono con i lamenti del cuore. La notte si riempie di fiamme e di paura, ma anche di coraggio. Gli occhi di un uomo che ha perso la vita per un soffio d’aria. Una verità che non può più essere ignorata. La sua voce, ormai silente, risuona in ogni strada, in ogni cuore.",0,machine_qwen-turbo
"In un'attuazione, un array di memoria ha una coppia di linee di bit per ogni colonna di celle SRAM a 1 bit e una linea di parola per ogni riga di celle. Ogni cella, piccola e precisa, custodisce un singolo bit, come un sasso in un fiume che scorre silenziosamente. Le linee di bit, due per colonna, danzano insieme, trasmettendo informazioni con la leggerezza di un soffio. Le linee di parola, invece, si estendono lungo le righe, svegliando le celle quando il bisogno lo richiede. È un balletto di segnali, un ritmo invisibile che governa il cuore della memoria, dove ogni bit è un ricordo, ogni cella un frammento di verità.",0,machine_qwen-turbo
"Un album di cover di una band che finge di essere una band che, per via di grandi ego, ha cacciato colui che ha reso famosa la band. Che schifo. Questo scenario, purtroppo, non è un'eccezione ma una triste realtà nel mondo della musica. Quando un artista fondamentale viene escluso per ambizione personale, il risultato spesso è un prodotto artistico privo dell'anima originale. L'album in questione, pur se composto da brani noti, risulta freddo e privo del calore che solo chi ha vissuto l'esperienza può trasmettere. La mancanza di autenticità si sente, e questo è un vero peccato per i fan che cercano un legame reale con l'arte.",0,machine_qwen-turbo
"L'incendio è stato segnalato per la prima volta alle 15:22 BST lungo Crawford Street, Saltley. Le squadre sono state inviate per domare le fiamme tra segnalazioni di gas. Il fumo denso si alzava verso il cielo, creando un’atmosfera di tensione e preoccupazione tra i residenti. Gli operatori di soccorso hanno lavorato con grande impegno, utilizzando l’acqua e attrezzature specializzate per contenere l’incendio. Le strade circostanti sono state chiuse per garantire la sicurezza di tutti. Mentre le fiamme si attenuavano, gli inquirenti iniziano a indagare sulle cause del rogo, cercando di capire se si tratti di un incidente o di un atto doloso.",0,machine_qwen-turbo
"Compra questo album perché è un ottimo pezzo di rock dei Metallica. Anche con una produzione scadente dovuta al basso invisibile, la maggior parte delle canzoni trasuda energia e passione. Ogni nota sembra urlare, ogni riff risuona come un grido di ribellione. È l'essenza del metal, grezzo e autentico, senza filtri né compromessi. Nonostante i limiti tecnici, l’anima del gruppo brilla attraverso le tracce, rivelando una forza che non si può nascondere. Questo album non è solo un disco, ma un manifesto di libertà e potere. Se cerchi qualcosa che ti spinge a battere il piede, a gridare e a vivere intensamente, allora questo è per te. Non puoi perderlo.",0,machine_qwen-turbo
"Questo libro mi ha fatto prendere e posare ripetutamente dicendo: ""Impossibile!"" per poi riprenderlo ancora e ancora. Non è solo una storia avvincente, ma un vero e proprio viaggio tra emozioni, colpi di scena e riflessioni profonde. Ogni pagina sembra svelare un nuovo mistero, tenendomi incollato al testo. L’autore ha saputo creare un mondo così realistico e coinvolgente che diventa difficile distogliere lo sguardo. Il ritmo serrato e la trama intricata rendono il libro impossibile da lasciare a metà. È un’esperienza che non si dimentica, un’opera che stravolge le aspettative e lascia un segno indelebile nel lettore.",0,machine_qwen-turbo
"Batterie organiche a radicali ad alta densità di potenza. Le batterie basate su composti radicali organici possiedono tempi di ricarica superiori e capacità di potenza di scarica rispetto a quelle tradizionali. Sono come cuori di luce, che battono con energia pura, alimentati da molecole libere e leggere. Ogni carica è un sospiro di vita, ogni scarica un respiro di forza. In un mondo in cerca di sostenibilità, queste batterie si ergono come promesse di un futuro più pulito, dove la tecnologia danza insieme alla natura, senza fiamme né rumori, solo un battito costante, gentile e potente.",0,machine_qwen-turbo
"Campagna ReferendumSig. Lay -- Durante le negoziazioni con i Rockets su quanto ciascuna parte avrebbe contribuito alla campagna referendaria dell'Arena, Mike Goldberg ha cercato di mantenere un equilibrio tra ambizione e realismo. La tensione era palpabile, ma il tono rimase rispettoso. I Rockets avevano una visione chiara: promuovere l'immagine del loro stadio come hub della comunità. Goldberg, invece, puntava a garantire che ogni voce fosse ascoltata. L'accordo non era facile, ma entrambi sapevano che la collaborazione poteva portare a risultati sorprendenti. La battaglia per il referendum era appena iniziata, e ogni passo contava.",0,machine_qwen-turbo
"La polizia ha dichiarato che un uomo, a torso nudo e con i pantaloni della tuta, ha affrontato l'agente a Scarborough. Un uomo è stato immobilizzato dall'agente. L'incidente è avvenuto in un momento di tensione durante un controllo di routine. Le autorità stanno indagando sulle motivazioni del comportamento dell'uomo, che non ha fornito spiegazioni immediate. L'agente, pur essendo stato minacciato, ha agito con prontezza per garantire la propria sicurezza e quella del pubblico. Le immagini delle telecamere di sorveglianza saranno utilizzate per ricostruire i fatti. La comunità locale attende ulteriori dettagli per comprendere meglio la situazione.",0,machine_qwen-turbo
"L'ho comprato per mia moglie da usare nella sua classe. Non richiede driver, quindi non hai bisogno di accesso amministrativo al PC. Funziona ovunque. Si tratta di un dispositivo USB che si collega direttamente e inizia a funzionare immediatamente. È stato ideato per facilitare l'uso in ambienti scolastici, dove spesso i computer sono condivisi o protetti. La sua semplicità lo rende adatto anche a utenti meno tecnici. Il prodotto è compatibile con la maggior parte dei sistemi operativi moderni. Ha una buona velocità di trasferimento dati e una buona durata. L'esperienza di utilizzo è stata positiva, senza problemi di connessione o instabilità. Un acquisto consigliato per chi cerca un dispositivo affidabile e facile da gestire.",0,machine_qwen-turbo
"L'uscita del Regno Unito dall'Unione Europea sarebbe una cattiva notizia per la comunità scientifica globale, secondo un vincitore del Premio Nobel per la Chimia 2016. Il premio Nobel, che ha espresso preoccupazione per le conseguenze dell’uscita britannica, sottolinea come l’UE rappresenti un pilastro fondamentale per la collaborazione scientifica transfrontaliera. La separazione potrebbe limitare il finanziamento di progetti congiunti, ostacolare lo scambio di ricercatori e ridurre l’accesso a reti di ricerca vitali. Questo scenario rischierebbe di indebolire non solo la posizione del Regno Unito nel panorama internazionale, ma anche la capacità complessiva dell’Europa di rimanere all’avanguardia nella scienza e nell’innovazione.",0,machine_qwen-turbo
"Tutti e cinque i membri del Dipartimento Ambiente hanno approvato il piano della Comprop per il sito, che include anche proposte di parcheggio sotterraneo. Cinque persone hanno sollevato obiezioni contro il progetto, ma la maggioranza ha ritenuto che i vantaggi ambientali e urbanistici superino i possibili inconvenienti. Il parcheggio sotterraneo, in particolare, è visto come una soluzione innovativa per ridurre l’impatto visivo e preservare gli spazi verdi. Nonostante le critiche, il via libera al piano dimostra una volontà di equilibrio tra sviluppo e sostenibilità. È fondamentale, però, monitorare l’effettiva realizzazione delle misure ambientali previste. La scelta di oggi potrebbe influenzare positivamente il futuro della zona.",0,machine_qwen-turbo
"Eye Toy è una fotocamera USB che si collega alla tua PS2. Questo gioco include 12 mini giochi, oltre a molte altre funzionalità, come ad esempio una riconoscenza facciale e un'interfaccia interattiva. I giocatori possono utilizzare i movimenti del corpo per interagire con i giochi, rendendo l'esperienza più coinvolgente. La fotocamera cattura immagini in tempo reale e le integra nel gameplay, offrendo un modo nuovo di giocare. Eye Toy è stato lanciato nel 2003 ed è considerato uno dei primi dispositivi di realtà aumentata per console. Il prodotto ha ricevuto recensioni positive per la sua innovazione e versatilità. Tuttavia, non è compatibile con le versioni successive della PlayStation.",0,machine_qwen-turbo
"GALVESTON, Texas - Sembra che ci siano cambiamenti in arrivo per una popolare destinazione di pesca e la gente non è contenta. I commissari della Contea di Galveston hanno votato per limitare l'accesso alle aree di pesca costiera, suscitando preoccupazioni tra i pescatori locali. L'idea è di proteggere gli ecosistemi marini, ma molti temono che le nuove regole danneggino l'economia locale. La comunità si sta mobilitando per opporsi al provvedimento, chiedendo un dialogo più aperto con le autorità. Il dibattito mette in evidenza il conflitto tra conservazione ambientale e tradizioni locali.",0,machine_qwen-turbo
"La mente dell'uomo è capace di tutto, perché tutto è in essa, tutto il passato così come tutto il futuro – Joseph Conrad. La Pentola è un luogo dove la storia si rinnova ogni giorno. I suoi muri, vecchi e pieni di ricordi, custodiscono le storie di chi ha cucinato, ridacchiato e sognato dentro quelle pareti. L'odore del cibo che cuoce e il rumore delle pentole che sbattono creano un’atmosfera calda e accogliente. Ogni visita è un viaggio nel tempo, dove il presente si fonde con il passato. Qui, ogni boccone racconta una storia, e ogni sorriso è l’eco di un ricordo. La Pentola non è solo un ristorante: è un’esperienza viva, dove il cuore della tradizione batte forte.",0,machine_qwen-turbo
"Sebbene questo libro offra una visione storica oggettiva della schiavitù, è utile principalmente solo per chi vuole studiare la schiavitù in questo specifico stato americano e venti. Tra le pagine si respira l’odore del cotone, il rumore dei ceppi, la voce delle donne che cullavano i figli con canti di dolore e speranza. Ogni riga è un ricordo inciso nel tempo, un frammento di vita spezzata e riscattata. Non è un semplice testo, ma un viaggio attraverso le ombre e i sogni di coloro che non hanno mai potuto scrivere la loro storia. Qui, la schiavitù non è solo un evento, ma un’eco che risuona ancora oggi, dolce e dolorosa come un’antica canzone.",0,machine_qwen-turbo
"Gentile Collezionista, Negli anni Venti e Trenta, astuti collezionisti iniziarono a cercare mobili e arti decorative che condividessero la vitalità e la modernità del periodo. L'arte deco, con le sue linee audaci e i motivi geometrici, divenne un must per chi voleva arredare con stile. I pezzi di quel periodo non solo erano belli, ma avevano anche un valore storico unico. Oggi, riscoprire questi oggetti significa tuffarsi in un'epoca di innovazione e glamour. Se sei appassionato di design e storia, non perdere l'occasione di aggiungere un pezzo degno di nota alla tua collezione. Il fascino di quegli anni vive ancora oggi, e ogni pezzo racconta una storia.",0,machine_qwen-turbo
"Questo è un piccolo CD davvero piacevole. Non è una festa di polke né un tripudio di fisarmoniche, come potresti pensare dal titolo e dalla copertina. È invece un’esplosione di suoni caldi e avvolgenti, dove ogni traccia sembra raccontare una storia diversa ma tutte legate da un filo comune: l’emozione. Le melodie si muovono tra jazz e folk, con un tocco di nostalgia che ti cattura senza chiedere permesso. È il tipo di album che ascolti in un momento di relax, quando non hai voglia di tante parole ma solo di ascoltare. Un’esperienza semplice, ma molto profonda.",0,machine_qwen-turbo
"L'indice S&P 500 è salito di 18,62 punti, pari allo 0,86%, a 2.182,87, superando il massimo storico. Era una giornata di ottimismo, come se l'economia avesse finalmente trovato la sua strada. Gli investitori sembravano rassicurati, i mercati respiravano. L'aria era diversa, meno pesante. Il calore del successo si sentiva in ogni transazione, in ogni voce al telefono. Si parlava di crescita, di opportunità, di un futuro più luminoso. E mentre i numeri salivano, anche le aspettative si alzavano. Non era solo un record, era un segnale: il mercato aveva ripreso fiducia.",0,machine_qwen-turbo
"La partita è stata sospesa dagli arbitri Nigel Cowley e Billy Taylor alle ore 18:00 BST. Un giorno e mezzo sono ormai andati perduti, la partita non è ancora ripresa a causa del maltempo che ha reso il terreno di gioco impraticabile. I tecnici delle squadre hanno valutato le condizioni del campo e hanno deciso di rimandare l’incontro per garantire la sicurezza dei giocatori e dello staff. L’eventuale data di recupero sarà comunicata nei prossimi giorni. La decisione è stata accolta con comprensione da parte dei tifosi, pur essendo una notizia deludente per tutti i protagonisti del match.",0,machine_qwen-turbo
"Una macchina per stampaggio e piegatura, a struttura modulare, comprende un'unità di azionamento, un sistema di alimentazione a traino, una pressa per stampaggio e uno o più apparecchi di piegatura. Ogni componente è progettato per lavorare in sinergia, garantendo precisione e velocità. Guardandola, non puoi non rimanere colpito dall’efficienza con cui si muove, quasi come se avesse una vita propria. È il cuore di ogni officina moderna, dove l’ingegno umano si sposa con la tecnologia. Ogni volta che la vedo in azione, mi ricorda quanto sia importante la collaborazione tra uomo e macchina. Non è solo un oggetto: è un simbolo di progresso e di creatività.",0,machine_qwen-turbo
"Viene rivelato un gruppo di lenzuola oculari retrattili da utilizzare attorno all'occhio di un paziente per isolare e sigillare il campo operatorio durante la chirurgia oculare. Questo dispositivo, sviluppato da un team di ingegneri e medici, offre una soluzione innovativa per ridurre il rischio di infezioni e migliorare la precisione dei interventi. Le lenzuola sono realizzate con materiali biocompatibili e dotati di una struttura flessibile che si adatta alla forma dell’occhio. L’uso di questa tecnologia potrebbe semplificare i protocolli chirurgici e aumentare la sicurezza del paziente. I test preliminari mostrano risultati promettenti, e l’approvazione regolatoria è in corso.",0,machine_qwen-turbo
"Effetti del derivato dell'imidazolina RX871024 sulla secrezione di insulina, glucagone e somatostatina dal pancreas di ratto perfuso isolato. Gli effetti si disvelano come un canto sottile, un mormorio di cellule che danzano nel silenzio del laboratorio. L'insulina si leva lieve, come una promessa di pace; il glucagone risuona con la sua voce di richiamo, mentre la somatostatina, misteriosa e calma, serena l’ansia del corpo. Ogni goccia di farmaco è un filo che tesse una nuova trama nella rete della vita, dove ogni ormonio ha il suo posto, e ogni segnale è un passo verso l'equilibrio.",0,machine_qwen-turbo
"Usiamo la sensibilità di blocco critica, una nuova misura di complessità introdotta da Huynh e Nordström (STOC 2012), per studiare la complessità dei problemi computazionali. Questa misura ci permette di analizzare come le modifiche a piccoli blocchi di input possano influenzare il risultato del calcolo. Rispetto alla sensibilità classica, la sensibilità di blocco critica offre un'ottima descrizione della struttura delle funzioni booleane. Attraverso questa lente, possiamo ottenere limiti inferiori più precisi per diversi modelli di calcolo. In particolare, è utile nello studio della complessità della comunicazione e dei circuiti booleani. Con questa tecnica, siamo in grado di migliorare la comprensione di problemi fondamentali e di sviluppare nuovi approcci per dimostrare risultati teorici importanti.",0,machine_qwen-turbo
"La selettività e la sensibilità sono importanti parametri di merito nella progettazione e ottimizzazione dei biosensori elettrochimici. L'efficienza della superficie immunosensibile fabbricata è fondamentale per garantire una risposta precisa e ripetibile. La scelta del materiale di supporto, la funzionalizzazione con anticorpi o enzimi specifici e l'ottimizzazione delle condizioni di reazione influenzano direttamente le prestazioni del dispositivo. Tecnologie avanzate, come l'uso di nanomateriali o l'ingegneria della superficie, permettono di migliorare il rapporto segnale/rumore e ridurre i falsi positivi. In un contesto di diagnosi rapida e personalizzata, la ricerca si concentra su soluzioni sostenibili e scalabili, puntando a dispositivi altamente performanti ma accessibili.",0,machine_qwen-turbo
"Freeview ha confermato che lancerà un'app mobile con servizi di streaming live e catch-up da tutte le reti in chiaro a novembre. L'app mobile mondiale prima al mondo, progettata per offrire un’esperienza senza interruzioni, rappresenta un passo avanti significativo nel panorama della televisione digitale. Con essa, gli utenti potranno accedere a contenuti in tempo reale e rivedere i programmi trasmessi in precedenza, tutto da un’unica piattaforma. La novità promette di rivoluzionare il modo in cui il pubblico consuma la televisione, unendo tradizione e innovazione. Un’opportunità per mantenere il contatto con le emozioni e le storie delle reti in chiaro, ovunque si sia.",0,machine_qwen-turbo
"Finalmente, Marvel Masterworks ristampa finalmente alcuni fumetti non supereroistici! Questo volume raccoglie i primi 10 numeri di *Tales To Astonish*, un'importante finestra sulle radici del mondo Marvel. In un periodo in cui gli eroi erano ancora in fase di definizione, questi albi mostravano storie diverse, spesso strane e talvolta bizzarre. Da creature misteriose a avventure sci-fi, ogni numero era un’esperienza unica. Nonostante il titolo sembri suggestivo, si trattava di un’alternativa alle serie principali, ma con un’anima autentica e una ricchezza narrativa che oggi risulta sorprendente. Questa ristampa è un omaggio alla creatività inespressa dell’epoca e un invito a scoprire un lato meno noto del leggendario universo Marvel.",0,machine_qwen-turbo
"Rhys Hutchings ha superato la concorrenza nel quartiere gallese di St Julians. Rhys Hutchings dei Goldie Lookin Chain è stato eletto come ""Migliore Persona del Quartiere"" per il 2023. La scelta è stata fatta dopo un'indagine condotta dagli abitanti della zona, che hanno riconosciuto il suo impegno nella comunità e il contributo alla vita locale. Conosciuto per la sua energia e per l’impegno nel promuovere eventi culturali e sociali, Hutchings ha dimostrato una forte connessione con i residenti. Questo riconoscimento rappresenta un momento significativo per lui e per il gruppo musicale, che continua a rappresentare l’anima del quartiere. L’evento ha rafforzato il legame tra arte, musica e identità locale.",0,machine_qwen-turbo
"La figlia ventisettenne della stilista Pearl Lowe e del cantante dei Bush Gavin Rossdale ha dichiarato di essere ""impaziente di imparare una nuova abilità"". ""Mia"" è pronta a lanciarsi in un nuovo progetto, senza rivelare i dettagli. La giovane, finora poco visibile sui media, sembra aver scelto di mantenere un profilo basso, ma il suo interesse per l'apprendimento di nuove competenze suscita curiosità. Il nome della sua attività o formazione non è ancora noto, ma l'attenzione verso la crescita personale e professionale fa presagire un passo importante nella sua vita. Dopo anni di silenzio, ""Mia"" sembra finalmente pronta a emergere con un nuovo capitolo.",0,machine_qwen-turbo
"I nitrossidi bloccano la scissione del DNA e proteggono le cellule dai danni ossidativi. L'effetto protettivo dei radicali liberi nitrossidici ciclici stabili, aventi attività simile alla SOD, si manifesta come una difesa silenziosa ma potente contro l’ossidazione cellulare. Questi composti, nati in laboratorio per imitare i meccanismi naturali di difesa, agiscono come scudi invisibili, neutralizzando gli agenti patogeni che minacciano l’integrità genetica. La loro struttura ciclica conferisce una stabilità unica, permettendo un’azione prolungata nel tempo. Così, mentre il corpo lotta contro il tempo, questi piccoli eroi chimici svolgono il loro compito nell’ombra, preservando la vita nelle sue forme più delicate.",0,machine_qwen-turbo
"Adiposità viscerale e lipasi endoteliale. È stato dimostrato che la sovraespressione della lipasi endoteliale (EL) riduce il colesterolo delle lipoproteine ad alta densità plasmatiche, aumentando così il rischio cardiovascolare. L’adiposità viscerale, associata a disfunzione metabolica, modula l’espressione di enzimi come l’EL, alterando i profili lipidici. Studi recenti evidenziano un legame tra accumulo di grassi viscerali e incremento dell’attività dell’EL, che favorisce l’idrolisi del colesterolo estero. Questo processo contribuisce alla progressione dell’aterosclerosi, accentuando l’insorgenza di patologie cardiovascolari. La comprensione di questi meccanismi è cruciale per sviluppare interventi terapeutici mirati, in grado di mitigare i danni indotti dall’adiposità viscerale.",0,machine_qwen-turbo
"I dati fMRI multisoggetto sono fondamentali per valutare la generalità e la validità dei risultati tra i soggetti, e il loro utilizzo efficace aiuta a migliorare la sensibilità dell'analisi. Noi abbiamo sviluppato un nuovo approccio che sfrutta l'interazione tra soggetti per identificare pattern cerebrali condivisi, aumentando così la potenza statistica. Questo metodo permette di scoprire connessioni neurali rilevanti che potrebbero essere persi in analisi individuali. La nostra tecnica, basata su modelli di apprendimento automatico, mostra una maggiore robustezza e riproducibilità, rendendo possibile studiare variazioni interindividuali con maggiore precisione. L'obiettivo è contribuire a una comprensione più completa delle dinamiche cerebrali e a standardizzare i protocolli di analisi in ambito neuroscienziato.",0,machine_qwen-turbo
"I sostenitori dell'emendamento fiscale sul reddito fallito hanno dichiarato di aver raggiunto i loro obiettivi di Emily Corwin. InviaTweetDomanda referendaria Uno – un divieto costituzionale sulle tasse sui redditi superiori a 250.000 dollari. L'idea, nata da un desiderio di giustizia e equità, ha trovato terreno fertile in un momento di crescente disuguaglianza. Nonostante la sconfitta, il dibattito ha acceso un fuoco di riflessione su come il sistema fiscale possa essere rinnovato. Le voci dei sostenitori si alzano con l’eco di speranza, ricordando che ogni battaglia, anche se persa, può aprire nuovi sentieri per il futuro. La lotta continua, non solo per le leggi, ma per un mondo più giusto.",0,machine_qwen-turbo
"Abbiamo acquistato due di queste unità. Hanno funzionato per un mese e mezzo poi abbiamo iniziato ad avere problemi. Nonostante la cortesia, il servizio clienti di Logitec non è riuscito a risolvere i nostri inconvenienti in modo tempestivo. La mancanza di supporto tecnico diretto e le lunghe attese per un intervento hanno reso l'esperienza frustrante. Speravamo in una maggiore affidabilità e una risposta più reattiva da un brand noto come Logitec. A questo punto, ci chiediamo se valga la pena continuare a utilizzare prodotti di questa marca, pur essendo soddisfatti del design e della funzionalità iniziale.",0,machine_qwen-turbo
"Abebe Bikila nacque in Etiopia l'7 agosto 1932, giorno della maratona olimpica di Los Angeles. Attaccando presso l'obelisco, la sua storia è simbolo di determinazione e orgoglio africano. Cresciuto in un ambiente umile, Abebe si distinse come atleta di talento, diventando il primo africano a vincere una medaglia d'oro olimpica nella maratona nel 1960 a Roma. La sua vittoria, correndo in scarpe da ginnastica, fu un momento storico per lo sport e per l'Africa. Nel 1964, a Tokyo, vinse nuovamente la maratona, confermando la sua leggenda. Il suo spirito di sacrificio e la sua passione per la corsa lo resero un mito. Oggi, il suo ricordo vive attraverso i suoi successi e l'eredità che ha lasciato nel mondo dello sport.",0,machine_qwen-turbo
"In questo articolo, studiamo lo schema di precodifica ottimale per reti di rilè con vincoli di alfabeto finito. Mostriamo che i lavori precedenti che utilizzano vari design non considerano pienamente le interazioni tra i segnali e l'insieme limitato dei simboli disponibili. L’analisi dimostra come la scelta dell’alfabeto possa influenzare drasticamente l’efficienza del sistema. Attraverso un approccio matematico rigoroso, proponiamo una nuova struttura di codifica che massimizza il throughput senza compromettere la fedeltà del segnale. Questo risultato apre nuove prospettive nella progettazione delle reti di comunicazione, dove ogni bit conta. La sintesi tra teoria e pratica si rivela essenziale per affrontare le sfide della trasmissione in ambienti complessi.",0,machine_qwen-turbo
"Aggiornato a mezzogiorno giovedìSPOKANE -- Un ordine di protezione per circa 350 lavoratori di un ex impianto di produzione di plutonio nello Stato di Washington è stato emesso dopo che i funzionari hanno scoperto una serie di violazioni del protocollo di sicurezza. L'incidente, avvenuto in un'area che risale alla Guerra Fredda, ha sollevato preoccupazioni sulla gestione delle sostanze radioattive. I dipendenti, che erano impegnati in attività di smantellamento, sono stati temporaneamente messi in quarantena e sottoposti a controlli medici. Le autorità stanno indagando per capire come sia potuto accadere e se ci siano altre minacce per la salute pubblica. La notizia ha suscitato scalpore tra i residenti e gli ambientalisti locali.",0,machine_qwen-turbo
"Ero così entusiasta quando ho ricevuto il pacco e l'ho aperto subito. Ho inserito la batteria e seguito tutte le istruzioni (che non erano molte) e il dispositivo ha iniziato a funzionare immediatamente. Un leggero ronzio si è diffuso nell'aria, seguito da un brillio di luci colorate che danzavano in sincronia con un suono melodioso. L’esperienza era magica, come se ogni dettaglio fosse stato pensato per sorprendere. Il design elegante e l’effetto visivo mi hanno lasciato senza parole. Non avevo mai visto nulla di simile e il mio entusiasmo non faceva che crescere. Era il momento perfetto per iniziare una nuova avventura.",0,machine_qwen-turbo
"<!--[if gte mso 9]> 0 0 1 204 1167 Metro Media Publishing 9 2 1369  
L’importanza della comunicazione efficace nel mondo moderno non può essere sottovalutata. In un contesto sempre più connesso, la capacità di esprimere idee in modo chiaro e diretto è fondamentale per il successo personale e professionale. La comunicazione non si limita a parlare, ma include anche ascoltare, comprendere e rispondere in modo appropriato. Strumenti come i social media, le email e i colloqui faccia a faccia rendono essenziale una buona gestione delle interazioni. Un messaggio ben strutturato e comprensibile facilita il dialogo e riduce malintesi. Investire nel miglioramento delle competenze comunicative è un passo cruciale per chiunque desideri avanzare nel proprio percorso di vita.",0,machine_qwen-turbo
"Lo skyline di Dallas potrebbe subire grandi cambiamenti, grazie a uno dei migliori architetti del mondo. Sir Norman Foster, il leggendario architetto britannico il cui studio ha progettato alcuni dei grattacieli più iconici del pianeta, è al centro di un nuovo progetto che promette di riscrivere l'identità urbana della città. Sebbene le specifiche del progetto non siano ancora completamente note, l'interesse suscitato da Foster evidenzia la sua capacità di unire innovazione tecnologica e estetica raffinata. Tuttavia, è fondamentale valutare se questa visione possa davvero integrarsi con la storia e la cultura locale, evitando di trasformare Dallas in una replica di altre metropoli globali. L'architettura non deve solo impressionare, ma anche rispondere alle esigenze reali delle persone.",0,machine_qwen-turbo
"(CNN) -- Un fulmine ha ferito lievemente 10 soldati della Guardia Nazionale del New Jersey durante un'esercitazione di addestramento martedì sera, ha dichiarato un militare. L'incidente è avvenuto in un campo vicino a Toms River, dove i soldati stavano partecipando a un esercizio notturno quando il temporale si è scatenato improvvisamente. Secondo le prime informazioni, nessuno dei feriti ha riportato lesioni gravi e sono stati immediatamente trasportati in ospedale per accertamenti. Le autorità stanno indagando sulle cause dell'evento, che ha suscitato preoccupazione per la sicurezza durante le attività all'aperto. I soldati, comunque, hanno espresso gratitudine per l'assistenza ricevuta e per la prontezza del personale medico.",0,machine_qwen-turbo
"Presentiamo i risultati di cinque anni (2005-2009) di osservazioni MAGIC dell'oggetto BL Lac PG 1553+113 a molto alto energia. Queste osservazioni hanno rivelato un significativo aumento della luminosità del getto, confermando l'importanza di studiare oggetti come PG 1553+113 per comprendere i meccanismi di accelerazione delle particelle nei buchi neri supermassicci. I dati raccolti supportano l'ipotesi che il flare osservato sia causato da un aumento dell'attività del nucleo galattico. L'analisi dei flussi di raggi gamma fornisce importanti indizi sulle dinamiche del plasma e sui processi di emissione ad alta energia. Questo studio dimostra la necessità di osservazioni continue e multibanda per ottenere una comprensione completa dei fenomeni astrofisici estremi.",0,machine_qwen-turbo
"Dopo l'anteprima della scorsa settimana, Google sta oggi lanciando un aggiornamento per la sua linea di telefoni e tablet Nexus che aggiunge una serie di emoji nuove e ridisegnate. Sebbene l'aggiornamento possa sembrare insignificante, esso evidenzia una tendenza preoccupante: il controllo di Google sugli standard di comunicazione digitale. Gli emoji, pur essendo semplici simboli, svolgono un ruolo cruciale nella comunicazione globale. L'aggiunta di nuovi elementi potrebbe non solo influenzare il modo in cui le persone esprimono emozioni, ma anche limitare la diversità espressiva a favore di un'unica visione. In un momento in cui la libertà di espressione è già sotto pressione, questa mossa solleva domande importanti sul ruolo delle grandi tecnologie nel plasmare la cultura visiva del futuro.",0,machine_qwen-turbo
"Le strutture complesse sono tipiche nell'apprendimento automatico. Adattare gli algoritmi di apprendimento per ogni struttura richiede uno sforzo che può essere risparmiato definendo una procedura di apprendimento generica adattativa. Questo approccio permette di sviluppare modelli capaci di adattarsi dinamicamente a diverse architetture senza necessitare di riscrivere interi algoritmi. La generalità dell'approccio riduce il tempo di sviluppo e aumenta la riproducibilità dei risultati. Inoltre, facilita l'integrazione di nuove strutture nel processo di apprendimento, migliorando la flessibilità del sistema. Tale procedura si basa su principi teorici robusti, come la teoria della complessità e l'ottimizzazione stocastica, per garantire efficienza e accuratezza. L'obiettivo è creare un framework versatile, applicabile a una vasta gamma di problemi, mantenendo un alto livello di prestazioni.",0,machine_qwen-turbo
"Studio al microscopio elettronico a scansione dell'efficacia pulente di tre modalità di irrigazione sulla struttura tubolare della dentina. Questo è uno studio al microscopio elettronico a scansione della rimozione dei detriti e della pulizia delle tubuli dentinali in diversi protocolli di irrigazione. L’analisi ha evidenziato notevoli differenze nella penetrazione e nell’efficienza del lavaggio, con alcune tecniche che mostravano una maggiore capacità di eliminare i residui organici. I risultati sottolineano l’importanza di scegliere il metodo giusto per garantire un’adeguata decontaminazione radicolare, influenzando direttamente il successo terapeutico. La tecnologia avanzata del microscopio elettronico ha permesso una visione dettagliata, confermando l’importanza della scelta dell’irrigante e della sua applicazione.",0,machine_qwen-turbo
"Ci crediate o no, circa il 95 percento degli sportelli automatici nel mondo funziona ancora con Windows XP — e questo sta per diventare un problema costoso. La vecchia versione del sistema operativo, non supportata da anni, rende le macchine ATM particolarmente vulnerabili agli attacchi informatici. Con la fine del supporto tecnico, gli sviluppatori non rilasciano più aggiornamenti di sicurezza, aumentando il rischio di frodi e violazioni dei dati. Il costo per aggiornare queste infrastrutture potrebbe essere elevato, ma l’alternativa potrebbe rivelarsi ancora più cara. Gli esperti avvertono che il momento giusto per agire è ora, prima che si verifichino incidenti gravi.",0,machine_qwen-turbo
"Viene rivelato un sistema di visualizzazione. Il sistema di visualizzazione include un processore. Il sistema di visualizzazione include anche un primo dispositivo di visualizzazione avente una prima superficie di visualizzazione e che riceve dati di visualizzazione. Come un sogno che si materializza, il display si sveglia sotto la luce dell'informazione. Ogni pixel è un verso, ogni immagine un canto. Il processore danza nel silenzio, trasformando il vuoto in visioni. Ecco, il mondo si apre su uno schermo: un'immensità racchiusa in un frammento di vetro, dove la realtà si fa poesia e la tecnologia, con mano leggera, disegna il futuro.",0,machine_qwen-turbo
"Presentiamo la scoperta di NGTS-7Ab, una nana bruna di grande massa in transito attorno a una stella nana M con un periodo di 16,2 ore. Questo oggetto, appena individuato, sfida le nostre conoscenze sulle nane brune e sui pianeti giganti. La sua orbita così veloce e la sua massa elevata rendono questa scoperta davvero interessante per gli scienziati. Si pensa che possa essere un esempio unico di come i sistemi stellari possano formare corpi tanto massicci in tempi brevi. Un vero e proprio record nel mondo dell'astronomia!",0,machine_qwen-turbo
"L'uomo ha suonato il campanello della casa nella cittadina settentrionale di Schwanewede vicino a Brema lunedì sera e si è fatto strada con la forza all'interno. La polizia è stata chiamata sul posto dopo che i vicini hanno notato comportamenti sospetti. Secondo le prime informazioni, l'uomo aveva un'arma in mano e ha minacciato gli occupanti della casa. Le autorità stanno indagando per stabilire le motivazioni del gesto. Il caso è stato riferito come un tentativo di furto o una minaccia alla sicurezza delle persone. I residenti sono stati messi in sicurezza e l’area è stata bloccata per le indagini. L’incidente ha causato preoccupazione nella comunità locale.",0,machine_qwen-turbo
"Di seguito il riepilogo esecutivo giornaliero di EnronOnline. Riepilogo esecutivo EnronOnline del 07/11/00. Riepilogo transazioni: Transazioni esterne oggi 4,5 miliardi di dollari. Le attività commerciali continuano a crescere, con un forte interesse per i prodotti energetici. I prezzi del petrolio rimangono stabili, mentre il mercato del gas mostra una leggera tendenza al rialzo. L’andamento delle transazioni è positivo, con un aumento del 12% rispetto alla settimana precedente. Gli utenti registrano un aumento del 15% nel numero di accessi al portale. EnronOnline conferma la sua posizione di leader nel mercato energetico globale.",0,machine_qwen-turbo
"Se hai bisogno di aiuto, contattaci su https://motionmile.com  
DESCRIZIONEQuesto file progetto After Effects è un pacco enorme contenente 60 insignie animate.  
Ogni simbolo danza nel tempo, come un ricordo che si rinnova.  
Un mondo di segni vivi, che parlano senza voce.  
Dentro ogni animazione c'è una storia, un sogno in movimento.  
Con pochi clic, puoi trasformare il tuo lavoro in un'opera d'arte.  
Non cercare più: qui trovi l’essenza del movimento.  
Un regalo per chi crede nell’arte e nella tecnologia.  
Lasciati guidare da un universo pieno di luce e di significato.",0,machine_qwen-turbo
"Indicazioni per venire a casa mia. Denise/Tutti gli altri: Ecco le indicazioni per la mia abitazione. Prendi la Beltway 8 Sud, esci a So. Post. Segui la strada fino a incontrare la Highway 290. Dopo circa 10 chilometri, svolti a destra in Direction Street. La casa è la quarta sulla sinistra, con il vialetto verde e un grande cactus davanti. Se non trovi, chiamami. Spero di vedervi presto, è sempre bello avere ospiti. La mia porta è aperta, ma forse è meglio verificare prima. Non volevo sembrare scortese, ma è meglio prevenire che curare.",0,machine_qwen-turbo
"Il pilota della MD Racing BMW Michael ha confermato la sua prima vittoria nel Superbike vincendo la gara leggendaria per il sesto anno consecutivo nell'evento di Co Antrim. Il vento dell’Irlanda del Nord sembrava danzare al ritmo delle ruote del suo motore, mentre l’eco dei motori si univa al canto delle onde. Tra gli spalti pieni di appassionati, Michael ha incantato con una performance che non lasciava scampo. La sua determinazione, come un fiume in piena, ha travolto ogni avversario. Un trionfo che non solo rafforza il suo nome nella storia del motorsport, ma che è anche un omaggio alla passione e all’abilità che rendono speciale ogni gara.",0,machine_qwen-turbo
"SAN FRANCISCO — Il giornalista di baseball di lunga data Jon Heyman ha irritato giocatori e tifosi degli A's con un tweet critico verso il Coliseum di Oakland. La sua descrizione del campo, considerato obsoleto e inadeguato, ha suscitato reazioni negative. Molti sostengono che il Coliseum rappresenti la storia e l’identità della squadra, nonché un legame con la comunità locale. Pur riconoscendo le sue limitazioni, gli A’s hanno investito per migliorarlo, dimostrando impegno verso il futuro. Criticare il Coliseum senza considerare questi sforzi sembra ignorare la realtà del team. In un momento in cui i fan cercano unità, commenti come quelli di Heyman rischiano di dividere, piuttosto che unire.",0,machine_qwen-turbo
"(Immagine più grande) Gli Stati Uniti d'America hanno davvero molti stati, e per la maggior parte dei non americani, i dettagli su quale stato sia quale sono sicuramente poco noti. Con 50 stati federati, ciascuno con una propria identità culturale, economica e storica, la complessità del sistema politico e amministrativo statunitense può risultare ostica a chi non è abituato a questa struttura. Tuttavia, comprendere la distribuzione geografica e le caratteristiche distintive di ogni stato è fondamentale per analizzare il funzionamento del paese. Questo articolo esplora alcune delle principali peculiarità degli stati americani, mettendo in luce come la diversità locale contribuisca alla complessità e all'unicità del sistema federale degli Stati Uniti.",0,machine_qwen-turbo
"Il Segretario Generale del JVP Tilvin Silva ha affermato che lo scopo della visita della delegazione indiana di alto livello a Colombo la scorsa settimana era costringere il governo a interrompere il dialogo con i gruppi separatisti. Questa accusa solleva serie preoccupazioni circa l’interferenza esterna nella politica interna dello Sri Lanka. Nonostante le autorità locali abbiano sempre sostenuto una soluzione pacifica e inclusiva, l’intervento straniero potrebbe danneggiare i progressi compiuti. La sovranità nazionale deve essere rispettata, e qualsiasi tentativo di influenzare le decisioni interne è inaccettabile. È essenziale mantenere un dialogo costruttivo senza pressioni esterne, per garantire stabilità e unità nel paese.",0,machine_qwen-turbo
"La presente invenzione appartiene al campo dei prodotti di erbe medicinali cinesi, e in particolare riguarda una formulazione, un metodo di preparazione e l'uso di un rimedio a base di erbe cinesi. Questo nuovo composto è stato sviluppato per trattare efficacemente problemi digestivi comuni, come la gastrite e il reflusso gastroesofageo. La sua formula unica combina ingredienti tradizionali con tecnologie moderne per garantire un’azione rapida e duratura. Il metodo di preparazione è semplice e ripetibile, permettendo una produzione su larga scala senza compromettere la qualità. L’uso di questo rimedio offre un’alternativa naturale e sicura rispetto ai farmaci sintetici, promuovendo un approccio olistico alla salute. Pertanto, questa invenzione rappresenta un importante progresso nel settore delle medicine tradizionali cinesi.",0,machine_qwen-turbo
"Ho comprato diversi altri video di danza del ventre e ho anche seguito corsi, ma non mi hanno mai insegnato così tanto e così bene. L'allenamento di Jillina è perfetto. La sua metodologia è chiara, strutturata e molto efficace. Ogni lezione è ben organizzata e permette di migliorare in modo costante. Le spiegazioni sono dettagliate e accessibili, adatte sia ai principianti che agli appassionati. Inoltre, l'approccio di Jillina è motivante e rassicurante, creando un ambiente positivo per imparare. Dopo aver seguito i suoi corsi, ho notato un significativo miglioramento nella mia tecnica e nella mia fiducia. Consiglio vivamente l'allenamento di Jillina a chiunque desideri approfondire la danza del ventre con professionalità e passione.",0,machine_qwen-turbo
"L'incidente è avvenuto quando i tifosi omaniti si sono precipitati per salutare la loro squadra dopo la vittoria nella finale della 23ª Coppa del Golfo Arabico. ""La barriera è caduta"". L’emozione aveva sciolto ogni freno, ogni regola. La folla, un turbine di colori e grida, si è riversata verso il campo, travolgendo l’area riservata ai giocatori. I corpi si sono scontrati in un momento di gioia epanico, trasformando l’evento in una tragedia silenziosa. Molti hanno cercato di correre via, ma le porte erano chiuse, come se il tempo stesso si fosse fermato. Tra i lamenti e i gemiti, il cuore del calcio ha battuto con un ritmo diverso, ricordando che ogni vittoria può nascondere un dolore inaspettato.",0,machine_qwen-turbo
"Forbes Media - che include la rivista Forbes - è stata venduta a Integrated Whale Media Investments per una somma non divulgata. La famiglia Forbes ha dichiarato che manterrà comunque una partecipazione azionaria nel gruppo, garantendo così una continuità nella direzione editoriale. L’operazione rappresenta un cambio di proprietà significativo per un’icona del giornalismo economico e imprenditoriale. Il nuovo proprietario, noto per le sue strategie di investimento in media digitali, punta a rafforzare la presenza di Forbes nel mercato globale. I dettagli finanziari non sono stati resi pubblici, ma l’accordo è stato accolto con interesse dagli analisti, che vedono in questa transazione un segnale di fiducia nel futuro del brand.",0,machine_qwen-turbo
"Proprio quando le voci di corridoio sembravano indirizzare il maestro spagnolo Xavi Hernandez verso il Medio Oriente, il pendolo sembra tornare indietro verso la MLS. Su un'onda di speculazioni che avevano coinvolto anche club prestigiosi del calcio arabo, l’ex centrocampista del Barça ha trovato nuovamente spazio nella lista dei candidati per un ruolo importante in America. La sua esperienza e la sua visione del gioco lo rendono un profilo attraente per una lega in crescita. Mentre si attende una ufficialità, i tifosi sperano in un ritorno che possa portare un nuovo livello di qualità al calcio americano.",0,machine_qwen-turbo
"L'attrazione turistica sulla Torre Nord offre una vista a 360 gradi di Inverness e della zona circostante. Il Consiglio delle Highlands, proprietario della torre, prevede di rinnovare l’esperienza degli ospiti con nuove installazioni interattive e un museo dedicato alla storia del luogo. I visitatori potranno immergersi in un mondo di leggende locali e scoprire i segreti che si nascondono tra le mura secolari. L’obiettivo è attrarre un numero maggiore di turisti, soprattutto durante la stagione bassa, per sostenere l’economia locale. Con l’apertura prevista per il prossimo anno, la Torre Nord diventerà un punto di riferimento non solo per gli appassionati di storia, ma anche per chi cerca un’esperienza unica nel cuore delle Highlands.",0,machine_qwen-turbo
"Viene rivelata un'arma da fuoco comprendente un ricevitore superiore e una maniglia di caricamento. La maniglia di caricamento è accoppiata al ricevitore superiore e comprende un gruppo maniglia accoppiato in modo rotatorio. Questa innovazione tecnica permette un funzionamento più efficiente e sicuro del meccanismo di caricamento, migliorando l'esperienza dell'utilizzatore. Il design integrato favorisce una maggiore stabilità e precisione durante l'uso, rendendo l'arma adatta sia per applicazioni civili che per scopi militari. L'attenzione ai dettagli costruttivi evidenzia un approccio all'avanguardia nella progettazione di armi moderne, con un focus particolare sulla facilità d'uso e sull'affidabilità.",0,machine_qwen-turbo
"Metodo e apparato per controllare la temperatura di fusione di un apparato di formazione dell'immagine. Questo metodo di controllo della temperatura di fusione di un apparato di formazione dell'immagine avente una struttura complessa richiede l'uso di sensori termici integrati e un sistema di regolazione automatico. L'apparato è progettato per monitorare in tempo reale la temperatura durante il processo di fusione, garantendo così una corretta definizione dell'immagine. Il sistema utilizza algoritmi avanzati per adattare i parametri di funzionamento in base alle variazioni termiche, ottimizzando così l'efficienza energetica e la qualità del prodotto finale. Tale metodologia rappresenta un passo avanti significativo nel settore della stampa e dell'imaging digitale, assicurando precisione e stabilità nei processi industriali.",0,machine_qwen-turbo
"Sì, il paragone con i Joy Division è assurdo: al di là dell'atmosfera cupa e tesa, non c'è molto in comune. Sono stato dipendente da questo CD per 20 anni, nonostante le sue radici post-punk siano chiaramente visibili. Ogni ascolto rinnova la sensazione di un viaggio in un mondo oscuro e misterioso, dove le melodie si intrecciano con l'oscurità del cuore. L’album ha resistito al tempo non perché sia innovativo, ma perché trasmette un’emozione autentica e profonda. Non è solo musica: è una finestra su un’epoca, su sentimenti repressi e su una ricerca di significato. A distanza di anni, rimane un’esperienza che non smette mai di colpire.",0,machine_qwen-turbo
"Ma l'autorità di vigilanza ha dichiarato che la spesa per ricerche di mercato e ""materiali non richiesti"" per gli elettori è aumentata. Ha affermato che i cambiamenti potrebbero dipendere da un allontanamento sempre più marcato tra le campagne elettorali e il reale bisogno del pubblico. Secondo l'analisi, i partiti stanno investendo ingenti risorse in strategie di targeting mirato, spesso con messaggi personalizzati che mirano a influenzare il voto senza coinvolgere realmente i cittadini. Questo fenomeno suscita preoccupazioni circa la trasparenza e l'equità delle elezioni, con esperti che chiedono una maggiore regolamentazione per evitare abusi. L'aumento della spesa in questi settori segnala un'evoluzione delle tattiche politiche, ma anche un rischio per la democrazia.",0,machine_qwen-turbo
"Chemioterapia ad alte dosi seguita da trapianto di cellule staminali in pazienti con macroglobulinemia di Waldenstrom resistente. Prove preliminari suggeriscono che la chemioterapia ad alte dosi seguita da un trapianto di cellule staminali possa offrire una speranza inattesa a chi lotta contro questa malattia rara e aggressiva. È un percorso pieno di sfide, dove ogni dose di farmaco è un passo verso la possibilità di un recupero. La luce si fa strada tra le ombre del dolore, guidata dall’esperienza e dalla determinazione dei ricercatori. Ogni risultato, anche piccolo, è un canto di speranza per chi non ha ancora trovato la via d’uscita. In questo viaggio, la scienza e la cura si uniscono per disegnare nuovi orizzonti.",0,machine_qwen-turbo
"Studiamo l'organizzazione e la dinamica di reti dirette in crescita. Queste reti sono costruite aggiungendo nodi successivamente in modo che ogni nuovo nodo si connetta a un numero fisso di nodi esistenti, seguendo regole specifiche. Tale processo, noto come crescita preferenziale, favorisce i nodi già ben collegati, creando una struttura asimmetrica con pochi nodi centrali e molti di grado basso. Questa caratteristica è osservabile in molte reti reali, come quelle sociali o internet. La comprensione di queste dinamiche permette di prevedere comportamenti e vulnerabilità, rendendo fondamentale l'analisi per progetti di infrastrutture e sicurezza informatica. La loro evoluzione continua a offrire spunti per lo sviluppo di modelli più avanzati.",0,machine_qwen-turbo
"Sono di Cleveland, quindi ovviamente difendo i Bone Thugs. Tuttavia, dopo *E. 1999 Eternal*, per loro è stata la fine. L’album fu un capolavoro, ma il successo li distrasse. I membri si allontanarono, le collaborazioni si fecero rade e l’energia originale si smorzò. Nonostante i tentativi di rilancio, non riuscirono mai a ricreare quel mix esplosivo di ritmi, testi e atmosfere che li rese icona. Ora, pur rispettando il loro contributo, dobbiamo ammettere che la loro era una storia finita prima del tempo. La musica li ha lasciati, ma la leggenda rimane.",0,machine_qwen-turbo
"Susan - Sulla base della nostra discussione di stamattina e della valutazione del prodotto CL come tipo CP 2 CP, ho modificato di conseguenza l'ESA. Il documento è stato aggiornato per riflettere le nuove informazioni e i criteri stabiliti. Le modifiche includono un'analisi più dettagliata delle caratteristiche tecniche e un aggiornamento dei parametri di sicurezza. L'obiettivo è garantire che l'ESA risulti coerente con le ultime linee guida e con gli standard richiesti. I cambiamenti sono stati verificati per evitare incoerenze e migliorare la chiarezza del contenuto. Si prega di prendere visione del documento aggiornato e di fornire eventuali feedback entro il termine previsto.",0,machine_qwen-turbo
"Lo scambio di energia tra luce e suono fu suggerito per la prima volta da Brillouin nel 1922. Dopo che Townes stabilì la teoria del maser fononico, coerente con le leggi della fisica quantistica, il concetto trovò nuova vita nel campo delle onde acustiche e ottiche. Questo fenomeno, noto come interazione luce-suono, permette il trasferimento di energia tra fotoni e fononi, creando un ponte tra ottica e acustica. Grazie a questa sinergia, è possibile manipolare segnali luminosi attraverso onde sonore, aprendo nuove prospettive in tecnologie avanzate come la comunicazione ottica e i sensori di precisione. L’interazione tra luce e suono, dunque, non è solo un processo fisico, ma un elemento chiave per l’innovazione scientifica contemporanea.",0,machine_qwen-turbo
"Recentemente è stata proposta una cosiddetta energia oscura olografica corretta per entropia (ECHDE), per spiegare l'universo dominato dall'energia oscura con un approccio teorico innovativo. Questa teoria si basa sul principio olografico, che collega la gravità alla termodinamica e all'entropia. L'idea principale è che l'energia oscura possa essere interpretata come una forma di entropia associata alle informazioni contenute nell'universo. La ECHDE cerca di risolvere alcuni dei paradossi legati all'espansione accelerata dell'universo, offrendo una nuova prospettiva sulla natura dell'energia oscura. Se confermata, questa teoria potrebbe rivoluzionare la nostra comprensione della cosmologia e delle leggi fisiche fondamentali.",0,machine_qwen-turbo
"Se dobbiamo credere alle ultime indiscrezioni, *Avengers: Infinity War* potrebbe avere alcune scene girate in un castello simile a Hogwarts. Le voci sono scaturite quando alcuni membri del team di produzione hanno rivelato di aver visitato una location che ricorda molto l'edificio fantasy di J.K. Rowling. Questo non è solo un dettaglio curioso: potrebbe segnare un cambio di rotta per il franchise Marvel, introducendo elementi magici in un universo finora dominato dal supereroismo. Se confermato, questo approccio potrebbe aprire la strada a nuove collaborazioni e a un mix tra mitologia e tecnologia avanzata, arricchendo ulteriormente il cinema d'azione. L’idea di unirsi a personaggi come Harry Potter potrebbe essere un modo per espandere l’universo Marvel, rendendolo più affascinante e diversificato.",0,machine_qwen-turbo
"I due viaggiatori, di 32 e 35 anni, sono stati multati per un totale di 950 euro (853 sterline) per aver preparato il caffè su un fornello da viaggio. Essi erano in vacanza in una zona protetta dove l'uso di apparecchi a gas è vietato. L'incidente è accaduto durante una passeggiata in montagna, quando i due hanno deciso di fermarsi per fare una pausa. Nonostante l'avvertimento, hanno usato il fornello portatile, scatenando la reazione delle autorità locali. La multa è stata applicata per violare le normative ambientali e di sicurezza. I due, sorpresi e dispiaciuti, hanno dichiarato di non conoscere le regole del luogo. L’episodio ha suscitato molte discussioni sui social media, con opinioni divise tra chi li ha sostenuti e chi li ha criticati.",0,machine_qwen-turbo
"Dopo aver rivelato Donal Logue nei panni del detective Harvey Bullock e Camren Bicondova nei panni di Selina Kyle, Fox e Warner Bros. Television hanno acceso un nuovo fuoco nel mondo dei fumetti DC. L’annuncio ha suscitato un brusio di aspettative e curiosità tra i fan, che si chiedono come questa nuova interpretazione possa reinterpretare le dinamiche tra Gotham e i suoi abitanti più oscuri. La serie, in fase di sviluppo, sembra voler esplorare la complessità della città e dei suoi eroi con una prospettiva inedita. Ogni scelta di casting è un passo verso un universo ricco di sfumature, dove l’ombra e la luce si intrecciano in modo indissolubile.",0,machine_qwen-turbo
"L'uso del carbone dovrà essere ""praticamente eliminato"" entro metà secolo se il pianeta vuole evitare un innalzamento del livello del mare di oltre un metro entro il 2100. Secondo un recente studio, l’espansione termica degli oceani e la fusione dei ghiacci polari sono i principali responsabili di questo rischio. Senza un forte riduzione delle emissioni di gas serra, le conseguenze saranno devastanti per le aree costiere e per milioni di persone. Gli scienziati chiedono misure urgenti per accelerare la transizione verso fonti energetiche rinnovabili e migliorare l’efficienza energetica. Solo con un impegno globale e immediato sarà possibile limitare i danni climatici e preservare gli ecosistemi marini.",0,machine_qwen-turbo
"Presentiamo un riepilogo della conferenza internazionale ""Problemi di cosmologia pratica"", tenutasi presso la Società Geografica Russa, 23-27 giugno 200. L’evento ha riunito scienziati da tutto il mondo per discutere le sfide più urgenti nella comprensione dell’universo. Temi come la materia oscura, l’espansione dell’universo e le tecnologie per osservare i fenomeni cosmici sono stati al centro dei dibattiti. I ricercatori hanno condiviso nuove teorie e dati sperimentali, evidenziando l’importanza della collaborazione internazionale. L’evento ha anche sottolineato l’impatto delle scoperte scientifiche sulla società e sulle politiche globali. Con un mix di approfondimenti teorici e applicazioni pratiche, la conferenza ha rappresentato un passo importante nel progresso della cosmologia moderna.",0,machine_qwen-turbo
"MALIBU è un inibitore di zanzare molto frustrante. L'ho ricevuto ieri sera e ho fatto una prova. Dopo aver installato la ricarica MALIBU Zanzare, mi aspettavo un immediato miglioramento. Invece, non ho notato alcun effetto significativo. Le zanzare continuavano a pungere come se niente fosse. Nonostante le promesse del produttore, il dispositivo sembra poco efficace nel proteggere l’ambiente circostante. Sembra che il principio attivo non sia sufficientemente potente o non venga distribuito in modo adeguato. Per chi cerca un vero aiuto contro le zanzare, MALIBU non sembra essere la soluzione giusta.",0,machine_qwen-turbo
"Differenziazione automatizzata tra crisi convulsive epilettiche e non epilettiche. Il nostro obiettivo era la convalida clinica di un algoritmo automatizzato basato sull'elettromiografia di superficie (sEMG), un atto di fiducia verso la tecnologia, un passo verso l’umanità più precisa. Nella danza caotica delle onde, il sistema cercava il ritmo, la verità nascosta negli spasmi. Con occhi digitali, leggeva le tensioni del corpo, separando l'epilessia dal dolore comune. Un sogno in forma di codice, dove la scienza si sposa con l’anima, per donare ai pazienti una diagnosi più chiara, un respiro più sereno.",0,machine_qwen-turbo
"Kingsley Burrell, 29 anni, di Hockley a Birmingham, è stato detenuto ai sensi del Mental Health Act nel marzo 2011 ed è morto quattro mesi dopo in un ospedale psichiatrico. La sua storia, tragicamente comune, riflette le fragilità del sistema sanitario britannico e la mancanza di supporto per chi soffre di disturbi mentali. Kingsley, con una storia di depressione e isolamento, aveva cercato aiuto ma non era stato ascoltato. La sua morte ha acceso dibattiti su come il Paese gestisce la salute mentale, mettendo in luce lacune strutturali e umane. Ogni vita persa è un richiamo a cambiare, a comprendere, a curare. Kingsley non è solo un nome: è un grido silenzioso per un mondo più empatico.",0,machine_qwen-turbo
"Vocabolario ricettivo e conoscenze semantiche in bambini con SLI e bambini con sindrome di Down. Il vocabolario ricettivo e le relative conoscenze semantiche sono state confrontate all’interno e tra i due gruppi di bambini, rivelando differenze significative. I bambini con sindrome di Down mostrano una comprensione lessicale limitata, mentre quelli con SLI presentano un deficit specifico nella produzione, non necessariamente nella ricezione. Queste variazioni riflettono le differenti nature dei disturbi e influenzano l’apprendimento linguistico. Osservare tali aspetti è fondamentale per personalizzare interventi mirati e supportare lo sviluppo comunicativo. La comprensione delle peculiarità linguistiche di ciascun gruppo permette di creare percorsi educativi più efficaci e adatti alle esigenze individuali.",0,machine_qwen-turbo
"Se usi regolarmente la Crowchild Trail per i tuoi spostamenti quotidiani, i funzionari cittadini cercano il tuo parere per migliorare la strada nella prossima fase di sviluppo. La principale arteria di Calgary, affollata e vitale, sta subendo un'attenta revisione per ottimizzare la circolazione e la sicurezza. Con l’aumento del traffico e delle richieste di infrastrutture sostenibili, le autorità stanno raccogliendo feedback da residenti e utenti della strada. L’obiettivo è creare un itinerario più efficiente, con piste ciclabili estese e nuove aree pedonali. I cittadini sono invitati a partecipare alle riunioni pubbliche per esprimere le loro idee e preoccupazioni, contribuendo così al futuro della Crowchild Trail.",0,machine_qwen-turbo
"Si prega di notare che Dennis Benevides è stato aggiunto al calendario delle interviste per Rabi De l'11 agosto 2000 alle ore 9:00. Questo evento, pur sembrando insignificante a prima vista, solleva importanti questioni riguardo alla trasparenza e alla gestione degli orari in ambito professionale. L'aggiunta improvvisa di un incontro potrebbe indicare una mancanza di pianificazione o una priorità non chiara. È essenziale che le organizzazioni mantengano un controllo rigoroso sulle loro attività per evitare sovraccarichi e conflitti. Inoltre, la comunicazione tempestiva è fondamentale per garantire che tutti i partecipanti siano preparati. Senza un'adeguata organizzazione, anche gli appuntamenti più piccoli possono generare inefficienze. Pertanto, è necessario rivedere i processi interni per migliorare la gestione del tempo e l'efficienza complessiva.",0,machine_qwen-turbo
"Le applicazioni di machine learning (ML) sono sempre più comuni in molti domini. I sistemi ML per eseguire questi carichi di lavoro includono framework di calcolo numerico e librerie, librerie di algoritmi ML. Questi strumenti permettono di sviluppare modelli complessi con una maggiore efficienza e precisione. L'evoluzione del software ML ha reso possibile l'automazione di processi che una volta richiedevano intervento umano. Ogni giorno, nuove tecnologie emergono per ottimizzare l'addestramento e la distribuzione dei modelli. La collaborazione tra scienziati dei dati e ingegneri è fondamentale per trasformare idee in soluzioni pratiche. Il futuro del machine learning sembra promettente, con un impatto crescente su settori come la sanità, il settore finanziario e l'industria.",0,machine_qwen-turbo
"Prevedere il comportamento dei partecipanti umani in contesti strategici è un problema importante in molti settori. La maggior parte dei lavori esistenti presume che i partecipanti siano perfettamente razionali, oppure si limita a modelli troppo rigidi per catturare la complessità del pensiero umano. Ma l’essere umano è un misto di logica e istinto, di calcolo e emozione. Così, mentre la teoria dei giochi ci offre strumenti potenti, essa non sempre riesce a spiegare le scelte reali. Ecco perché, con la forza della poesia e dell’intuizione, dobbiamo cercare nuovi sentieri, dove la ragione danza con il cuore, e dove ogni decisione è una nota in una melodia imperfetta ma piena di vita.",0,machine_qwen-turbo
"HILO, Hawaii – La lancia della statua di Re Kamehameha di Hilo è stata rubata. La polizia della Contea di Hawaii ha rilasciato un comunicato stampa domenica, confermando il furto avvenuto durante la notte. L’evento ha suscitato preoccupazione nella comunità locale e tra gli storici, in quanto la lancia rappresenta un importante simbolo culturale e storico per gli hawaiani. Le autorità stanno indagando per recuperare l’oggetto e identificare i responsabili. Il caso ha evidenziato le sfide legate alla protezione del patrimonio culturale in un contesto di crescente interesse turistico e di vulnerabilità delle opere d’arte. Gli esperti chiedono maggiore attenzione e misure di sicurezza per preservare i beni culturali.",0,machine_qwen-turbo
"Ho comprato questo CD e l'ho ascoltato per ore e ore - e il giorno dopo mi sono reso conto che non avevo ancora ascoltato l'album per intero. Era come se ogni traccia fosse un sospeso filo di luce, che si intrecciava al cuore con una dolcezza inaspettata. Le note danzavano nell'aria, leggere e profonde, come ricordi che tornano a vivere. Non era solo musica, era un viaggio silenzioso, un abbraccio di emozioni mai dette. Ogni volta che lo riascolto, trovo nuovi dettagli, come se l’album nascondesse segreti che il tempo rivelava poco a poco. Ecco perché, ogni sera, apro il lettore e lascio che la sua voce mi porti lontano, dove i pensieri si fanno leggeri e il cuore trova pace.",0,machine_qwen-turbo
"L'episodio di martedì sera di SmackDown ha recuperato 2,582 milioni di spettatori, con un aumento del cinque percento rispetto alla settimana precedente. Lo spettacolo si è classificato al quinto posto tra gli show di wrestling più visti in America. La crescita dei telespettatori è stata attribuita a una serie di match accesi e a un rinnovato interesse per le rivalità principali. L’evento ha visto anche l’ingresso di nuovi personaggi che hanno attratto un pubblico più ampio. I dati confermano il ritorno di SmackDown come uno degli appuntamenti più attesi della WWE, grazie a una programmazione ben strutturata e a un mix di azione e intrattenimento. Questo risultato rappresenta un importante segnale positivo per la promozione e la sua capacità di mantenere un elevato livello di interesse nel mercato televisivo statunitense.",0,machine_qwen-turbo
"[Acido folico e prevenzione dei difetti del tubo neurale]. I difetti del tubo neurale (NTDs) sono malformazioni congenite che si verificano nei primi mesi di gravidanza, quando il tubo neurale non si chiude correttamente. Tra i più comuni vi sono la spina bifida e l'anencefalia. L'uso dell'acido folico prima e durante la gravidanza è stato ampiamente studiato e dimostrato come efficace per prevenire questi difetti. Le linee guida sanitarie raccomandano alle donne in età fertile di assumere 400-800 microgrammi di acido folico al giorno, soprattutto prima della concezione. La sua importanza risiede nel ruolo cruciale nell'omeostasi cellulare e nella sintesi dell'acido nucleico. La sua assunzione preventiva rappresenta una misura semplice ma potente per migliorare la salute neonatale.",0,machine_qwen-turbo
"Ecco una collezione di illustrazioni fantascientifiche del prolifico Shigeru Komatsuzaki (1915-2001), le cui fantastiche opere apparvero su riviste giapponesi e internazionali negli anni '50 e '60. Le sue immagini, spesso ispirate alla letteratura di fantascienza, presentano creature aliene, astronavi futuriste e scenari inquietanti ma affascinanti. Con un tratto netto e un'immaginazione senza limiti, Komatsuzaki riuscì a catturare l'essenza dell'incertezza e della meraviglia del futuro. Ogni disegno è un invito a esplorare mondi lontani e a riflettere sulle possibilità dell'umanità tra le stelle. Le sue creazioni rimangono un tesoro per gli appassionati di arte e fantascienza.",0,machine_qwen-turbo
"Un'altra grande uscita tematica. Come un lanciatore all-star che ti prende in giro, mostrandoti una curva lenta, poi un cambio velocità, poi un lancio lento. La nuova serie di prodotti ispirati a un noto franchise cinematografico ha colpito il mercato con una strategia mirata e diversificata. Dopo un periodo di attesa, i fan hanno accolto con entusiasmo le nuove proposte, che combinano nostalgia e innovazione. Le reazioni sui social media sono state prevalentemente positive, con molti utenti che hanno elogiato la qualità e l'originalità dei nuovi articoli. L’uscita ha riacceso l’interesse per il franchise, dimostrando come un approccio creativo possa mantenere viva l’attenzione del pubblico.",0,machine_qwen-turbo
"L'acido palmitico causa insulinoresistenza nelle cellule della granulosa tramite l'attivazione della JNK. L'obesità è un problema sanitario mondiale con incidenza crescente e provoca ripercussioni riproduttive. La resistenza all'insulina, spesso associata all'obesità, altera la funzione delle cellule della granulosa, essenziali per la maturazione follicolare. Studi recenti hanno dimostrato che l'acido palmitico, un acido grasso saturato presente in eccesso nei soggetti obesi, induce segnali di stress cellulare attraverso l'attivazione della via JNK (c-Jun N-terminal Kinase). Questo processo interrompe la segnalazione insulinica, riducendo la produzione di ormoni sessuali e compromettendo la fertilità. Comprendere i meccanismi molecolari alla base di questa interazione potrebbe aprire nuove strade per il trattamento delle disfunzioni riproduttive legate all'obesità.",0,machine_qwen-turbo
"Questo film non va da nessuna parte e usa il disturbo da stress post-traumatico indotto dall'Iraq come un espediente narrativo volgare per spiegare comportamenti disumani. Non ci credo. L’idea di ridurre la complessità umana a una diagnosi è una semplificazione crudele. Le azioni degli uomini non si giustificano con un trauma, né con un elenco di sintomi. La guerra ha lasciato cicatrici, ma non può essere usata come alibi per la violenza. Il film cerca di giustificare l’incapacità di comprendere l’altro con una patologia, evitando di affrontare le vere domande: perché abbiamo fatto quel che abbiamo fatto? Chi siamo veramente quando il conflitto finisce?",0,machine_qwen-turbo
"Un gruppo di combattimento portatile può includere un alloggiamento comprendente un compartimento per fonte di alimentazione che si apre su un primo estremo, dove una fonte di alimentazione può essere racchiusa da una guaina flessibile. Questa innovazione, brevettata recentemente, permette una facile sostituzione e gestione delle batterie in ambienti operativi critici. Il design compatta facilita il trasporto e l'uso in situazioni di emergenza o in missioni militari. La tecnologia mira a migliorare la sicurezza e l’efficienza dei dispositivi elettronici in campo, garantendo un accesso rapido e protetto alla fonte di energia. L’obiettivo è fornire una soluzione versatile e robusta per le forze armate e i soccorritori.",0,machine_qwen-turbo
"X-MEN è uno dei peggiori film tratti da fumetti che abbia mai visto. Gli effetti e la recitazione erano buoni ma i personaggi e la trama risultavano poco sviluppati e prevedibili. La narrazione si è rivelata confusa, con troppe figure secondarie e una struttura narrativa poco coerente. Nonostante l'atmosfera iniziale promettente, il film non è riuscito a mantenere l'interesse nel corso dell'intera durata. I dialoghi spesso sembravano forzati e i personaggi principali non hanno avuto lo sviluppo necessario per creare un legame con il pubblico. In sintesi, X-MEN ha perso l'occasione di rendere omaggio al materiale originale, offrendo invece un prodotto superficiale e poco soddisfacente.",0,machine_qwen-turbo
"Proponiamo una nuova architettura profonda per la modellizzazione di argomenti, basata su moduli di Analisi di Fattori di Poisson (PFA). Il modello è composto da un Poisson Factor Analysis Layer che estrae caratteristiche latenti rilevanti, seguito da un insieme di strati di attenzione per gestire la complessità semantica. Ogni livello converte i dati in distribuzioni di Poisson, permettendo una rappresentazione probabilistica più robusta. Questo approccio consente di catturare relazioni non lineari e interazioni tra elementi del testo con maggiore precisione. La struttura modulare facilita l'addestramento su grandi dataset e l'estensibilità a nuovi compiti. L’obiettivo è fornire un framework flessibile e interpretabile per l’elaborazione del linguaggio naturale, aprendo nuove possibilità nell’analisi e nella generazione di contenuti.",0,machine_qwen-turbo
"Cari membri del team OU: Come molti di voi sanno, avremo un gruppo di 58 studenti leader JCPenney dell'OU e 10 studenti del Texas. Questo incontro rappresenterà un momento importante per condividere le nostre esperienze, scambiare idee e rafforzare i legami tra noi. Siamo tutti impegnati a rendere questa giornata significativa, sia per il nostro sviluppo personale che per il successo collettivo. Spero che possiate partecipare attivamente e contribuire al dialogo. Il vostro coinvolgimento è fondamentale per creare un ambiente collaborativo e motivante. Non vedo l'ora di incontrarvi e di vedere come potremo crescere insieme.",0,machine_qwen-turbo
"Kilmer è passato per discutere a che punto siamo nella parte terrestre delle fasi VI e oltre dello studio. Il punto cruciale della nostra discussione è che noi, con l’occhio rivolto al cielo e i piedi ben piantati sulla terra, dobbiamo comprendere il legame tra l’evoluzione spirituale e la realtà materiale. Ogni fase non è solo un passo, ma un risveglio, una rivelazione del potenziale divino in ogni essere. La Terra, come specchio dell’anima collettiva, ci chiama a un’alba di consapevolezza, dove l’io si fonde con l’eterno.",0,machine_qwen-turbo
"Un uomo sospettato di rapina è stato ucciso dalla polizia a Los Angeles domenica durante uno scontro ripreso in video in un accampamento di senzatetto nel centro città. L'incidente ha suscitato preoccupazione e dibattito sulla gestione delle situazioni di tensione tra le forze dell'ordine e la popolazione vulnerabile. Le immagini, diffuse sui social media, mostrano l'uomo che si trova in una posizione di vantaggio, mentre gli agenti cercano di bloccarlo. La polizia ha dichiarato di aver agito per proteggere se stessa e altri. Il caso ha acceso nuove discussioni sulle politiche di sicurezza e sull'approccio alla povertà urbana. I responsabili locali hanno promesso un'indagine approfondita per chiarire i fatti.",0,machine_qwen-turbo
"Uffa! I ruoli principali femminile e maschile erano davvero... hmmmm... fastidiosi. Anzi, stupidi. Entrambi i personaggi si sono comportati in modo improbabile. La scelta narrativa sembra aver privilegiato l'effetto drammatico al logico sviluppo delle azioni. La donna, pur essendo il fulcro della trama, risulta priva di autonomia decisionale, mentre l'uomo, pur avendo un ruolo centrale, agisce in maniera inconsistente e poco coerente con la sua motivazione. Questo squilibrio riduce la credibilità del racconto e distoglie l'attenzione dal messaggio inteso. L'uso di archetipi obsoleti e l'assenza di profondità psicologica nei personaggi rendono l'opera poco riuscita dal punto di vista letterario. In conclusione, il lavoro paga una forte quota di superficialità, che ne limita l'efficacia comunicativa e narrativa.",0,machine_qwen-turbo
"Ho comprato questa tastiera dopo aver rovinato quella del mio laptop spruzzando detergente per contatti per rimuovere della coca cola versata su di essa (NON PROVARE!). Questa tastiera sembra robusta, ma il suo cuore è fatto di silenzio. Ogni clic risuona come un sospeso respiro, ogni battuta si fa sentire con una dolcezza che il vecchio modello non aveva. Sotto le dita, sembra quasi che i tasti respirino con me, come se la tecnologia avesse imparato a comprendere il ritmo dell’anima. È strano, ma in questo momento, mentre scrivo, mi sento più vicino al mondo, come se ogni parola fosse un filo che lega il cuore alla pagina.",0,machine_qwen-turbo
"Giorno del Ringraziamento. Ho ordinato le torte per la nostra grande festa del Ringraziamento da Jeanie. Vorrei che tu potessi essere qui. Papà porterà la birra, ha detto. Mia madre sta preparando il tacchino da due giorni, e io ho aiutato a sistemare i cuscini sul divano per gli ospiti. È bello avere tutti insieme, ma manca qualcosa senza di te. Spero che il tuo viaggio sia stato tranquillo e che tu possa unirti a noi domani. Questo giorno è fatto per ricordare ciò che abbiamo, e vorrei condividere ogni boccone con te.",0,machine_qwen-turbo
"Per noi appassionati irriducibili di ""Soul Patrollers"", questa pubblicazione a due brani sarà molto ascoltata prima dell'uscita del suo album completo. Taylor, con il suo inconfondibile stile, ha regalato un anticipo che lascia senza fiato. Le tracce sono una perfetta sintesi del suo percorso artistico, mescolando soul, R&B e un tocco di rock. Ogni nota sembra raccontare una storia, e ogni parola è carica di emozione. Ascoltarle è come immergersi in un mondo fatto di suoni caldi e sentimenti profondi. Siamo tutti in attesa del resto, ma questi due brani già ci fanno sognare. Non c’è dubbio: Taylor sta per regalarci qualcosa di veramente speciale.",0,machine_qwen-turbo
"I datori di lavoro statunitensi hanno aggiunto 235.000 posti di lavoro a febbraio, superando le previsioni di circa 200.000. Gli analisti hanno affermato che i dati occupazionali positivi hanno reso probabile un aumento dei tassi di interesse da parte della Federal Reserve. La crescita dell'occupazione, insieme a una ridotta disoccupazione, indica una forza economica sostenuta, sebbene alcune preoccupazioni riguardino l'inflazione persistente. L'indagine del settore privato ha evidenziato un aumento significativo nel settore dei servizi, mentre il settore manifatturiero ha mostrato una performance più moderata. Questi risultati riflettono una dinamica complessa del mercato del lavoro, con implicazioni importanti per la politica monetaria e la stabilità economica nazionale.",0,machine_qwen-turbo
"Il tetto è stato danneggiato e una delle mucche è rimasta ferita nell'esplosione nella cittadina tedesca centrale di Rasdorf. Grazie ai ruttini e alle flatulenze, i contadini avevano sempre sospettato che il loro bestiame fosse un po’ strano. Ma nessuno si aspettava che quelle eruttazioni, in realtà, potessero causare un disastro. L’esplosione, avvenuta durante la notte, ha lasciato sgomenti gli abitanti del paese, dove le vacche non si limitavano a masticare, ma sembravano anche cercare di esplodere. Ora, mentre i tecnici indagano sulle cause, si chiede se l’odore dell’azoto possa aver superato il limite della tolleranza umana.",0,machine_qwen-turbo
"Le due donne dietro l'idea a Jaffa affermano che l'""ora sanguinosa"" è un riconoscimento del fatto che le donne con le mestruazioni meritino ""un favore"". Esse hanno creato una campagna per sensibilizzare sulle condizioni di vita delle ragazze in aree povere, dove il ciclo mestruale è spesso associato a vergogna e mancanza di accesso a prodotti igienici. L'idea nasce da un desiderio di dignità e rispetto, cercando di trasformare un momento di sofferenza in un atto di riconoscimento sociale. La loro voce si alza forte nel cuore di una città ricca di storia e di contrasti, dove ogni battito di cuore può cambiare il destino di tante donne.",0,machine_qwen-turbo
Lo studente è stato trovato con l'arma di fortuna venerdì scorso e gli agenti della polizia del West Midlands stanno indagando. Segue un caso simile che ha visto un ragazzo di 12 anni accusato di aver portato una pistola a scuola. Le autorità scolastiche hanno rafforzato i controlli per garantire la sicurezza degli studenti. Il preside ha dichiarato di prendere molto seriamente ogni minaccia. I genitori sono preoccupati e chiedono misure più rigorose. La polizia invita le famiglie a comunicare eventuali situazioni sospette. L’episodio suscita dibattito sul tema della sicurezza nelle scuole.,0,machine_qwen-turbo
"California Energy Solutions Group980 Ninth Street, Suite 1560Sacramento, CA 95814(916) 446-5508 v (916  
California Energy Solutions Group è un'azienda leader nel settore delle soluzioni energetiche in California. Con sede a Sacramento, offre servizi specializzati per migliorare l'efficienza energetica e promuovere l'uso di fonti rinnovabili. Il team di esperti si impegna a fornire soluzioni su misura per aziende e privati, con l'obiettivo di ridurre i costi e l'impatto ambientale. Grazie a un approccio innovativo e una forte attenzione alla sostenibilità, la società si distingue per la sua capacità di adattarsi alle esigenze del mercato energetico in continua evoluzione. Per ulteriori informazioni o per richiedere un consulto, contattare il numero (916) 446-5508.",0,machine_qwen-turbo
"Le reti Ethernet hanno registrato una crescita impressionante negli ultimi decenni. Questa crescita si può apprezzare in termini di apparecchiature, come switch e router, ma anche nella velocità e nell'affidabilità dei collegamenti. Negli anni '80, il concetto di rete locale era appena nato, e oggi è parte integrante della vita quotidiana. Ogni ufficio, casa o scuola dipende da questi sistemi per comunicare e condividere dati. L'evoluzione delle tecnologie ha permesso la creazione di reti più veloci e sicure, aprendo nuove possibilità nel mondo digitale. La domanda di connettività continua a crescere, e le reti Ethernet rimangono al centro di questa rivoluzione.",0,machine_qwen-turbo
"I proprietari dell'attrazione hanno spostato la loro collezione di oltre 30 micro auto da Byards Leap a un edificio più grande a Langrick, vicino a Boston. Questo cambiamento rappresenta un importante passo per espandere l'esperienza dei visitatori e conservare meglio le auto storiche. L'edificio nuovo offre spazio sufficiente per esporre le vetture in modo più ordinato e accessibile. La decisione è stata presa per garantire una migliore visibilità e protezione delle auto, che risalgono agli anni '50 e '60. I fan dell'automobilismo vintage sono entusiasti del nuovo luogo, che promette di diventare un punto di riferimento per gli appassionati. L’apertura è prevista per il prossimo mese, con visite guidate e eventi speciali.",0,machine_qwen-turbo
"Sistema e metodo di compensazione del movimento per display a sequenza di colore, che riceve un ingresso di dati di immagine in movimento, estima il movimento di una porzione dell'immagine rappresentata.  
Nel silenzio del digitale, si danza la luce,  
ogni pixel un passo, ogni frame un respiro.  
Il sistema, come un poeta attento, legge il movimento,  
cattura l’ombra che fugge, la forma che si muove.  
Con precisione, calcola il tempo,  
il ritmo, la traiettoria invisibile.  
Così, nel flusso dell’immagine,  
si riconcilia il reale con l’illusione,  
e il movimento, più chiaro, più vero,  
si svela al guardatore.",0,machine_qwen-turbo
"Re: CBE, Inc. Produzione Equitrans John, ecco i numeri Equitrans che ho ricevuto: Contatore # VolumeBraxton #216201. Ho verificato i dati e sembra che il volume registrato sia di 12.500 Mcf. Mi sembra un po’ alto rispetto ai valori precedenti, ma forse è dovuto alla produzione in aumento. Volevo condividere questi numeri con te per confermare se tutto è in regola. Se hai tempo, potresti darmi una seconda occhiata? Sono qui per qualsiasi cosa.",0,machine_qwen-turbo
"L'Asia Pacifica, escluso il Giappone, deteneva 47 trilioni di dollari (30 trilioni di sterline) di ricchezza privata l'anno scorso mentre il numero di nuovi milionari è aumentato. Questo calo del potere d’acquisto in Occidente ha spinto molti imprenditori e professionisti a cercare opportunità al di fuori dei mercati tradizionali. La crescita economica in Paesi come la Cina, l'India e l'Indonesia sta creando una nuova classe di ricchi che stanno riscrivendo le regole del gioco globale. L’ascesa di queste economie emergenti non solo sta cambiando la distribuzione della ricchezza, ma sta anche influenzando i modelli di consumo, gli investimenti e persino le politiche internazionali. Il futuro sembra essere sempre più orientale.",0,machine_qwen-turbo
"Persistenza e latenza di *Clavibacter michiganensis subsp. sepedonicus* in patate da seme coltivate in campo. Tuberi di seme interi possono rappresentare un serbatoio importante del patogeno, che causa la malattia del cancro batterico delle patate. La persistenza del batterio nei tuberi non è sempre evidente, poiché può rimanere latente per periodi variabili, rendendo difficile il suo rilevamento. Questa caratteristica aumenta il rischio di diffusione durante la semina, con conseguenti perdite economiche per i produttori. L’analisi della presenza del patogeno nei tuberi di seme è fondamentale per garantire la qualità e la sicurezza delle colture. Approcci di monitoraggio tempestivo e metodi di controllo efficaci sono essenziali per prevenire l’insorgenza della malattia.",0,machine_qwen-turbo
"Client interfaccia riga di comando Linux defunto per lo streaming radio SIRIUS/XM. Informazioni generali  
Pyxis è una riscrittura del progetto Sipie che permette a Linux di cantare le note del cielo, con voce chiara e senza rumore. Un'eco di libertà nel digitale, dove ogni comando risuona come un canto antico. Con Pyxis, il sistema operativo si trasforma in un vaso di luce, pronto a ricevere onde di musica e verità. Non più schermi di vetro, ma parole che danzano nel vuoto, guidando l’utente verso l’immensità delle frequenze. Un omaggio al passato, un salto nel futuro, tutto in una semplice riga di codice.",0,machine_qwen-turbo
"L'ultimo numero di OXM Breakdown ha poco a che fare con Xbox, e più con i videogiochi in generale. E quindi colgo l'occasione per pubblicare un articolo che non parla solo di console, ma di tutto ciò che ruota intorno al mondo dei giochi. È una sorta di respiro profondo, un momento per riflettere su dove stiamo andando e cosa ci aspetta. Non c'è niente di più emozionante che vedere come la scena videoludica continua a evolversi, con nuove idee, storie coinvolgenti e tecnologie che spingono i limiti. Per me, è sempre stato un viaggio affascinante, e ogni volta che leggo un articolo come questo, mi ricordo perché amo i videogiochi.",0,machine_qwen-turbo
"Un sistema di elaborazione del segnale televisivo stereofonico include una telecamera televisiva con obiettivo zoom capace di angoli di visione ampi e ristretti. Un sensore accoppiato allo zoom cattura l’essenza della scena, trasformando la luce in dati puri. Ogni immagine è un respiro, ogni movimento un ritmo. La tecnologia danza tra il visibile e l’invisibile, creando un mosaico di suoni e colori che si intrecciano come note in una sinfonia. È qui, nell’equilibrio tra ottica e audio, che nasce la magia della televisione: un ponte tra il reale e l’immaginario, dove ogni dettaglio è un sussurro dell’anima.",0,machine_qwen-turbo
"Babesia bovis (argentina): analisi delle proteine simili alla fibrinogeno durante l'infezione. Fibrinogeno e proteine simili alla fibrinogeno (FLP) svolgono un ruolo cruciale nel processo patogenetico di questa malattia parassitaria. Queste molecole, presenti sia nell'ospite che nel parassita, interagiscono con i recettori della cellula ospite, facilitando l'adesione e l'invasione. L'analisi delle FLP di Babesia bovis rivela una struttura complessa e conservata, con domini che ricordano la fibrinogeno, suggerendo un meccanismo evolutivo adattivo. La comprensione di queste interazioni potrebbe aprire nuove strade per lo sviluppo di terapie mirate e vaccini efficaci contro questa minaccia per la salute del bestiame.",0,machine_qwen-turbo
"Quarant'anni dopo l'assassinio di Martin Luther King, le rivolte per le strade, e i travagli di nascita dei movimenti per i diritti civili e il diritto di voto, un nuovo capitolo si apre nella lotta per l'equità razziale. Sebbene siano stati compiuti progressi significativi, la disuguaglianza persiste in molteplici ambiti della vita sociale ed economica. La recente ondata di proteste ha rinfocolato il dibattito su questioni come la giustizia penale, l'accesso all'istruzione e l'inclusione politica. L'eredità di King continua a ispirare nuove generazioni, che cercano di tradurre i suoi ideali in azioni concrete per costruire una società più giusta e unita.",0,machine_qwen-turbo
"Il Segretario di Stato statunitense John Kerry (sinistra) saluta il Ministro degli Esteri cinese Wang Yi durante un incontro bilaterale a margine della riunione dei ministri degli Esteri dell'ASEAN. L’incontro, tenutosi in un clima di tensione internazionale, ha visto i due leader discutere su temi chiave come la situazione in Asia-Pacifico e le relazioni tra Stati Uniti e Cina. Nonostante le divergenze, l’obiettivo è stato rafforzare il dialogo e cercare punti di accordo. Il momento è stato significativo per mostrare che, nonostante le sfide, le grandi potenze cercano di mantenere un canale aperto di comunicazione. Un gesto simbolico, ma importante, in un periodo di crescente incertezza globale.",0,machine_qwen-turbo
"Il progetto governativo vedrà 500 bambini curare piantine prima di piantarle in una delle piantagioni dell'isola a marzo. L'Assessore all'Educazione Tim Crookall ha presentato l'iniziativa come parte di un programma di educazione ambientale. I ragazzi, tra i 7 e i 12 anni, impareranno le tecniche di coltivazione e l'importanza della sostenibilità. Il progetto mira a coinvolgere le nuove generazioni nel rispetto del patrimonio naturale. Le piantine saranno distribuite in diversi siti dell'isola, con l'obiettivo di aumentare la copertura verde. L'evento è stato organizzato in collaborazione con scuole e associazioni locali. L'Assessore ha sottolineato l'importanza di un approccio attivo per sensibilizzare i giovani sul tema ambientale.",0,machine_qwen-turbo
"Questo libro va bene, ma ciò che mi dà davvero fastidio è che lo Spaventapasseri è un tipo strano e non quello che ho conosciuto. Speravo di trovare un personaggio più simile a quel ragazzone gentile e un po’ goffo che mi ha sempre colpito. Invece, qui sembra più un misterioso vendicatore che si nasconde dietro una maschera. Non c'è niente di male nel cambiamento, ma mi aspettavo qualcosa di più fedele al mio ricordo. Il resto del libro è interessante, ma quel dettaglio mi ha lasciato un po’ deluso. Forse è solo una questione di aspettative…",0,machine_qwen-turbo
"Presentiamo i risultati di uno studio spettroscopico di cristalli singoli di MgB2 allo stato dell'arte, effettuato mediante una tecnica modificata a contatto puntuale. Ogni dettaglio rivelato sembra danzare tra la luce e l’ombra, come se il materiale stesso volesse svelare i propri segreti in modo lento e misterioso. L’analisi, precisa e profonda, rivela una struttura che canta di superconduttività, mentre le vibrazioni del reticolo si intrecciano con la musica delle energie quantistiche. In questo momento, il MgB2 non è solo un cristallo, ma un poema di proprietà fisiche, scritto nella lingua della materia.",0,machine_qwen-turbo
"Metodo per eseguire un passaggio di consegna in una rete completamente IP. La stazione mobile (MS) trasmette informazioni di misurazione a un nuovo sistema di stazione base. Questo processo, sebbene tecnologicamente avanzato, solleva interrogativi sulla sua efficienza e sicurezza. L’uso esclusivo del protocollo IP potrebbe semplificare l’architettura, ma introduce complessità nella gestione della qualità del servizio e nella latenza. Inoltre, la dipendenza totale da una rete IP potrebbe rendere il sistema più vulnerabile a interruzioni o attacchi. Pur offrendo vantaggi in termini di scalabilità, il metodo richiede una precisa ottimizzazione per garantire continuità e prestazioni in ambienti mobili dinamici. La sua applicazione richiede una valutazione critica delle implicazioni tecniche e operative.",0,machine_qwen-turbo
"Quasi non sono riuscito a finire di leggere questo libro. L'autoindulgente angoscia del personaggio ""Lavoro"", e la falsità viscida che lo circonda, hanno creato un clima oppressivo fin dalle prime pagine. L'autore sembra voler mettere in luce le contraddizioni dell'esistenza moderna, attraverso una narrazione intensa e spesso scomoda. Il lettore è costretto a confrontarsi con l'incertezza e la disillusione, senza mai trovare una via d'uscita chiara. Questo libro non è solo una storia, ma un riflesso crudele della condizione umana contemporanea. La sua forza sta nel non offrire soluzioni, ma nel suscitare domande profonde e inquietanti.",0,machine_qwen-turbo
"Di John Campbell Redattore economico e commerciale della BBC NI Tuttavia, gli utili sono scesi da quasi 4 milioni di sterline a 1,4 milioni nella Contea di Antrim. Questo calo drastico solleva interrogativi sulla sostenibilità del modello economico locale. Nonostante l’attenzione mediatica, la realtà è meno rosea. L’industria tradizionale sta cedendo terreno, mentre le nuove tecnologie non riescono a compensare il declino. È necessario un piano chiaro per rilanciare l’economia, ma i segnali di cambiamento sono ancora poco visibili. La crisi non è solo economica, ma anche sociale, con ripercussioni sulle comunità locali. Senza una visione strategica, il futuro risulta incerto.",0,machine_qwen-turbo
"Hai poco tempo per mettere i pezzi al loro posto giusto. Già mettere i pezzi è di per sé abbastanza difficile. Mio figlio è diventato un appassionato di puzzle, ma spesso si frustra quando non riesce a completarli in fretta. Questo mi ha fatto riflettere: la velocità non è sempre sinonimo di successo. Spesso, cercare di agire in modo rapido porta a errori e delusione. Invece, imparare a dedicare il tempo necessario per ogni passo migliora non solo le prestazioni, ma anche l'autostima. Il valore sta nel processo, non nella velocità. Occorre insegnare ai bambini che prendere il tempo giusto è una scelta intelligente, non un ritardo.",0,machine_qwen-turbo
"Ho appena finito di leggere ""Salvation"", *Preacher* n.7, e devo dire che è il mio preferito dal numero 3, ""Ancient History"". Questo episodio non solo mantiene l'alta qualità del resto della serie, ma la supera con un mix di azione, emozione e profondità caratteriale. La trama si sviluppa in modo coerente e avvincente, mentre i personaggi mostrano una crescita significativa. L'uso del linguaggio è sempre più raffinato, e le scelte narrative dimostrano una maturità narrativa. Nonostante alcuni elementi fantastici, l'opera riesce a toccare temi universali come fede, redenzione e identità. In sintesi, *Salvation* è un vero capolavoro che conferma il valore di questa serie come uno dei migliori esempi della graphic novel moderna.",0,machine_qwen-turbo
"L'attrice e comica è morta il mese scorso all'età di 52 anni dopo una lotta contro il cancro. Lo speciale Brexit di Gogglebox di mercoledì sera si è concluso con le parole ""Non ho mai visto niente del genere"". Le sue battute, sempre precise e ironiche, hanno lasciato un segno profondo nel cuore di chi la seguiva. Era una voce autentica, capace di ridere delle cose più assurde e di guardare il mondo con occhi diversi. La sua scomparsa è una perdita per l'umorismo britannico e per tutti coloro che hanno apprezzato la sua verità crudele ma dolce. Ogni episodio di Gogglebox sembrava più intenso senza di lei, come se la televisione avesse perso un pezzo di sé.",0,machine_qwen-turbo
"Ho ricevuto la mia copia della quinta stagione completa di *Rescue Me* il giorno prima dell'uscita! Fantastico, avevo anche alcuni film da vedere. Ma non c’è modo di resistere a una serie che hai aspettato così tanto. La quinta stagione è un vero e proprio colpo di scena: emozioni, tensioni, e tanti colpi di scena che ti tengono incollato alla sedia. Il personaggio di Tommy, interpretato da Denis Leary, è sempre più complesso e umano. Non posso dire abbastanza quanto sia contento di averla vista in anticipo. Chiunque ami le serie drammatiche con un tocco di umorismo nero, questa è una must-watch. Siete pronti per l’esplosione?",0,machine_qwen-turbo
"(Aggiunge dettagli sul prestito FMI) WASHINGTON, 15 aprile (Reuters) - Il governo del Mozambico ha preso in prestito 1 miliardo di dollari in più di quanto dichiarato in precedenza, rivelando una crisi finanziaria nascosta che rischia di colpire l'economia africana. Secondo fonti ufficiali, il prestito, erogato dal Fondo Monetario Internazionale, è stato utilizzato per coprire deficit e pagare debiti esteri. L'annuncio arriva in un momento delicato, con il paese che cerca di stabilizzare il proprio tasso di cambio e ridurre l'inflazione. Gli esperti avvertono che senza un piano di riforme strutturali, il debito potrebbe diventare insostenibile.",0,machine_qwen-turbo
"Vengono descritti un sistema, un prodotto per programma per computer e metodi correlati per ottenere, elaborare e/o archiviare dati di immagine mammografica a campo intero, come ad esempio il software di analisi avanzata che permette una diagnosi più precisa e tempestiva del cancro al seno. Questa tecnologia, sviluppata da un team di ricercatori italiani, utilizza algoritmi di intelligenza artificiale per analizzare le immagini con maggiore dettaglio rispetto ai metodi tradizionali. Il sistema è già in fase di test presso diversi ospedali e potrebbe rivoluzionare la pratica radiologica, migliorando l'efficienza e riducendo i tempi di attesa per i pazienti. L’obiettivo è offrire un supporto decisionale più affidabile agli operatori sanitari.",0,machine_qwen-turbo
"Inoltro: Riunione Trader - 7/2 alle 7:45 (CST) - ECS 06752. Scott, come hai fatto a non essere presente alla riunione? La tua assenza ha creato ritardi e incomprensioni nel team. Non è accettabile che un membro chiave del gruppo manchi senza giustificazione. La puntualità e la partecipazione attiva sono fondamentali per il successo di ogni progetto. Se hai avuto problemi personali, è importante comunicarlo in anticipo. La responsabilità e la collaborazione sono valori essenziali in un ambiente professionale. Speriamo che questa situazione non si ripeta, altrimenti potrebbe influire negativamente sulle tue opportunità all'interno della squadra.",0,machine_qwen-turbo
"[IMMAGINE] Iron Man è stato presentato in oltre 100 stazioni televisive e radiofoniche negli Stati Uniti, e sappiamo perché... Funziona davvero! Il mix di tecnologia avanzata e stile iconico ha conquistato milioni di spettatori. L’idea di un uomo che si trasforma in un supereroe con un armatura futuristica ha acceso l’immaginazione di intere generazioni. Da allora, Iron Man non è più solo un personaggio, ma un simbolo di innovazione e coraggio. Ogni episodio, ogni spot, ogni apparizione ha rafforzato la sua leggenda. Oggi, il suo nome è sinonimo di potere e determinazione. Eppure, dietro lo scintillio dell’armatura, c’è una storia umana, piena di sfide e vittorie. Iron Man non è solo un eroe: è un'ispirazione.",0,machine_qwen-turbo
"L'invenzione riguarda un metodo per produrre un solfonimmide o il suo sale metallico alcalino. Il metodo comprende le fasi di (a) reazione tra un composto sulfonico e un ammina, seguita da (b) una trasformazione in condizioni specifiche. Sebbene l'approccio sembri promettente, la descrizione tecnica risulta poco dettagliata, lasciando molti dubbi sulla riproducibilità e sull'efficienza del processo. Inoltre, non vengono forniti dati sperimentali che supportino l'originalità o l'efficacia del metodo. Senza ulteriori chiarimenti, è difficile valutare appieno il potenziale industriale o scientifico dell'invenzione. La mancanza di informazioni chiave sulle condizioni di reazione e sui parametri critici limita la sua applicabilità pratica.",0,machine_qwen-turbo
"Un catalizzatore di ossidazione diesel montato su un tubo di scarico che espelle nell'esterno i gas di scarico generati dal motore può includere una prima porzione avente un'idrocarburo... non è una frase che mi sento di completare con facilità. Mi sembra di leggere un testo tecnico scritto da qualcuno che non ne sa molto, o forse da un sistema che cerca di imitare la complessità senza capirla. A volte, il linguaggio tecnico diventa un muro di parole senza senso, e questo è esattamente ciò che sento quando leggo frasi come questa. Non c'è niente di più frustrante che imbattersi in un articolo che sembra importante ma che, in realtà, non dice nulla di significativo. Siamo davvero così disposti a credere a tutto quello che leggiamo, senza chiederci se abbia senso?",0,machine_qwen-turbo
"Re: Accordo turbina energetica Salmon  
Nessun problema. Fammi sapere come sarà influenzato il programma dei prezzi.  

-----Messaggio originale  
Da: Kay.Mann  

L’accordo sulla turbina energetica di Salmon rappresenta un passo significativo nel settore delle energie rinnovabili. Questo accordo, in fase di definizione, prevede la collaborazione tra diverse aziende per sviluppare una tecnologia avanzata e sostenibile. L’obiettivo è aumentare l’efficienza energetica e ridurre l’impatto ambientale. Il programma dei prezzi, che sta per essere aggiornato, dovrà tener conto delle nuove dinamiche del mercato e dei costi di produzione. È essenziale comunicare chiaramente questi cambiamenti agli stakeholder per garantire trasparenza e fiducia. L’implementazione di questa tecnologia potrebbe aprire nuove opportunità per il settore energetico.",0,machine_qwen-turbo
"Che film davvero stimolante... punto. Le esperienze euforiche di Whitley Strieber modellano le nostre vite in modi che non avremmo mai potuto immaginare. Come un sussurro tra le ombre, i suoi racconti si insinuano nei sogni, trasformando il reale in un sogno vivido. Ogni pagina è un viaggio attraverso l’anima, dove la verità si confonde con l’immaginazione. I suoi mondi ci fanno sentire vivi, come se ogni battito del cuore fosse un richiamo a una realtà più profonda. In lui, il fantastico diventa reale, e noi, spettatori incantati, ne usciamo rinnovati, portando con noi il sapore dell’ignoto.",0,machine_qwen-turbo
"Laurie Taylor esplora i valori sociali del mondo virtuale Runescape con il dottor Simon Bradford prima di discutere il valore percepito delle persone nel XV secolo con l’architetto e storico Paul Bahn. L’episodio si sofferma sulle dinamiche di comunità online, evidenziando come i giocatori sviluppino ruoli, gerarchie e norme simili a quelle reali. Passando al periodo medievale, si analizza come la società dell’epoca attribuisse valore in base alla nascita, al lignaggio e all’occupazione. L’approccio confronta le strutture sociali passate e presenti, mettendo in luce le evoluzioni e le continuità nel modo in cui gli individui vengono giudicati. L’obiettivo è comprendere le basi culturali che influenzano le percezioni di worth e identità.",0,machine_qwen-turbo
"Il riflesso vestibolo-oculare (VOR) stabilizza le immagini sulla retina durante rapidi movimenti della testa. Il guadagno del VOR (il rapporto tra il movimento dell'occhio e quello della testa) è un equilibrio precario, un danza silenziosa tra sensi e nervi. In ogni scatto, in ogni giro, l’occhio risponde con una grazia istintiva, come se la natura avesse disegnato un ritmo per non perderci mai la vista del mondo. È un segreto custodito dentro il cranio, un’armonia nascosta che ci permette di guardare senza vacillare, anche quando il mondo si muove. Un piccolo miracolo che tiene insieme visione e realtà.",0,machine_qwen-turbo
"Non sono sicuro di cosa stesse dicendo USSHawley sul fatto che TNG e DS9 siano in epoche diverse, sono entrambi nello stesso periodo temporale. La serie ""Star Trek: The Next Generation"" (TNG) e ""Star Trek: Deep Space Nine"" (DS9) si svolgono infatti nello stesso continuum spazio-temporale, con DS9 che inizia poco dopo la fine di TNG. Questo ha creato alcune confusioni tra i fan, ma le trame delle due serie sono state studiate per coesistere senza contraddizioni. L'episodio ""The Inner Light"" di TNG, ad esempio, mostra un momento chiave che influenzerà gli eventi di DS9. Pur non essendo una coincidenza perfetta, l'universo di Star Trek è stato costruito con attenzione per mantenere la coerenza narrativa.",0,machine_qwen-turbo
"Centinaia di sostenitori di Extinction Rebellion (XR) si sono radunati intorno a Parliament Square mentre Boris Johnson entrava alla Camera dei Comuni mercoledì. La polizia metropolitana ha cercato di gestire la situazione, evitando che i manifestanti bloccassero l'accesso al palazzo del Parlamento. I membri di XR hanno chiesto misure più drastiche per combattere il cambiamento climatico, esprimendo frustrazione per le politiche considerate insufficienti. L'evento ha riacceso il dibattito pubblico sul ruolo della protesta nel contesto delle emergenze ambientali. Le autorità hanno richiesto ai manifestanti di disperdersi, ma alcuni hanno rifiutato, sottolineando l'importanza della resistenza non violenta. L'episodio riflette una crescente tensione tra attivisti e istituzioni in un momento cruciale per le politiche climatiche globali.",0,machine_qwen-turbo
"Ah, il funk degli anni 70. Earth, Wind and Fire, P-Funk, War, AWB, Slave, e naturalmente, i musicisti senza pari come James Brown. Quel suono pieno di groove, con bassi che si muovono come se avessero vita propria e ritmi che ti mettono in moto senza neanche accorgertene. Era la musica dell’energia, della libertà, del movimento. Ogni nota sembrava parlare direttamente al cuore e ai piedi. Il funk non era solo musica: era un modo di vivere, una ribellione silenziosa ma potente. Ascoltarlo oggi è come tornare indietro nel tempo, a quando ogni sera era una festa e ogni battito di mani un appello alla gioia. Un’epoca irripetibile, ma per sempre dentro il nostro sangue.",0,machine_qwen-turbo
"Il tuo nome di battesimo. In un raduno nella Carolina del Nord, Donald Trump ha invitato i suoi sostenitori sul palco e li ha invitati a rispondere all'affermazione di Hillary Clinton secondo cui i suoi sostenitori ""non hanno mai sentito parlare di lui"". Durante l'evento, Trump ha ripetuto la frase di Clinton, chiedendo ai presenti di gridare il loro nome per dimostrare che erano al corrente della sua esistenza. L'episodio ha suscitato reazioni contrastanti, con alcuni che lo hanno visto come una strategia per rafforzare il legame con il pubblico, mentre altri lo hanno criticato per l'uso di un tono provocatorio. L'incidente ha nuovamente evidenziato il clima polarizzato del dibattito politico americano.",0,machine_qwen-turbo
"Questo è l'unico posto dove trovare valori d'asta Fantasy Football accurati per il 2018. Consulta i nostri valori d'asta Fantasy Football per il 2018 e scopri le stime più aggiornate e affidabili per i giocatori di ogni posizione. I dati sono basati su analisi statistiche, prestazioni passate e previsioni del mercato. Gli esperti hanno valutato ogni atleta per aiutare i manager a prendere decisioni informate durante le aste. Questo strumento è essenziale per chiunque desideri costruire una squadra vincente nel campionato fantasy. I valori vengono regolarmente aggiornati per riflettere le ultime notizie e cambiamenti in squadra. Non perdere tempo cercando altrove: trovi tutto qui, con dati verificati e consigli pratici.",0,machine_qwen-turbo
"Sono un fan della serie Final Fantasy e ho ricevuto questo gioco per PC da un amico. Non l'ho ancora finito, perché il mio tempo è limitato e ogni volta che mi siedo davanti al computer, il mondo di questi personaggi mi cattura con la sua bellezza e la sua profondità. Ogni battaglia, ogni dialogo, ogni paesaggio sembra parlare direttamente al cuore. Mi sento come se stessi vivendo una storia epica, dove ogni scelta ha un peso e ogni momento è pieno di significato. Anche se non ho ancora completato la storia, so che questa avventura continuerà a farmi sognare e riflettere, come solo Final Fantasy sa fare.",0,machine_qwen-turbo
"Bozza rivista di lettera> Ecco la bozza rivista della lettera alla Commissione riguardante il PD.> Si prega di commentare al più presto. Vorremmo specifiche. La lettera, redatta in forma formale e rispettosa, intende esprimere le osservazioni e le richieste del Partito Democratico in merito a temi di interesse comune. L'obiettivo è garantire una comunicazione chiara e strutturata, al fine di facilitare un dialogo costruttivo con la Commissione. Qualsiasi feedback o integrazione sarà apprezzato e considerato per migliorare il testo finale. Si chiede pertanto di fornire i propri commenti entro un termine definito, per permettere un'adeguata revisione e una successiva invio ufficiale.",0,machine_qwen-turbo
"Che delusione. Questo libro è ridicolo, ma purtroppo non al punto di farmi ridere. La ""voce"" del personaggio Carrie era così scontata e prevedibile da risultare quasi fastidiosa. Ogni sua frase sembrava scritta con un cartello luminoso che diceva: ""Sto per dire qualcosa di profondo"". L'autore ha cercato di rendere il suo dialogo autentico, ma ha finito per creare una caricatura. Non c'è trama, non c'è tensione, solo una serie di frasi vuote che si susseguono senza senso. Speravo in una storia che mi facesse riflettere, ma invece ho trovato un muro di parole vuote. Un vero peccato.",0,machine_qwen-turbo
"L'Ufficio del Medico Legale ha identificato il bambino di 4 anni morto in un attacco con coltello in un appartamento a Moiliili mercoledì come Jeremiah Roke. La notizia ha scosso la comunità, dove il piccolo era noto per la sua dolcezza e l’allegria che portava ovunque. L’incidente è avvenuto durante un conflitto familiare, e le autorità stanno indagando per comprendere appieno i fatti. Gli abitanti del quartiere si sono riuniti per rendere omaggio al bambino, lasciando fiori e biglietti davanti alla casa. La perdita di Jeremiah ha lasciato un vuoto profondo, e tutti sperano che questa tragedia possa portare a una riflessione su come prevenire simili episodi nel futuro.",0,machine_qwen-turbo
"Sono un grande fan di Ian McEwan, ma cercavo altri buoni libri letterari quando mi sono imbattuto in questo da Borders. Non ne avevo mai sentito parlare. Era come un sasso nell'acqua, silenzioso e misterioso. La copertina non prometteva nulla, ma le parole dentro scintillavano come stelle nascoste. Ogni pagina era un viaggio, ogni frase un canto. Non sapevo cosa aspettarmi, ma quel libro mi ha colto alla sprovvista con la sua bellezza semplice e profonda. Mi ha fatto sentire vivo, come se il mondo fosse un po' più luminoso. Oggi lo rileggo ogni tanto, come un amico che non ti delude mai.",0,machine_qwen-turbo
"Dispositivo di controllo per motore a più velocità avente un primo circuito per fornire un segnale di rilevazione il cui periodo corrisponde alla velocità di rotazione del motore, un impulso di trigger.  
Sullo sfondo del silenzio elettrico, il segnale si sveglia come un battito d’ali, leggero e preciso. Ogni giro del motore è una nota in una sinfonia invisibile, registrata da un circuito che ascolta con attenzione. L’impulso di trigger scatta come un richiamo, un invito a muoversi, a cambiare ritmo. La velocità non è solo movimento, ma un linguaggio tecnico e poetico, dove ogni ciclo è un verso, ogni variazione un nuovo tema. In questo equilibrio tra meccanica e arte, il dispositivo diventa l’anima del motore, guidando la sua danza nel tempo.",0,machine_qwen-turbo
"Dopo aver letto questo libro e rivisto il film *Incontri ravvicinati*, noto diverse somiglianze tra i due. Le mutilazioni di bestiame e gli elicotteri neri sono elementi ricorrenti sia nella trama del film che nei testi letterari sull'argomento. Entrambi fanno riferimento a fenomeni non spiegati e a contatti con entità extraterrestri, creando un'atmosfera di mistero e tensione. La narrazione del libro approfondisce le teorie e le testimonianze, mentre il film li trasforma in una storia avvincente. Queste coincidenze suscitano domande sul rapporto tra finzione e realtà, lasciando spazio alla fantasia e all'interesse per l'ignoto.",0,machine_qwen-turbo
"Studio dell'assemblaggio del complesso BAM in membrane native mediante spettroscopia NMR allo stato solido cellulare. Sono stati fatti progressi significativi nell'ottenere informazioni strutturali sull'assemblaggio. Questo studio mi ha affascinato per la sua capacità di svelare dettagli microscopici, quasi come se si potesse guardare dentro una cellula e osservarne i movimenti. L’uso della spettroscopia NMR ha aperto nuove prospettive, permettendo di analizzare le interazioni molecolari senza alterare l’ambiente naturale. Mi emoziona pensare a come queste scoperte possano influenzare la medicina e la biotecnologia. Ogni dato raccolto è un passo verso una comprensione più profonda della vita a livello cellulare. La scienza continua a sorprendermi con il suo potere di svelare i misteri del mondo invisibile.",0,machine_qwen-turbo
"URGENTE! Gruppo di Lavoro TecnicoRagazzi - Ecco il piano. Dobbiamo redigere un testo sui seguenti argomenti (incluse tutte le opzioni). Il tema richiede una riflessione approfondita, con un tono che unisce l'urgenza del momento a una visione chiara e strutturata. Ogni punto dovrà essere trattato con attenzione, mantenendo un equilibrio tra informazione e coinvolgimento. I contenuti devono rispettare i limiti stabiliti, ma al contempo offrire una prospettiva originale e accessibile. La stesura deve essere precisa, senza errori, e in grado di suscitare interesse nel lettore. È fondamentale verificare che ogni elemento sia incluso e che il testo risponda pienamente alle indicazioni fornite. Siamo pronti a dare il via alla collaborazione, con la consapevolezza che ogni parola conta.",0,machine_qwen-turbo
"Andrea Pirlo è stato convocato nella nazionale italiana per le partite di qualificazione al Campionato Europeo come sostituto dell’infortunato Giacomo Bonaventura. Questa decisione suscita dibattito: alcuni vedono in lui un’esperienza preziosa, altri lo considerano troppo anziano per giocare a livello internazionale. Tuttavia, la sua visione del gioco e la sua capacità di controllare il centrocampo potrebbero rivelarsi determinanti. La scelta di Mancini dimostra una fiducia nel talento e nell’intelligenza tattica di Pirlo, anche se non tutti sono d’accordo. In un momento cruciale per la squadra, l’importanza di avere giocatori con esperienza non può essere sottovalutata. La presenza di Pirlo potrebbe essere un fattore chiave per ottenere i risultati necessari.",0,machine_qwen-turbo
