text,label,source,rewrite
Processing should be lawful where it is necessary in the context of a contract or the intention to enter into a contract.,0,human_priacy,Processing is lawful when it is required for the performance of a contract or the intention to form one.
This Regulation does not apply to the personal data of deceased persons. Member States may provide for rules regarding the processing of personal data of deceased persons.,0,human_priacy,This Regulation does not cover the personal data of deceased individuals. Member States may establish regulations concerning the handling of such data.
Article 16(2) TFEU mandates the European Parliament and the Council to lay down the rules relating to the protection of natural persons with regard to the processing of personal data and the rules relating to the free movement of personal data.,0,human_priacy,Article 16(2) of the TFEU requires the European Parliament and the Council to establish regulations concerning the protection of individuals regarding personal data processing and the free movement of such data.
"In order to fulfil the objectives of this Regulation, namely to protect the fundamental rights and freedoms of natural persons and in particular their right to the protection of personal data and to ensure the free movement",0,human_priacy,"To achieve the goals of this Regulation, which are to safeguard the fundamental rights and freedoms of individuals, especially their right to personal data protection, and to guarantee the free movement"
This Regulation does not apply to the processing of personal data by a natural person in the course of a purely personal or household activity and thus with no connection to a professional or commercial activity. Personal or,0,human_priacy,"This Regulation does not apply to the processing of personal data by a natural person for purely personal or household purposes, without any link to a professional or commercial activity. Personal or"
"The controller should use all reasonable measures to verify the identity of a data subject who requests access, in particular in the context of online services and online identifiers. A controller should not retain personal data for the sole purpose of being able to react to potential requests.",0,human_priacy,"The controller must employ all reasonable methods to confirm the identity of a data subject seeking access, especially within online services and for online identifiers. Personal data should not be kept by a controller solely to address possible future requests."
The possibility for the controller or processor to use standard data-protection clauses adopted by the Commission or by a supervisory authority should prevent controllers or processors neither from including the,0,human_priacy,The option for the controller or processor to employ standard data-protection clauses approved by the Commission or a supervisory authority should not hinder controllers or processors from incorporating the
"In order to strengthen and harmonise administrative penalties for infringements of this Regulation, each supervisory authority should have the power to impose administrative fines. This Regulation should indicate",0,human_priacy,"To enhance and standardize administrative penalties for violations of this Regulation, each supervisory authority must possess the authority to levy administrative fines. This Regulation should specify"
The processing of personal data should also be regarded to be lawful where it is necessary to protect an interest which is essential for the life of the data subject or that of another natural person. Processing of personal data,0,human_priacy,The handling of personal data should also be considered lawful when it is essential to safeguard a vital interest for the life of the data subject or another individual. Processing of personal data
"Moreover, the processing of personal data by official authorities for the purpose of achieving the aims, laid down by constitutional law or by international public law, of officially recognised religious associations, is carried out on grounds of public interest.",0,human_priacy,"Furthermore, the handling of personal information by public bodies to fulfill objectives established by constitutional or international public law for officially recognized religious organizations is conducted based on public interest."
"The processor should assist the controller, where necessary and upon request, in ensuring compliance with the obligations deriving from the carrying out of data protection impact assessments and from prior consultation of the supervisory authority.",0,human_priacy,"The processor must help the controller, when needed and upon its request, to meet the obligations arising from conducting data protection impact assessments and from prior consultation with the supervisory authority."
"Where Member State law applies by virtue of public international law, this Regulation should also apply to a controller not established in the Union, such as in a Member State's diplomatic mission or consular post.",0,human_priacy,"Where national law is applicable under public international law, this Regulation shall also extend to controllers not established within the Union, for instance in a diplomatic mission or consular post of a Member State."
"This Regulation respects and does not prejudice the status under existing constitutional law of churches and religious associations or communities in the Member States, as recognised in Article 17 TFEU.",0,human_priacy,"This Regulation upholds and does not undermine the existing constitutional status of churches and religious associations or communities in the Member States, as acknowledged in Article 17 TFEU."
"When drawing up a code of conduct, or when amending or extending such a code, associations and other bodies representing categories of controllers or processors should consult relevant stakeholders, including data subjects where feasible, and have regard to submissions received and views expressed in response to such consultations.",0,human_priacy,"In establishing or revising a code of conduct, associations and groups representing controllers or processors ought to seek input from pertinent stakeholders, including data subjects when possible, and take into account the submissions and perspectives gathered from these consultations."
"The Commission should adopt immediately applicable implementing acts where available evidence reveals that a third country, a territory or a specified sector within that third country, or an international organisation does not ensure an adequate level of protection, and imperative grounds of urgency so require.",0,human_priacy,"The Commission must enact implementing acts with immediate effect when evidence indicates that a third country, territory, specific sector, or international organization fails to provide adequate protection, and urgent circumstances necessitate such action."
The application of pseudonymisation to personal data can reduce the risks to the data subjects concerned and help controllers and processors to meet their data-protection obligations. The explicit introduction of ‘pseudony­ misation’ in this Regulation is not intended to preclude any other measures of data protection.,0,human_priacy,The use of pseudonymisation on personal data can lower risks for the relevant data subjects and assist controllers and processors in fulfilling their data-protection duties. The specific inclusion of ‘pseudonymisation’ in this Regulation does not aim to exclude any other data protection measures.
"In order to demonstrate compliance with this Regulation, the controller or processor should maintain records of processing activities under its responsibility. Each controller and processor should be obliged to cooperate with the supervisory authority and make those records, on request, available to it, so that it might serve for monitoring those processing operations.",0,human_priacy,"To show adherence to this Regulation, controllers or processors must keep records of the processing activities they oversee. Every controller and processor is required to assist the supervisory authority and provide these records upon request, enabling the monitoring of such processing operations."
"A consultation of the supervisory authority should also take place in the course of the preparation of a legislative or regulatory measure which provides for the processing of personal data, in order to ensure compliance of the intended processing with this Regulation and in particular to mitigate the risk involved for the data subject.",0,human_priacy,Consultation with the supervisory authority should also occur during the preparation of any legislative or regulatory measure that involves personal data processing. This is to ensure the intended processing aligns with this Regulation and specifically to reduce the risks to the data subject.
"Where this Regulation provides for specifications or restrictions of its rules by Member State law, Member States may, as far as necessary for coherence and for making the national provisions comprehensible to the persons to whom they apply, incorporate elements of this Regulation into their national law.",0,human_priacy,"When this Regulation allows for specifications or limitations of its provisions through national legislation, Member States may, to the extent needed for consistency and to ensure clarity for those subject to the rules, integrate aspects of this Regulation into their domestic laws."
"Where personal data are processed for historical research purposes, this Regulation should also apply to that processing. This should also include historical research and research for genealogical purposes, bearing in mind that this Regulation should not apply to deceased persons.",0,human_priacy,"When personal data is used for historical research, this Regulation should also govern such processing. This encompasses historical research and genealogical studies, while noting that the Regulation does not apply to deceased individuals."
The European Data Protection Supervisor was consulted in accordance with Article 28(2) of Regulation (EC) No 45/2001 and delivered an opinion on 7 March 2012 (1).,0,human_priacy,The European Data Protection Supervisor was consulted as per Article 28(2) of Regulation (EC) No 45/2001 and issued an opinion on 7 March 2012 (1).
The independence of supervisory authorities should not mean that the supervisory authorities cannot be subject to control or monitoring mechanisms regarding their financial expenditure or to judicial review.,0,human_priacy,"The autonomy of oversight bodies should not imply that they are exempt from controls or monitoring of their financial outlays, nor from judicial scrutiny."
"For the purpose of consenting to the participation in scientific research activities in clinical trials, the relevant provisions of Regulation (EU) No 536/2014 of the European Parliament and of the Council (1) should apply.",0,human_priacy,"To consent to participation in scientific research within clinical trials, the applicable rules are those set forth in Regulation (EU) No 536/2014 of the European Parliament and of the Council (1)."
"Profiling is subject to the rules of this Regulation governing the processing of personal data, such as the legal grounds for processing or data protection principles. The European Data Protection Board established by this Regulation (the ‘Board’) should be able to issue guidance in that context.",0,human_priacy,"Profiling is governed by this Regulation's rules on personal data processing, including legal bases for processing and data protection principles. The European Data Protection Board created under this Regulation (the 'Board') should have the authority to provide guidance in this area."
"The main establishment of a controller in the Union should be the place of its central administration in the Union, unless the decisions on the purposes and means of the processing of personal data are taken in another establishment of the controller in the Union, in which case that other establishment should be considered to be",0,human_priacy,"The primary establishment of a controller within the Union should be its central administration, unless decisions regarding the purposes and means of processing personal data are made at another establishment of the controller in the Union, in which case that other establishment should be deemed as such."
"In order to enhance transparency and compliance with this Regulation, the establishment of certification mechanisms and data protection seals and marks should be encouraged, allowing data subjects to quickly assess the level of data protection of relevant products and services.",0,human_priacy,"To improve transparency and adherence to this Regulation, the promotion of certification frameworks along with data protection seals and marks should be supported, enabling data subjects to readily evaluate the data protection standards of associated products and services."
"In the context of the adoption of the Member State law on which the performance of the tasks of the public authority or public body is based and which regulates the specific processing operation or set of operations in question, Member States may deem it necessary to carry out such assessment prior to the processing activities.",0,human_priacy,"Within the framework of implementing national legislation that establishes the duties of a public authority or body and governs the specific processing operation or series of operations involved, Member States may consider it essential to conduct this evaluation before initiating the processing activities."
"Awareness-raising activities by supervisory authorities addressed to the public should include specific measures directed at controllers and processors, including micro, small and medium-sized enterprises, as well as natural persons in particular in the educational context. 4.5.2016 EN Official Journal of the European Union L 119/25",0,human_priacy,"Supervisory authorities' public awareness initiatives should incorporate targeted actions for controllers and processors, such as micro, small, and medium-sized businesses, along with individuals, especially within educational settings. 4.5.2016 EN Official Journal of the European Union L 119/25"
"Each supervisory authority should, where appropriate, participate in joint operations with other supervisory authorities. The requested supervisory authority should be obliged to respond to the request within a specified time period.",0,human_priacy,"Each supervisory authority ought to, when suitable, engage in joint activities with other supervisory bodies. The authority receiving the request must be required to reply within a designated timeframe."
"The protection afforded by this Regulation should apply to natural persons, whatever their nationality or place of residence, in relation to the processing of their personal data. This Regulation does not cover the processing of personal data which concerns legal persons and in particular undertakings established as legal persons, including the name and the form of the legal person and the contact details of the legal person.",0,human_priacy,"The safeguards established by this Regulation extend to natural persons, irrespective of nationality or residence, regarding the processing of their personal data. This Regulation does not apply to the processing of personal data pertaining to legal persons, notably enterprises constituted as legal persons, encompassing the legal person's name, legal form, and contact information."
"Natural persons may be associated with online identifiers provided by their devices, applications, tools and protocols, such as internet protocol addresses, cookie identifiers or other identifiers such as radio frequency identification tags. This may leave traces which, in particular when combined with unique identifiers and other information received by the servers, may be used to create profiles of the natural persons and identify them.",0,human_priacy,"Individuals can be linked to online identifiers from their devices, applications, tools, and protocols, including IP addresses, cookies, or other markers like RFID tags. These traces, especially when merged with unique identifiers and additional data collected by servers, can be utilized to build profiles of individuals and recognize them."
"The likelihood and severity of the risk to the rights and freedoms of the data subject should be determined by reference to the nature, scope, context and purposes of the processing. Risk should be evaluated on the basis of an objective assessment, by which it is established whether data processing operations involve a risk or a high risk.",0,human_priacy,"The probability and impact of risks to the rights and freedoms of data subjects must be assessed by considering the nature, scope, context, and purposes of the processing. This evaluation should be based on an objective analysis to determine whether the data processing activities present a risk or a high risk."
"Genetic data should be defined as personal data relating to the inherited or acquired genetic characteristics of a natural person which result from the analysis of a biological sample from the natural person in question, in particular chromosomal, deoxyribonucleic acid (DNA) or ribonucleic acid (RNA) analysis, or from the analysis of another element enabling equivalent information to be obtained.",0,human_priacy,"Genetic data must be classified as personal data concerning the inherited or acquired genetic traits of an individual, derived from examining a biological sample from that person. This includes analyses of chromosomes, DNA, or RNA, as well as the examination of other components that yield comparable information."
"Where a Member State establishes several supervisory authorities, it should establish by law mechanisms for ensuring the effective participation of those supervisory authorities in the consistency mechanism. That Member State should in particular designate the supervisory authority which functions as a single contact point for the effective participation of those authorities in the mechanism, to ensure swift and smooth cooperation with other supervisory authorities, the Board and the Commission.",0,human_priacy,"When a Member State sets up multiple supervisory authorities, it must create legal frameworks to guarantee their effective involvement in the consistency mechanism. Specifically, that Member State should appoint one supervisory authority to serve as the central liaison, enabling efficient participation in the mechanism and ensuring prompt and seamless collaboration with other supervisory authorities, the Board, and the Commission."
"For proceedings against a controller or processor, the plaintiff should have the choice to bring the action before the courts of the Member States where the controller or processor has an establishment or where the data subject resides, unless the controller is a public authority of a Member State acting in the exercise of its public powers.",0,human_priacy,"In legal actions involving a controller or processor, the claimant may opt to file the case in the courts of the Member States where the controller or processor operates an establishment or where the data subject is domiciled, except when the controller is a public authority of a Member State exercising its public powers."
"Where this Regulation does not harmonise administrative penalties or where necessary in other cases, for example in cases of serious infringements of this Regulation, Member States should implement a system which provides for effective, proportionate and dissuasive penalties. The nature of such penalties, criminal or adminis­ trative, should be determined by Member State law.",0,human_priacy,"Where this Regulation does not establish uniform administrative penalties or where required in other instances, such as for serious breaches of this Regulation, Member States ought to adopt a system that ensures penalties are effective, proportionate, and dissuasive. The type of these penalties, whether criminal or administrative, should be defined by the laws of each Member State."
"There may be an urgent need to act in order to protect the rights and freedoms of data subjects, in particular when the danger exists that the enforcement of a right of a data subject could be considerably impeded. A supervisory authority should therefore be able to adopt duly justified provisional measures on its territory with a specified period of validity which should not exceed three months.",0,human_priacy,"When there is an urgent need to safeguard the rights and freedoms of data subjects, especially if enforcing such rights might be significantly hindered, immediate action may be required. Consequently, a supervisory authority ought to have the power to implement properly justified provisional measures within its jurisdiction, valid for a specified duration not exceeding three months."
"There are circumstances under which it may be reasonable and economical for the subject of a data protection impact assessment to be broader than a single project, for example where public authorities or bodies intend to establish a common application or processing platform or where several controllers plan to introduce a common application or processing environment across an industry sector or segment or for a widely used horizontal activity.",0,human_priacy,"In certain situations, it can be both reasonable and cost-effective for a data protection impact assessment to cover a scope wider than just one project. This applies, for instance, when public authorities or organizations aim to set up a shared application or processing platform, or when multiple controllers intend to implement a common application or processing framework across an industry sector, segment, or for a widely adopted horizontal activity."
"The supervisory authorities should assist each other in performing their tasks and provide mutual assistance, so as to ensure the consistent application and enforcement of this Regulation in the internal market. A supervisory authority requesting mutual assistance may adopt a provisional measure if it receives no response to a request for mutual assistance within one month of the receipt of that request by the other supervisory authority.",0,human_priacy,"Supervisory authorities must support one another in carrying out their duties and offer mutual assistance to guarantee uniform application and enforcement of this Regulation within the internal market. If a supervisory authority receives no reply to a request for mutual assistance within one month after the other authority has received it, the requesting authority may implement a provisional measure."
"Children merit specific protection with regard to their personal data, as they may be less aware of the risks, consequences and safeguards concerned and their rights in relation to the processing of personal data. Such specific protection should, in particular, apply to the use of personal data of children for the purposes of marketing or creating personality or user profiles and the collection of personal data with regard to children when using services offered directly to a child. The consent of the holder of parental responsibility should not be necessary in the context of preventive or counselling services offered directly to a child.",0,human_priacy,"Children deserve particular protection concerning their personal data, as they might be less conscious of the associated risks, outcomes, safeguards, and their rights regarding data processing. This special protection should especially cover using children's personal data for marketing or building personality or user profiles, and gathering such data when services are directly offered to a child. Parental consent should not be required for preventive or advisory services provided directly to a child."
"This Regulation does not apply to issues of protection of fundamental rights and freedoms or the free flow of personal data related to activities which fall outside the scope of Union law, such as activities concerning national security. This Regulation does not apply to the processing of personal data by the Member States when carrying out activities in relation to the common foreign and security policy of the Union.",0,human_priacy,"This Regulation does not apply to matters concerning the protection of fundamental rights and freedoms or the free movement of personal data in activities outside the scope of Union law, including those pertaining to national security. It also does not apply to the processing of personal data by Member States when undertaking activities related to the Union’s common foreign and security policy."
"Where in the course of electoral activities, the operation of the democratic system in a Member State requires that political parties compile personal data on people's political opinions, the processing of such data may be permitted for reasons of public interest, provided that appropriate safeguards are established.",0,human_priacy,"In the context of electoral processes, when the functioning of a democratic system within a Member State necessitates that political parties collect personal data regarding individuals' political views, such processing may be allowed on grounds of public interest, given that suitable protective measures are implemented."
"This Regulation is without prejudice to the application of Directive 2000/31/EC of the European Parliament and of the Council (2), in particular of the liability rules of intermediary service providers in Articles 12 to 15 of that Directive. That Directive seeks to contribute to the proper functioning of the internal market by ensuring the free movement of information society services between Member States.",0,human_priacy,"This Regulation does not affect the application of Directive 2000/31/EC of the European Parliament and of the Council (2), notably the liability provisions for intermediary service providers under Articles 12 to 15 of that Directive. The aim of that Directive is to support the proper functioning of the internal market by guaranteeing the free movement of information society services among Member States."
"Those developments require a strong and more coherent data protection framework in the Union, backed by strong enforcement, given the importance of creating the trust that will allow the digital economy to develop across the internal market. Natural persons should have control of their own personal data. Legal and practical certainty for natural persons, economic operators and public authorities should be enhanced.",0,human_priacy,"These advancements necessitate a robust and more unified data protection framework within the Union, supported by rigorous enforcement, due to the critical need to foster the trust essential for the digital economy to flourish throughout the internal market. Individuals must be empowered to manage their personal data. Legal and practical clarity for individuals, businesses, and public authorities should be strengthened."
"Each supervisory authority should be provided with the financial and human resources, premises and infrastructure necessary for the effective performance of their tasks, including those related to mutual assistance and cooperation with other supervisory authorities throughout the Union. Each supervisory authority should have a separate, public annual budget, which may be part of the overall state or national budget.",0,human_priacy,"Every supervisory authority must be allocated the financial and human resources, facilities, and infrastructure required to effectively carry out its duties, including those involving mutual assistance and cooperation with other supervisory authorities across the Union. Each authority should also maintain an independent, publicly accessible annual budget, which may be integrated into the broader state or national budget."
"Directive (EU) 2016/680 of the European Parliament and of the Council of 27 April 2016 on the protection of natural persons with regard to the processing of personal data by competent authorities for the purposes of prevention, investigation, detection or prosecution of criminal offences or the execution of criminal penalties, and the free movement of such data and repealing Council Framework Decision 2008/977/JHA (see page 89 of this Official Journal).",0,human_priacy,"Directive (EU) 2016/680, adopted by the European Parliament and Council on 27 April 2016, concerns safeguarding natural persons in relation to personal data processing by competent authorities for preventing, investigating, detecting, or prosecuting criminal offences or enforcing criminal penalties, and on the free movement of such data, while repealing Council Framework Decision 2008/977/JHA (refer to page 89 of this Official Journal)."
"The establishment of supervisory authorities in Member States, empowered to perform their tasks and exercise their powers with complete independence, is an essential component of the protection of natural persons with regard to the processing of their personal data. Member States should be able to establish more than one supervisory authority, to reflect their constitutional, organisational and administrative structure.",0,human_priacy,"The creation of supervisory bodies in Member States, granted the authority to carry out their duties and wield their powers with full autonomy, is a fundamental element in safeguarding individuals concerning the handling of their personal data. Member States ought to have the capacity to set up multiple supervisory authorities, in order to align with their constitutional, organizational, and administrative frameworks."
"In such cases, a data protection impact assessment should be carried out by the controller prior to the processing in order to assess the particular likelihood and severity of the high risk, taking into account the nature, scope, context and purposes of the processing and the sources of the risk. That impact assessment should include, in particular, the measures, safeguards and mechanisms envisaged for mitigating that risk, ensuring the protection of personal data and demonstrating compliance with this Regulation.",0,human_priacy,"In such instances, a data protection impact assessment must be conducted by the controller before processing to evaluate the specific likelihood and severity of high risk, considering the processing's nature, scope, context, purposes, and risk sources. This assessment should specifically encompass the measures, safeguards, and mechanisms planned to mitigate the risk, protect personal data, and demonstrate adherence to this Regulation."
"The protection of the rights and freedoms of data subjects as well as the responsibility and liability of controllers and processors, also in relation to the monitoring by and measures of supervisory authorities, requires a clear allocation of the responsibilities under this Regulation, including where a controller determines the purposes and means of the processing jointly with other controllers or where a processing operation is carried out on behalf of a controller.",0,human_priacy,"Safeguarding the rights and freedoms of data subjects, along with the accountability and obligations of controllers and processors—including in the context of oversight by supervisory authorities and their enforcement actions—necessitates a precise delineation of duties under this Regulation. This applies both when controllers jointly determine the purposes and means of processing with others and when processing is conducted on a controller’s behalf."
"Where personal data might lawfully be processed because processing is necessary for the performance of a task carried out in the public interest or in the exercise of official authority vested in the controller, or on grounds of the legitimate interests of a controller or a third party, a data subject should, nevertheless, be entitled to object to the processing of any personal data relating to his or her particular situation. It should be for the controller to demonstrate that its compelling legitimate interest overrides the interests or the fundamental rights and freedoms of the data subject.",0,human_priacy,"Even when personal data processing is legally permitted for public interest tasks, official authority, or legitimate interests of the controller or a third party, the data subject retains the right to object based on their specific circumstances. The controller must then prove that its compelling legitimate interest outweighs the data subject’s interests, fundamental rights, and freedoms."
"The Board should be assisted by a secretariat provided by the European Data Protection Supervisor. The staff of the European Data Protection Supervisor involved in carrying out the tasks conferred on the Board by this Regulation should perform its tasks exclusively under the instructions of, and report to, the Chair of the Board.",0,human_priacy,The Board must be supported by a secretariat supplied by the European Data Protection Supervisor. Personnel from the European Data Protection Supervisor assigned to the Board's duties under this Regulation shall carry out their functions solely under the direction of and report directly to the Board's Chair.
"A group of undertakings should cover a controlling undertaking and its controlled undertakings, whereby the controlling undertaking should be the undertaking which can exert a dominant influence over the other undertakings by virtue, for example, of ownership, financial participation or the rules which govern it or the power to have personal data protection rules implemented. An undertaking which controls the processing of personal data in undertakings affiliated to it should be regarded, together with those undertakings, as a group of undertakings.",0,human_priacy,"A group of undertakings should comprise a controlling undertaking and the undertakings it controls. The controlling undertaking is one that can exercise a dominant influence over others, for instance through ownership, financial involvement, its governing rules, or the authority to enforce personal data protection rules. An undertaking that oversees personal data processing within its affiliated undertakings, together with those affiliates, should be considered a group of undertakings."
"The economic and social integration resulting from the functioning of the internal market has led to a substantial increase in cross-border flows of personal data. The exchange of personal data between public and private actors, including natural persons, associations and undertakings across the Union has increased. National authorities in the Member States are being called upon by Union law to cooperate and exchange personal data so as to be able to perform their duties or carry out tasks on behalf of an authority in another Member State.",0,human_priacy,"The operation of the internal market has fostered economic and social integration, significantly boosting cross-border transfers of personal data. There is a growing exchange of such data among public and private entities, including individuals, associations, and businesses throughout the Union. Under Union law, national authorities in Member States are required to collaborate and share personal data to fulfill their responsibilities or execute tasks on behalf of counterparts in other Member States."
"In order for processing to be lawful, personal data should be processed on the basis of the consent of the data subject concerned or some other legitimate basis, laid down by law, either in this Regulation or in other Union or L 119/8 EN Official Journal of the European Union 4.5.2016 Member State law as referred to in this Regulation, including the necessity for compliance with the legal obligation to which the controller is subject or the necessity for the performance of a contract to which the data subject is party or in order to take steps at the request of the data subject prior to entering into a contract.",0,human_priacy,"For lawful processing, personal data must be processed based on the data subject's consent or another lawful basis established by law, whether under this Regulation or other Union or Member State law referenced herein. This includes the need to comply with a legal obligation binding the controller, to perform a contract involving the data subject, or to take pre-contractual measures at the data subject's request."
The rules on the lead supervisory authority and the one-stop-shop mechanism should not apply where the processing is carried out by public authorities or private bodies in the public interest. In such cases the only supervisory authority competent to exercise the powers conferred to it in accordance with this Regulation should be the supervisory authority of the Member State where the public authority or private body is established.,0,human_priacy,"The provisions concerning the lead supervisory authority and the one-stop-shop mechanism are not applicable when processing is conducted by public authorities or private entities acting in the public interest. In these instances, the sole supervisory authority with the competence to utilize the powers granted under this Regulation should be that of the Member State in which the public authority or private entity is established."
"A group of undertakings, or a group of enterprises engaged in a joint economic activity, should be able to make use of approved binding corporate rules for its international transfers from the Union to organisations within the same group of undertakings, or group of enterprises engaged in a joint economic activity, provided that such corporate rules include all essential principles and enforceable rights to ensure appropriate safeguards for transfers or categories of transfers of personal data.",0,human_priacy,"A group of undertakings, or enterprises jointly engaged in economic activity, should be permitted to utilize approved binding corporate rules for transferring data internationally from the Union to entities within the same corporate group, or group of enterprises involved in joint economic activity. This is conditional on such corporate rules encompassing all essential principles and enforceable rights to guarantee appropriate safeguards for transfers or categories of transfers of personal data."
"Where this Regulation refers to a legal basis or a legislative measure, this does not necessarily require a legislative act adopted by a parliament, without prejudice to requirements pursuant to the constitutional order of the Member State concerned. However, such a legal basis or legislative measure should be clear and precise and its application should be foreseeable to persons subject to it, in accordance with the case-law of the Court of Justice of the European Union (the ‘Court of Justice’) and the European Court of Human Rights.",0,human_priacy,"When this Regulation mentions a legal basis or legislative measure, it does not always imply an act passed by a parliament, subject to the constitutional rules of the relevant Member State. Nonetheless, any such legal basis or legislative measure must be clear and precise, and its implementation should be predictable for those it affects, following the jurisprudence of the Court of Justice of the European Union and the European Court of Human Rights."
The protection of natural persons in relation to the processing of personal data is a fundamental right. Article 8(1) of the Charter of Fundamental Rights of the European Union (the ‘Charter’) and Article 16(1) of the Treaty on the Functioning of the European Union (TFEU) provide that everyone has the right to the protection of personal data concerning him or her.,0,human_priacy,"Safeguarding natural persons regarding the processing of their personal data constitutes a fundamental right. According to Article 8(1) of the Charter of Fundamental Rights of the European Union (the ‘Charter’) and Article 16(1) of the Treaty on the Functioning of the European Union (TFEU), every individual holds the right to protection of personal data pertaining to them."
"In any case, where the Commission has taken no decision on the adequate level of data protection in a third country, the controller or processor should make use of solutions that provide data subjects with enforceable and effective rights as regards the processing of their data in the Union once those data have been transferred so that that they will continue to benefit from fundamental rights and safeguards. L 119/22 EN Official Journal of the European Union 4.5.2016",0,human_priacy,"In situations where the Commission has not determined that a third country ensures an adequate level of data protection, the controller or processor must implement measures that grant data subjects enforceable and effective rights regarding the processing of their data within the Union after transfer, ensuring they retain fundamental rights and protections. L 119/22 EN Official Journal of the European Union 4.5.2016"
"To strengthen the right to be forgotten in the online environment, the right to erasure should also be extended in such a way that a controller who has made the personal data public should be obliged to inform the controllers which are processing such personal data to erase any links to, or copies or replications of those personal data. In doing so, that controller should take reasonable steps, taking into account available technology and the means available to the controller, including technical measures, to inform the controllers which are processing the personal data of the data subject's request.",0,human_priacy,"To enhance the right to be forgotten online, the right to erasure should be broadened so that a controller who has disclosed personal data must notify other controllers processing that data to delete any links, copies, or replications. In this process, the controller should take reasonable actions, considering available technology and resources, such as technical measures, to inform the relevant controllers of the data subject's erasure request."
"As regards the powers of the supervisory authorities to obtain from the controller or processor access to personal data and access to their premises, Member States may adopt by law, within the limits of this Regulation, specific rules in order to safeguard the professional or other equivalent secrecy obligations, in so far as necessary to reconcile the right to the protection of personal data with an obligation of professional secrecy. This is without prejudice to existing Member State obligations to adopt rules on professional secrecy where required by Union law.",0,human_priacy,"Concerning the authority of supervisory bodies to access personal data and premises from controllers or processors, Member States may establish specific legal provisions within this Regulation's boundaries. These rules aim to protect professional or similar confidentiality duties, as needed to balance personal data protection rights with professional secrecy obligations. This does not affect current Member State requirements to enact professional secrecy rules under Union law mandates."
"Methods by which to restrict the processing of personal data could include, inter alia, temporarily moving the selected data to another processing system, making the selected personal data unavailable to users, or temporarily removing published data from a website. In automated filing systems, the restriction of processing should in principle be ensured by technical means in such a manner that the personal data are not subject to further processing operations and cannot be changed. The fact that the processing of personal data is restricted should be clearly indicated in the system.",0,human_priacy,"Methods to limit the processing of personal data may involve, among other things, temporarily transferring chosen data to a different processing system, rendering selected personal data inaccessible to users, or provisionally taking down published data from a website. In automated filing systems, restricting processing should generally be secured through technical measures so that the personal data undergo no additional processing and remain unalterable. It should be clearly marked within the system that the processing of personal data is restricted."
"Effective protection of personal data throughout the Union requires the strengthening and setting out in detail of the rights of data subjects and the obligations of those who process and determine the processing of personal data, as well as equivalent powers for monitoring and ensuring compliance with the rules for the protection of personal data and equivalent sanctions for infringements in the Member States.",0,human_priacy,"To ensure robust personal data protection across the Union, it is essential to enhance and clearly define the rights of individuals, along with the duties of those handling and controlling personal data processing. This includes establishing uniform supervisory authority and enforcement measures, as well as consistent penalties for violations in all Member States."
The decision should be agreed jointly by the lead supervisory authority and the supervisory authorities concerned and should be directed towards the main or single establishment of the controller or processor and be binding on the controller and processor. The controller or processor should take the necessary measures to ensure compliance with this Regulation and the implementation of the decision notified by the lead supervisory authority to the main establishment of the controller or processor as regards the processing activities in the Union.,0,human_priacy,"The decision must be jointly agreed upon by the lead supervisory authority and the concerned supervisory authorities. It should be addressed to the controller's or processor's main or single establishment and be binding on them. The controller or processor is required to take necessary measures to comply with this Regulation and to implement the decision, which is notified by the lead supervisory authority to their main establishment, regarding processing activities within the Union."
"Controllers that are part of a group of undertakings or institutions affiliated to a central body may have a legitimate interest in transmitting personal data within the group of undertakings for internal administrative purposes, including the processing of clients' or employees' personal data. The general principles for the transfer of personal data, within a group of undertakings, to an undertaking located in a third country remain unaffected.",0,human_priacy,"Controllers that belong to a group of undertakings or institutions linked to a central body may have a legitimate interest in sharing personal data within the group for internal administrative purposes, such as handling personal data of clients or employees. The fundamental principles for transferring personal data within a group of undertakings to an entity in a third country remain unchanged."
"It is often not possible to fully identify the purpose of personal data processing for scientific research purposes at the time of data collection. Therefore, data subjects should be allowed to give their consent to certain areas of scientific research when in keeping with recognised ethical standards for scientific research. Data subjects should have the opportunity to give their consent only to certain areas of research or parts of research projects to the extent allowed by the intended purpose.",0,human_priacy,"Frequently, it is not feasible to precisely determine the purpose of processing personal data for scientific research at the moment of collection. Consequently, data subjects ought to be permitted to provide consent for specific domains of scientific research, provided these align with established ethical norms in the field. They should also have the option to consent solely to particular research areas or segments of projects, within the limits set by the intended objectives."
"The supervisory authorities should monitor the application of the provisions pursuant to this Regulation and contribute to its consistent application throughout the Union, in order to protect natural persons in relation to the processing of their personal data and to facilitate the free flow of personal data within the internal market. For that purpose, the supervisory authorities should cooperate with each other and with the Commission, without the need for any agreement between Member States on the provision of mutual assistance or on such cooperation.",0,human_priacy,"The supervisory authorities must oversee the implementation of the provisions under this Regulation and help ensure its uniform application across the Union. This is to safeguard individuals regarding the processing of their personal data and to promote the free movement of personal data within the internal market. To achieve this, the supervisory authorities should collaborate with one another and with the Commission, without requiring any agreement among Member States on mutual assistance or such cooperation."
"The processing of personal data of data subjects who are in the Union by a controller or processor not established in the Union should also be subject to this Regulation when it is related to the monitoring of the behaviour of such data subjects in so far as their behaviour takes place within the Union. In order to determine whether a processing activity can be considered to monitor the behaviour of data subjects, it should be ascertained whether natural persons are tracked on the internet including potential subsequent use of personal data processing techniques which consist of profiling a natural person, particularly in order to take decisions concerning her or him or for analysing or predicting her or his personal preferences, behaviours and attitudes.",0,human_priacy,"The processing of personal data belonging to individuals in the Union by a controller or processor located outside the Union must also comply with this Regulation if it involves monitoring those individuals’ behavior within the Union. To assess whether a processing activity constitutes monitoring, it should be determined if natural persons are tracked online, including through subsequent use of techniques like profiling. This applies especially when such processing aims to make decisions about an individual or to analyze or predict their personal preferences, behaviors, and attitudes."
"The principles of, and rules on the protection of natural persons with regard to the processing of their personal data should, whatever their nationality or residence, respect their fundamental rights and freedoms, in particular their right to the protection of personal data. This Regulation is intended to contribute to the accomplishment of an area of freedom, security and justice and of an economic union, to economic and social progress, to the strengthening and the convergence of the economies within the internal market, and to the well-being of natural persons.",0,human_priacy,"The principles and rules protecting natural persons concerning the processing of their personal data must, regardless of nationality or residence, uphold their fundamental rights and freedoms, especially the right to personal data protection. This Regulation aims to support the establishment of an area of freedom, security, and justice, along with an economic union, to advance economic and social progress, enhance and align economies in the internal market, and promote the well-being of natural persons."
"In order to ensure uniform conditions for the implementation of this Regulation, implementing powers should be conferred on the Commission when provided for by this Regulation. Those powers should be exercised in accordance with Regulation (EU) No 182/2011. In that context, the Commission should consider specific measures for micro, small and medium-sized enterprises.",0,human_priacy,"To guarantee consistent application of this Regulation, implementing authority should be delegated to the Commission as stipulated herein. Such powers must be executed in compliance with Regulation (EU) No 182/2011. Within this framework, the Commission ought to evaluate tailored provisions for micro, small, and medium-sized enterprises."
"Where specific rules on jurisdiction are contained in this Regulation, in particular as regards proceedings seeking a judicial remedy including compensation, against a controller or processor, general jurisdiction rules such as those of Regulation (EU) No 1215/2012 of the European Parliament and of the Council (1) should not prejudice the application of such specific rules.",0,human_priacy,"Where this Regulation includes particular provisions on jurisdiction, especially concerning legal actions that seek judicial remedies such as compensation against a controller or processor, broader jurisdictional frameworks like those under Regulation (EU) No 1215/2012 of the European Parliament and of the Council (1) must not undermine the implementation of these specific rules."
"Associations or other bodies representing categories of controllers or processors should be encouraged to draw up codes of conduct, within the limits of this Regulation, so as to facilitate the effective application of this Regulation, taking account of the specific characteristics of the processing carried out in certain sectors and the specific needs of micro, small and medium enterprises. In particular, such codes of conduct could calibrate the obligations of controllers and processors, taking into account the risk likely to result from the processing for the rights and freedoms of natural persons.",0,human_priacy,"Associations or groups representing types of controllers or processors should be encouraged to develop codes of conduct, within the boundaries of this Regulation, to aid in the effective implementation of this Regulation. These codes should consider the particular features of processing in specific sectors and the distinct requirements of micro, small, and medium-sized enterprises. Specifically, such codes could adjust the responsibilities of controllers and processors, accounting for the potential risk to the rights and freedoms of individuals arising from the processing."
"In setting detailed rules concerning the format and procedures applicable to the notification of personal data breaches, due consideration should be given to the circumstances of that breach, including whether or not personal data had been protected by appropriate technical protection measures, effectively limiting the likelihood of identity fraud or other forms of misuse. Moreover, such rules and procedures should take into account the legitimate interests of law-enforcement authorities where early disclosure could unnecessarily hamper the investi­ gation of the circumstances of a personal data breach.",0,human_priacy,"When establishing specific regulations on the format and procedures for reporting personal data breaches, careful attention must be paid to the details of the incident, such as whether the data was secured by suitable technical safeguards that effectively reduce the risk of identity theft or similar abuses. Additionally, these regulations and procedures should account for the valid concerns of law enforcement, in cases where premature disclosure might unduly interfere with investigating the breach's circumstances."
"This Regulation is without prejudice to international agreements concluded between the Union and third countries regulating the transfer of personal data including appropriate safeguards for the data subjects. Member States may conclude international agreements which involve the transfer of personal data to third countries or in­ ternational organisations, as far as such agreements do not affect this Regulation or any other provisions of Union law and include an appropriate level of protection for the fundamental rights of the data subjects.",0,human_priacy,"This Regulation does not affect international agreements between the Union and third countries that govern personal data transfers and include adequate safeguards for data subjects. Member States may enter into international agreements involving the transfer of personal data to third countries or international organisations, provided such agreements do not contravene this Regulation or other Union law and ensure an appropriate level of protection for the fundamental rights of the data subjects."
"In order to prevent creating a serious risk of circumvention, the protection of natural persons should be technolo­ gically neutral and should not depend on the techniques used. The protection of natural persons should apply to the processing of personal data by automated means, as well as to manual processing, if the personal data are contained or are intended to be contained in a filing system. Files or sets of files, as well as their cover pages, which are not structured according to specific criteria should not fall within the scope of this Regulation.",0,human_priacy,"To avoid creating a significant risk of circumvention, the protection of individuals should be technology-neutral and independent of the methods employed. Such protection must cover both automated and manual processing of personal data, provided the data are part of or intended for a filing system. However, files or sets of files, including their covers, that lack organization based on specific criteria should be excluded from this Regulation’s scope."
"In order to create incentives to apply pseudonymisation when processing personal data, measures of pseudonymi­ sation should, whilst allowing general analysis, be possible within the same controller when that controller has taken technical and organisational measures necessary to ensure, for the processing concerned, that this Regulation is implemented, and that additional information for attributing the personal data to a specific data subject is kept separately. The controller processing the personal data should indicate the authorised persons within the same controller. L 119/6 EN Official Journal of the European Union 4.5.2016",0,human_priacy,"To encourage the use of pseudonymisation in personal data processing, pseudonymisation measures should be feasible within a single controller, provided that the controller has implemented appropriate technical and organisational safeguards to ensure compliance with this Regulation for the relevant processing, and that additional information linking the data to an identifiable individual is stored separately. The controller handling the data must specify which individuals within the same controller are authorised. L 119/6 EN Official Journal of the European Union 4.5.2016"
"The confidential information which the Union and national statistical authorities collect for the production of official European and official national statistics should be protected. European statistics should be developed, produced and disseminated in accordance with the statistical principles as set out in Article 338(2) TFEU, while national statistics should also comply with Member State law. Regulation (EC) No 223/2009 of the European Parliament and of the Council (2) provides further specifications on statistical confidentiality for European statistics.",0,human_priacy,"The confidential data gathered by the Union and national statistical bodies for creating official European and national statistics must be safeguarded. European statistics should be developed, produced, and distributed in line with the statistical principles established in Article 338(2) TFEU, whereas national statistics must also adhere to the laws of Member States. Further details on statistical confidentiality for European statistics are outlined in Regulation (EC) No 223/2009 of the European Parliament and of the Council (2)."
"If the personal data processed by a controller do not permit the controller to identify a natural person, the data controller should not be obliged to acquire additional information in order to identify the data subject for the sole purpose of complying with any provision of this Regulation. However, the controller should not refuse to take additional information provided by the data subject in order to support the exercise of his or her rights. Identification should include the digital identification of a data subject, for example through authentication mechanism such as the same credentials, used by the data subject to log-in to the on-line service offered by the data controller.",0,human_priacy,"When a controller processes personal data that does not enable the identification of a natural person, the controller should not be required to obtain further information solely to identify the data subject for compliance with this Regulation. Nonetheless, the controller should not decline to accept additional details provided by the data subject to facilitate the exercise of their rights. Identification should encompass the digital identification of a data subject, for instance via authentication methods like the same credentials used by the data subject to access the online service provided by the controller."
"In order to ensure the consistent application of this Regulation throughout the Union, a consistency mechanism for cooperation between the supervisory authorities should be established. That mechanism should in particular apply where a supervisory authority intends to adopt a measure intended to produce legal effects as regards processing operations which substantially affect a significant number of data subjects in several Member States. It should also apply where any supervisory authority concerned or the Commission requests that such matter should be handled in the consistency mechanism. That mechanism should be without prejudice to any measures that the Commission may take in the exercise of its powers under the Treaties.",0,human_priacy,"To guarantee uniform implementation of this Regulation across the Union, a consistency mechanism for cooperation among supervisory authorities must be established. This mechanism should specifically be used when a supervisory authority plans to implement a measure with legal effects concerning processing activities that significantly impact a substantial number of data subjects in multiple Member States. It should also be invoked when any involved supervisory authority or the Commission requests that the issue be addressed through the consistency mechanism. This mechanism does not affect any actions the Commission may undertake using its powers under the Treaties."
"Rapid technological developments and globalisation have brought new challenges for the protection of personal data. The scale of the collection and sharing of personal data has increased significantly. Technology allows both private companies and public authorities to make use of personal data on an unprecedented scale in order to pursue their activities. Natural persons increasingly make personal information available publicly and globally. Technology has transformed both the economy and social life, and should further facilitate the free flow of personal data within the Union and the transfer to third countries and international organisations, while ensuring a high level of the protection of personal data.",0,human_priacy,"Rapid technological progress and globalization present fresh challenges for safeguarding personal data. The extent of data collection and sharing has grown substantially. Technology enables both private firms and public bodies to utilize personal data on an unprecedented scale for their operations. Individuals are increasingly sharing personal information publicly and worldwide. Technology has reshaped the economy and social interactions, and should also promote the free movement of personal data within the Union and its transfer to third countries and international organizations, while maintaining a high standard of data protection."
"‘personal data’ means any information relating to an identified or identifiable natural person (‘data subject’); an identifiable natural person is one who can be identified, directly or indirectly, in particular by reference to an identifier such as a name, an identification number, location data, an online identifier or to one or more factors specific to the physical, physiological, genetic, mental, economic, cultural or social identity of that natural person;",0,human_priacy,"""Personal data"" refers to any information concerning an identified or identifiable natural person (the ""data subject""). An identifiable natural person is someone who can be recognized, either directly or indirectly, especially through identifiers like a name, an ID number, location details, an online identifier, or one or more elements relating to the physical, physiological, genetic, mental, economic, cultural, or social identity of that individual."
"The Commission may decide with effect for the entire Union that a third country, a territory or specified sector within a third country, or an international organisation, offers an adequate level of data protection, thus providing legal certainty and uniformity throughout the Union as regards the third country or international organisation which is considered to provide such level of protection. In such cases, transfers of personal data to that third country or international organisation may take place without the need to obtain any further authoris­ ation. The Commission may also decide, having given notice and a full statement setting out the reasons to the third country or international organisation, to revoke such a decision.",0,human_priacy,"The Commission can determine that a third country, territory, specific sector within a third country, or an international organization ensures an adequate level of data protection, applicable across the entire Union. This establishes legal certainty and consistency throughout the Union regarding the third country or international organization deemed to provide such protection. Consequently, transfers of personal data to that third country or international organization may proceed without requiring additional authorization. The Commission may also revoke such a decision, after providing notice and a comprehensive explanation of the reasons to the third country or international organization."
"However, it is not necessary to impose the obligation to provide information where the data subject already possesses the information, where the recording or disclosure of the personal data is expressly laid down by law or where the provision of information to the data subject proves to be impossible or would involve a dispropor­ tionate effort. The latter could in particular be the case where processing is carried out for archiving purposes in the public interest, scientific or historical research purposes or statistical purposes. In that regard, the number of data subjects, the age of the data and any appropriate safeguards adopted should be taken into consideration.",0,human_priacy,"Nevertheless, the duty to furnish information may be waived if the data subject already has the information, if the recording or disclosure of personal data is explicitly mandated by law, or if providing such information to the data subject is unfeasible or would entail a disproportionate burden. This may especially apply when processing is conducted for archiving in the public interest, scientific or historical research, or statistical purposes. In such cases, factors like the number of data subjects, the age of the data, and any suitable safeguards implemented should be considered."
"Member States should be able to lay down the rules on criminal penalties for infringements of this Regulation, including for infringements of national rules adopted pursuant to and within the limits of this Regulation. Those criminal penalties may also allow for the deprivation of the profits obtained through infringements of this Regulation. However, the imposition of criminal penalties for infringements of such national rules and of administrative penalties should not lead to a breach of the principle of ne bis in idem, as interpreted by the Court of Justice.",0,human_priacy,"Member States should have the authority to establish criminal penalties for violations of this Regulation, including for breaches of national rules enacted in accordance with and within the scope of this Regulation. These criminal penalties may also provide for the confiscation of gains acquired from infringements of this Regulation. Nevertheless, imposing criminal penalties for breaches of such national rules, along with administrative penalties, must not result in a violation of the ne bis in idem principle, as construed by the Court of Justice."
"Any processing of personal data in the context of the activities of an establishment of a controller or a processor in the Union should be carried out in accordance with this Regulation, regardless of whether the processing itself takes place within the Union. Establishment implies the effective and real exercise of activity through stable arrangements. The legal form of such arrangements, whether through a branch or a subsidiary with a legal personality, is not the determining factor in that respect.",0,human_priacy,"Any handling of personal data within the activities of an establishment of a controller or processor in the Union must comply with this Regulation, irrespective of whether the processing occurs within the Union. Establishment entails the effective and genuine conduct of activities through stable arrangements. The legal structure of these arrangements, be it a branch or a legally recognized subsidiary, is not the decisive element in this regard."
"Where personal data are processed for the purposes of direct marketing, the data subject should have the right to object to such processing, including profiling to the extent that it is related to such direct marketing, whether with regard to initial or further processing, at any time and free of charge. That right should be explicitly brought to the attention of the data subject and presented clearly and separately from any other information. L 119/14 EN Official Journal of the European Union 4.5.2016",0,human_priacy,"When personal data is used for direct marketing purposes, the data subject must have the right to object to this processing at any time and without charge. This includes any profiling connected to such marketing, whether during initial or subsequent processing. This right must be clearly and separately communicated to the data subject, distinct from any other information. L 119/14 EN Official Journal of the European Union 4.5.2016"
"In order to ensure that consent is freely given, consent should not provide a valid legal ground for the processing of personal data in a specific case where there is a clear imbalance between the data subject and the controller, in particular where the controller is a public authority and it is therefore unlikely that consent was freely given in all the circumstances of that specific situation. Consent is presumed not to be freely given if it does not allow separate consent to be given to different personal data processing operations despite it being appropriate in the individual case, or if the performance of a contract, including the provision of a service, is dependent on the consent despite such consent not being necessary for such performance.",0,human_priacy,"To guarantee that consent is freely provided, it should not serve as a lawful basis for processing personal data when a significant power imbalance exists between the data subject and the controller. This is especially relevant if the controller is a public authority, making it improbable that consent was given freely under the specific circumstances. Consent is considered not freely given if it fails to permit separate consent for distinct processing activities where appropriate, or if fulfilling a contract or service is made conditional on consent that is not required for that performance."
"The application of such mechanism should be a condition for the lawfulness of a measure intended to produce legal effects by a supervisory authority in those cases where its application is mandatory. In other cases of cross- border relevance, the cooperation mechanism between the lead supervisory authority and supervisory authorities concerned should be applied and mutual assistance and joint operations might be carried out between the supervisory authorities concerned on a bilateral or multilateral basis without triggering the consistency mechanism.",0,human_priacy,"The use of this mechanism must be a prerequisite for the legality of any action by a supervisory authority that aims to create legal effects, wherever its application is required. In other instances with cross-border implications, the cooperation framework between the lead supervisory authority and the relevant supervisory authorities should be employed, and mutual support or joint activities may be conducted among the concerned supervisory authorities bilaterally or multilaterally, without activating the consistency mechanism."
"In order to enhance compliance with this Regulation where processing operations are likely to result in a high risk to the rights and freedoms of natural persons, the controller should be responsible for the carrying-out of a data protection impact assessment to evaluate, in particular, the origin, nature, particularity and severity of that risk. The outcome of the assessment should be taken into account when determining the appropriate measures to be taken in order to demonstrate that the processing of personal data complies with this Regulation. Where a data-protection impact assessment indicates that processing operations involve a high risk which the controller cannot mitigate by appropriate measures in terms of available technology and costs of implementation, a consultation of the supervisory authority should take place prior to the processing.",0,human_priacy,"To improve adherence to this Regulation when processing activities may pose a significant risk to individuals' rights and freedoms, the controller must conduct a data protection impact assessment. This assessment should specifically examine the source, nature, distinctiveness, and seriousness of the risk. The findings from this evaluation must inform the selection of suitable measures to show that personal data processing aligns with this Regulation. If the impact assessment reveals a high risk that the controller cannot sufficiently reduce through feasible technological and cost-effective measures, consultation with the supervisory authority is required before proceeding with the processing."
It should be ascertained whether all appropriate technological protection and organisational measures have been implemented to establish immediately whether a personal data breach has taken place and to inform promptly the supervisory authority and the data subject. The fact that the notification was made without undue delay should be established taking into account in particular the nature and gravity of the personal data breach and its consequences and adverse effects for the data subject. Such notification may result in an intervention of the supervisory authority in accordance with its tasks and powers laid down in this Regulation.,0,human_priacy,"It must be determined whether all suitable technological safeguards and organizational steps have been taken to quickly identify any personal data breach and to notify the supervisory authority and the affected individual without delay. Whether the notification was provided promptly should be assessed, particularly considering the type and severity of the breach, along with its consequences and negative impacts on the data subject. This notification could lead to action by the supervisory authority, as permitted by its duties and authority under this Regulation."
"The lead authority should be competent to adopt binding decisions regarding measures applying the powers conferred on it in accordance with this Regulation. In its capacity as lead authority, the supervisory authority should closely involve and coordinate the supervisory authorities concerned in the decision-making process. Where the decision is to reject the complaint by the data subject in whole or in part, that decision should be adopted by the supervisory authority with which the complaint has been lodged.",0,human_priacy,"The lead authority must be capable of issuing binding decisions that utilize the powers granted to it under this Regulation. As the lead authority, it should actively engage and coordinate with the relevant supervisory authorities throughout the decision-making process. If the decision involves rejecting a data subject's complaint, either fully or partially, that decision should be made by the supervisory authority to which the complaint was originally submitted."
"Apart from the international commitments the third country or international organisation has entered into, the Commission should take account of obligations arising from the third country's or international organisation's participation in multilateral or regional systems in particular in relation to the protection of personal data, as well as the implementation of such obligations. In particular, the third country's accession to the Council of Europe Convention of 28 January 1981 for the Protection of Individuals with regard to the Automatic Processing of Personal Data and its Additional Protocol should be taken into account. The Commission should consult the Board when assessing the level of protection in third countries or international organisations.",0,human_priacy,"Beyond the international agreements a third country or international organisation has undertaken, the Commission should consider duties stemming from its involvement in multilateral or regional frameworks, especially concerning personal data protection, and how these duties are put into practice. Notably, the Commission should factor in the third country's ratification of the Council of Europe Convention of 28 January 1981 for the Protection of Individuals with regard to the Automatic Processing of Personal Data and its Additional Protocol. The Commission should seek the Board's advice when evaluating the standard of protection in third countries or international organisations."
"The principle of transparency requires that any information addressed to the public or to the data subject be concise, easily accessible and easy to understand, and that clear and plain language and, additionally, where appropriate, visualisation be used. Such information could be provided in electronic form, for example, when addressed to the public, through a website. This is of particular relevance in situations where the proliferation of actors and the technological complexity of practice make it difficult for the data subject to know and understand whether, by whom and for what purpose personal data relating to him or her are being collected, such as in the case of online advertising. Given that children merit specific protection, any information and communication, where processing is addressed to a child, should be in such a clear and plain language that the child can easily understand.",0,human_priacy,"The principle of transparency demands that information directed at the public or data subjects be clear, accessible, and straightforward, using plain language and, where suitable, visual aids. This information may be delivered electronically, such as via a website for public communication. This is especially important in contexts where the number of involved parties and technical intricacies obscure how personal data is collected, by whom, and for what reasons, as seen with online advertising. Since children deserve particular safeguarding, any information and communication aimed at a child should be presented in exceptionally clear and simple terms for their comprehension."
"This Regulation should apply to all matters concerning the protection of fundamental rights and freedoms vis-à- vis the processing of personal data which are not subject to specific obligations with the same objective set out in Directive 2002/58/EC of the European Parliament and of the Council (2), including the obligations on the controller and the rights of natural persons. In order to clarify the relationship between this Regulation and Directive 2002/58/EC, that Directive should be amended accordingly. Once this Regulation is adopted, Directive 2002/58/EC should be reviewed in particular in order to ensure consistency with this Regulation,",0,human_priacy,"This Regulation shall apply to all matters regarding the protection of fundamental rights and freedoms in relation to the processing of personal data not covered by specific obligations with equivalent aims under Directive 2002/58/EC of the European Parliament and of the Council (2), encompassing the duties of controllers and the rights of individuals. To clarify the relationship between this Regulation and Directive 2002/58/EC, that Directive should be amended as necessary. Following the adoption of this Regulation, Directive 2002/58/EC should be reassessed, particularly to ensure alignment with this Regulation."
"The examination procedure should be used for the adoption of implementing acts on standard contractual clauses between controllers and processors and between processors; codes of conduct; technical standards and mechanisms for certification; the adequate level of protection afforded by a third country, a territory or a specified sector within that third country, or an international organisation; standard protection clauses; formats and procedures for the exchange of information by electronic means between controllers, processors and supervisory authorities for binding corporate rules; mutual assistance; and arrangements for the exchange of information by electronic means between supervisory authorities, and between supervisory authorities and the Board.",0,human_priacy,"The examination process should be applied for adopting implementing acts concerning standard contractual clauses for controllers and processors, as well as between processors; codes of conduct; technical standards and certification mechanisms; the adequacy of protection provided by a third country, territory, specified sector, or international organization; standard protection clauses; formats and procedures for electronic information exchange among controllers, processors, and supervisory authorities regarding binding corporate rules; mutual assistance; and arrangements for electronic information exchange between supervisory authorities, and between supervisory authorities and the Board."
"Modalities should be provided for facilitating the exercise of the data subject's rights under this Regulation, including mechanisms to request and, if applicable, obtain, free of charge, in particular, access to and rectification or erasure of personal data and the exercise of the right to object. The controller should also provide means for requests to be made electronically, especially where personal data are processed by electronic means. The controller should be obliged to respond to requests from the data subject without undue delay and at the latest within one month and to give reasons where the controller does not intend to comply with any such requests.",0,human_priacy,"Mechanisms must be established to enable data subjects to exercise their rights under this Regulation effectively. These should include procedures for making requests and, where relevant, obtaining—free of charge—access to, rectification of, or erasure of personal data, as well as for objecting to processing. Controllers should also offer electronic channels for submitting requests, particularly when personal data are processed electronically. Controllers are required to respond to data subjects’ requests without undue delay and within one month at the latest, providing reasons if they decide not to comply."
"Where the supervisory authority with which the complaint has been lodged is not the lead supervisory authority, the lead supervisory authority should closely cooperate with the supervisory authority with which the complaint has been lodged in accordance with the provisions on cooperation and consistency laid down in this Regulation. In such cases, the lead supervisory authority should, when taking measures intended to produce legal effects, including the imposition of administrative fines, take utmost account of the view of the supervisory authority with which the complaint has been lodged and which should remain competent to carry out any investigation on the territory of its own Member State in liaison with the competent supervisory authority.",0,human_priacy,"When the supervisory authority receiving the complaint is not the lead supervisory authority, the lead authority must cooperate closely with the receiving authority, following the cooperation and consistency rules set out in this Regulation. In such situations, the lead authority should give utmost consideration to the views of the receiving authority when adopting measures with legal effects, such as imposing administrative fines. The receiving authority should retain the competence to conduct any investigation within its own Member State, in coordination with the competent supervisory authority."
"The legal systems of Denmark and Estonia do not allow for administrative fines as set out in this Regulation. The rules on administrative fines may be applied in such a manner that in Denmark the fine is imposed by competent national courts as a criminal penalty and in Estonia the fine is imposed by the supervisory authority in the framework of a misdemeanour procedure, provided that such an application of the rules in those Member States has an equivalent effect to administrative fines imposed by supervisory authorities. Therefore the competent national courts should take into account the recommendation by the supervisory authority initiating the fine. In any event, the fines imposed should be effective, proportionate and dissuasive.",0,human_priacy,"The legal frameworks of Denmark and Estonia do not permit administrative fines as defined in this Regulation. The provisions on administrative fines may be implemented so that in Denmark, the penalty is issued by relevant national courts as a criminal sanction, and in Estonia, it is levied by the supervisory authority within a misdemeanour process, as long as this application in those Member States achieves an effect equivalent to administrative fines imposed by supervisory authorities. Consequently, the competent national courts should consider the recommendation from the supervisory authority that initiates the fine. In all cases, the fines applied must be effective, proportionate, and dissuasive."
"Guidance on the implementation of appropriate measures and on the demonstration of compliance by the controller or the processor, especially as regards the identification of the risk related to the processing, their assessment in terms of origin, nature, likelihood and severity, and the identification of best practices to mitigate the risk, could be provided in particular by means of approved codes of conduct, approved certifications, guidelines provided by the Board or indications provided by a data protection officer. The Board may also issue guidelines on processing operations that are considered to be unlikely to result in a high risk to the rights and freedoms of natural persons and indicate what measures may be sufficient in such cases to address such risk.",0,human_priacy,"Guidance regarding the application of suitable measures and the demonstration of compliance by the controller or processor—particularly concerning the identification of processing-related risks, their evaluation in terms of source, nature, probability, and severity, and the determination of best practices to mitigate risk—may be furnished notably through approved codes of conduct, approved certifications, guidelines from the Board, or advice from a data protection officer. The Board may also provide guidelines on processing operations deemed unlikely to pose a high risk to individuals' rights and freedoms, and specify which measures could be adequate in such instances to manage that risk."
"While this Regulation applies, inter alia, to the activities of courts and other judicial authorities, Union or Member State law could specify the processing operations and processing procedures in relation to the processing of personal data by courts and other judicial authorities. The competence of the supervisory authorities should not cover the processing of personal data when courts are acting in their judicial capacity, in order to safeguard the independence of the judiciary in the performance of its judicial tasks, including decision- making. It should be possible to entrust supervision of such data processing operations to specific bodies within the judicial system of the Member State, which should, in particular ensure compliance with the rules of this Regulation, enhance awareness among members of the judiciary of their obligations under this Regulation and handle complaints in relation to such data processing operations.",0,human_priacy,"Although this Regulation also governs the activities of courts and judicial authorities, Union or Member State law may define the specific processing operations and procedures for personal data handled by these entities. To preserve judicial independence in carrying out judicial functions, including decision-making, the supervisory authorities' jurisdiction should not extend to personal data processing when courts are acting judicially. Supervision of such data processing could be assigned to dedicated bodies within a Member State's judicial system. These bodies should notably ensure adherence to this Regulation's rules, promote judicial awareness of obligations under this Regulation, and address complaints concerning these data processing activities."
"Member State law or collective agreements, including ‘works agreements’, may provide for specific rules on the processing of employees' personal data in the employment context, in particular for the conditions under which personal data in the employment context may be processed on the basis of the consent of the employee, the purposes of the recruitment, the performance of the contract of employment, including discharge of obligations laid down by law or by collective agreements, management, planning and organisation of work, equality and diversity in the workplace, health and safety at work, and for the purposes of the exercise and enjoyment, on an individual or collective basis, of rights and benefits related to employment, and for the purpose of the termination of the employment relationship.",0,human_priacy,"National legislation or collective bargaining arrangements, such as workplace agreements, can establish particular regulations governing the handling of employee personal data within employment settings. This includes stipulating the circumstances in which such data may be processed based on employee consent, as well as the purposes related to recruitment, fulfilling employment contract duties—including legal or collectively agreed obligations—work management, planning and organisation, promoting workplace equality and diversity, ensuring occupational health and safety, and enabling the exercise and receipt of individual or collective employment-related rights and benefits, along with managing the conclusion of the employment relationship."
"Regulation (EC) No 45/2001 of the European Parliament and of the Council (2) applies to the processing of personal data by the Union institutions, bodies, offices and agencies. Regulation (EC) No 45/2001 and other Union legal acts applicable to such processing of personal data should be adapted to the principles and rules established in this Regulation and applied in the light of this Regulation. In order to provide a strong and coherent data protection framework in the Union, the necessary adaptations of Regulation (EC) No 45/2001 should follow after the adoption of this Regulation, in order to allow application at the same time as this Regulation.",0,human_priacy,"Regulation (EC) No 45/2001 of the European Parliament and of the Council (2) governs the processing of personal data by Union institutions, bodies, offices, and agencies. Regulation (EC) No 45/2001 and other Union legal instruments relevant to such personal data processing must be aligned with the principles and rules set out in this Regulation and interpreted in accordance with it. To ensure a robust and consistent data protection framework across the Union, the required adjustments to Regulation (EC) No 45/2001 should be made following the adoption of this Regulation, enabling simultaneous application."
"In order to maintain security and to prevent processing in infringement of this Regulation, the controller or processor should evaluate the risks inherent in the processing and implement measures to mitigate those risks, such as encryption. Those measures should ensure an appropriate level of security, including confidentiality, taking into account the state of the art and the costs of implementation in relation to the risks and the nature of the personal data to be protected. In assessing data security risk, consideration should be given to the risks that are presented by personal data processing, such as accidental or unlawful destruction, loss, alteration, unauthorised disclosure of, or access to, personal data transmitted, stored or otherwise processed which may in particular lead to physical, material or non-material damage.",0,human_priacy,"To uphold security and avoid processing that violates this Regulation, controllers or processors must assess the inherent risks in data handling and adopt measures like encryption to reduce them. These measures should provide a suitable security level, covering confidentiality, while considering current technology, implementation costs relative to risks, and the nature of the personal data involved. When evaluating data security risks, attention should be paid to threats from processing personal data, including accidental or illegal destruction, loss, alteration, or unauthorized disclosure or access to transmitted, stored, or processed data, which could result in physical, material, or non-material harm."
"The principles of fair and transparent processing require that the data subject be informed of the existence of the processing operation and its purposes. The controller should provide the data subject with any further information necessary to ensure fair and transparent processing taking into account the specific circumstances and context in which the personal data are processed. Furthermore, the data subject should be informed of the existence of profiling and the consequences of such profiling. Where the personal data are collected from the data subject, the data subject should also be informed whether he or she is obliged to provide the personal data and of the consequences, where he or she does not provide such data. That information may be provided in combination with standardised icons in order to give in an easily visible, intelligible and clearly legible manner, a meaningful overview of the intended processing. Where the icons are presented electronically, they should be machine-readable.",0,human_priacy,"The principles of fair and transparent processing demand that data subjects be notified about the processing operation and its objectives. Controllers must supply any additional details needed to guarantee fairness and transparency, considering the particular conditions and context of the personal data processing. Additionally, data subjects should be made aware of any profiling activities and their potential effects. When personal data is obtained directly from the data subject, they must also be told if providing the data is mandatory and what the repercussions are for not supplying it. This information can be delivered alongside standardized icons to offer a clear, understandable, and easily readable summary of the planned processing. If the icons are displayed electronically, they should be machine-readable."
"The responsibility and liability of the controller for any processing of personal data carried out by the controller or on the controller's behalf should be established. In particular, the controller should be obliged to implement appropriate and effective measures and be able to demonstrate the compliance of processing activities with this Regulation, including the effectiveness of the measures. Those measures should take into account the nature, scope, context and purposes of the processing and the risk to the rights and freedoms of natural persons. 4.5.2016 EN Official Journal of the European Union L 119/15",0,human_priacy,"The controller's responsibility and liability for any personal data processing conducted by or on behalf of the controller must be clearly defined. Specifically, the controller should be required to adopt suitable and effective measures and to verify that processing activities comply with this Regulation, including the efficacy of these measures. Such measures must account for the processing's nature, scope, context, and purposes, as well as the risks to individuals' rights and freedoms. 4.5.2016 EN Official Journal of the European Union L 119/15"
"Public authorities to which personal data are disclosed in accordance with a legal obligation for the exercise of their official mission, such as tax and customs authorities, financial investigation units, independent adminis­ trative authorities, or financial market authorities responsible for the regulation and supervision of securities markets should not be regarded as recipients if they receive personal data which are necessary to carry out a particular inquiry in the general interest, in accordance with Union or Member State law. The requests for disclosure sent by the public authorities should always be in writing, reasoned and occasional and should not concern the entirety of a filing system or lead to the interconnection of filing systems. The processing of personal data by those public authorities should comply with the applicable data-protection rules according to the purposes of the processing.",0,human_priacy,"Public authorities that receive personal data under a legal obligation to fulfill their official duties—such as tax and customs agencies, financial investigation units, independent administrative bodies, or financial market regulators overseeing securities markets—should not be considered recipients when they obtain data required for a specific inquiry serving the public interest, as per Union or Member State law. Disclosure requests from these authorities must always be written, justified, and infrequent, and should not target entire filing systems or enable the linking of such systems. The processing of personal data by these public authorities must adhere to applicable data-protection regulations, consistent with the processing purposes."
"The controller should communicate to the data subject a personal data breach, without undue delay, where that personal data breach is likely to result in a high risk to the rights and freedoms of the natural person in order to allow him or her to take the necessary precautions. The communication should describe the nature of the personal data breach as well as recommendations for the natural person concerned to mitigate potential adverse effects. Such communications to data subjects should be made as soon as reasonably feasible and in close cooperation with the supervisory authority, respecting guidance provided by it or by other relevant authorities such as law-enforcement authorities. For example, the need to mitigate an immediate risk of damage would call for prompt communication with data subjects whereas the need to implement appropriate measures against continuing or similar personal data breaches may justify more time for communication.",0,human_priacy,"The controller must inform the data subject of a personal data breach without undue delay when the breach is likely to pose a high risk to the individual's rights and freedoms, enabling them to take necessary precautions. This notification should outline the breach's nature and include recommendations for the affected person to lessen possible negative impacts. These communications to data subjects should occur as soon as reasonably practicable, in close coordination with the supervisory authority, and in accordance with guidance from it or other relevant bodies like law enforcement. For instance, an immediate risk of harm necessitates swift notification, while the need to establish suitable measures for ongoing or similar breaches may allow more time for communication."
"The Commission may recognise that a third country, a territory or a specified sector within a third country, or an international organisation no longer ensures an adequate level of data protection. Consequently the transfer of personal data to that third country or international organisation should be prohibited, unless the requirements in this Regulation relating to transfers subject to appropriate safeguards, including binding corporate rules, and derogations for specific situations are fulfilled. In that case, provision should be made for consultations between the Commission and such third countries or international organisations. The Commission should, in a timely manner, inform the third country or international organisation of the reasons and enter into consultations with it in order to remedy the situation.",0,human_priacy,"The Commission may determine that a third country, territory, specified sector within a third country, or an international organization no longer provides an adequate level of data protection. As a result, transfers of personal data to that third country or international organization shall be prohibited, unless the requirements under this Regulation for transfers subject to appropriate safeguards—such as binding corporate rules—and derogations for particular situations are met. In such instances, arrangements should be established for consultations between the Commission and the relevant third countries or international organizations. The Commission should promptly notify the third country or international organization of the reasons and engage in consultations to resolve the matter."
"The processing of personal data should be designed to serve mankind. The right to the protection of personal data is not an absolute right; it must be considered in relation to its function in society and be balanced against other fundamental rights, in accordance with the principle of proportionality. This Regulation respects all fundamental rights and observes the freedoms and principles recognised in the Charter as enshrined in the Treaties, in particular the respect for private and family life, home and communications, the protection of personal data, freedom of thought, conscience and religion, freedom of expression and information, freedom to conduct a business, the right to an effective remedy and to a fair trial, and cultural, religious and linguistic diversity.",0,human_priacy,"The handling of personal data ought to be structured to benefit humanity. The entitlement to personal data protection is not an absolute right; it should be evaluated in light of its societal role and weighed against other fundamental rights, following the principle of proportionality. This Regulation upholds all fundamental rights and adheres to the freedoms and principles affirmed in the Charter as established by the Treaties, including respect for private and family life, home and correspondence, the safeguarding of personal data, freedom of thought, conscience, and religion, freedom of expression and information, the freedom to engage in business, the right to an effective remedy and a fair trial, as well as cultural, religious, and linguistic diversity."
"By coupling information from registries, researchers can obtain new knowledge of great value with regard to widespread medical conditions such as cardiovascular disease, cancer and depression. On the basis of registries, research results can be enhanced, as they draw on a larger population. Within social science, research on the basis of registries enables researchers to obtain essential knowledge about the long-term correlation of a number of social conditions such as unemployment and education with other life conditions. Research results obtained through registries provide solid, high-quality knowledge which can provide the basis for the formulation and implementation of knowledge-based policy, improve the quality of life for a number of people and improve the efficiency of social services. In order to facilitate scientific research, personal data can be processed for scientific research purposes, subject to appropriate conditions and safeguards set out in Union or Member State law.",0,human_priacy,"By linking data from registries, researchers can gain valuable new insights into widespread health issues like cardiovascular disease, cancer, and depression. Registry-based research strengthens findings by utilizing larger populations. In social science, such research allows experts to uncover key long-term relationships between various social factors—such as unemployment and education—and other life circumstances. Findings derived from registries offer robust, high-quality evidence that can inform the creation and execution of evidence-based policies, enhance quality of life for many, and boost the efficiency of social services. To support scientific inquiry, personal data may be processed for research purposes under suitable conditions and safeguards established in Union or Member State legislation."
"Each supervisory authority should be competent on the territory of its own Member State to exercise the powers and to perform the tasks conferred on it in accordance with this Regulation. This should cover in particular the 4.5.2016 EN Official Journal of the European Union L 119/23 processing in the context of the activities of an establishment of the controller or processor on the territory of its own Member State, the processing of personal data carried out by public authorities or private bodies acting in the public interest, processing affecting data subjects on its territory or processing carried out by a controller or processor not established in the Union when targeting data subjects residing on its territory. This should include handling complaints lodged by a data subject, conducting investigations on the application of this Regulation and promoting public awareness of the risks, rules, safeguards and rights in relation to the processing of personal data.",0,human_priacy,"Each supervisory authority must have jurisdiction within its own Member State to implement the powers and duties assigned by this Regulation. This specifically includes 4.5.2016 EN Official Journal of the European Union L 119/23 processing within activities of a controller’s or processor’s establishment in its own Member State, processing by public authorities or private entities serving the public interest, processing impacting data subjects on its territory, or processing by controllers or processors outside the Union that targets residents on its territory. It should also involve addressing complaints from data subjects, investigating compliance with this Regulation, and raising public awareness about risks, regulations, protections, and rights concerning personal data processing."
"Since the objective of this Regulation, namely to ensure an equivalent level of protection of natural persons and the free flow of personal data throughout the Union, cannot be sufficiently achieved by the Member States and can rather, by reason of the scale or effects of the action, be better achieved at Union level, the Union may adopt measures, in accordance with the principle of subsidiarity as set out in Article 5 of the Treaty on European Union (TEU). In accordance with the principle of proportionality as set out in that Article, this Regulation does not go beyond what is necessary in order to achieve that objective.",0,human_priacy,"Given that the aim of this Regulation—to secure a uniform level of protection for individuals and the unimpeded movement of personal data across the Union—cannot be adequately attained by Member States individually and is more effectively realized at Union level due to the scope or impact of such measures, the Union may enact actions following the subsidiarity principle outlined in Article 5 of the Treaty on European Union (TEU). Consistent with the proportionality principle in the same Article, this Regulation remains confined to what is essential for fulfilling that objective."
"The objectives and principles of Directive 95/46/EC remain sound, but it has not prevented fragmentation in the implementation of data protection across the Union, legal uncertainty or a widespread public perception that there are significant risks to the protection of natural persons, in particular with regard to online activity. Differences in the level of protection of the rights and freedoms of natural persons, in particular the right to the protection of personal data, with regard to the processing of personal data in the Member States may prevent the free flow of personal data throughout the Union. Those differences may therefore constitute an obstacle to the pursuit of economic activities at the level of the Union, distort competition and impede authorities in the discharge of their responsibilities under Union law. Such a difference in levels of protection is due to the existence of differences in the implementation and application of Directive 95/46/EC.",0,human_priacy,"The goals and principles of Directive 95/46/EC are still valid, yet it has failed to stop fragmentation in how data protection is applied across the Union, legal ambiguity, or a common public view that substantial risks exist to safeguarding individuals, especially concerning online actions. Variances in safeguarding the rights and freedoms of individuals, notably the right to personal data protection, regarding personal data processing in Member States can hinder the free movement of such data within the Union. These disparities may thus create a barrier to conducting economic activities at the Union level, distort competition, and hinder authorities in fulfilling their duties under Union law. This divergence in protection levels stems from differences in how Directive 95/46/EC is implemented and enforced."
"In applying the consistency mechanism, the Board should, within a determined period of time, issue an opinion, if a majority of its members so decides or if so requested by any supervisory authority concerned or the Commission. The Board should also be empowered to adopt legally binding decisions where there are disputes between supervisory authorities. For that purpose, it should issue, in principle by a two-thirds majority of its members, legally binding decisions in clearly specified cases where there are conflicting views among supervisory authorities, in particular in the cooperation mechanism between the lead supervisory authority and supervisory authorities concerned on the merits of the case, in particular whether there is an infringement of this Regulation.",0,human_priacy,"When employing the consistency mechanism, the Board must issue an opinion within a set timeframe, if a majority of its members decides to do so or if requested by any concerned supervisory authority or the Commission. The Board should also have the authority to make legally binding decisions in cases of disputes between supervisory authorities. To this end, it should adopt, typically by a two-thirds majority of its members, legally binding decisions in clearly defined situations involving conflicting views among supervisory authorities. This applies especially within the cooperation framework between the lead supervisory authority and the concerned supervisory authorities regarding the case's substance, particularly in determining whether there has been a breach of this Regulation."
"Where personal data are processed for archiving purposes, this Regulation should also apply to that processing, bearing in mind that this Regulation should not apply to deceased persons. Public authorities or public or private bodies that hold records of public interest should be services which, pursuant to Union or Member State law, have a legal obligation to acquire, preserve, appraise, arrange, describe, communicate, promote, disseminate and provide access to records of enduring value for general public interest. Member States should also be authorised to provide for the further processing of personal data for archiving purposes, for example with a view to providing specific information related to the political behaviour under former totalitarian state regimes, genocide, crimes against humanity, in particular the Holocaust, or war crimes. L 119/30 EN Official Journal of the European Union 4.5.2016",0,human_priacy,"When personal data is handled for archival purposes, this Regulation should continue to apply, while noting that it does not cover deceased individuals. Public authorities or other entities, whether public or private, that maintain records of public interest should be those services that, under Union or Member State legislation, are legally required to obtain, keep, evaluate, organize, describe, share, promote, distribute, and allow access to records of lasting value for the broader public interest. Member States should also be permitted to allow additional processing of personal data for archival reasons, such as to furnish particular information concerning political conduct under past totalitarian governments, acts of genocide, crimes against humanity, especially the Holocaust, or war crimes. L 119/30 EN Official Journal of the European Union 4.5.2016"
"Where personal data are processed for statistical purposes, this Regulation should apply to that processing. Union or Member State law should, within the limits of this Regulation, determine statistical content, control of access, specifications for the processing of personal data for statistical purposes and appropriate measures to safeguard the rights and freedoms of the data subject and for ensuring statistical confidentiality. Statistical purposes mean any operation of collection and the processing of personal data necessary for statistical surveys or for the production of statistical results. Those statistical results may further be used for different purposes, including a scientific research purpose. The statistical purpose implies that the result of processing for statistical purposes is not personal data, but aggregate data, and that this result or the personal data are not used in support of measures or decisions regarding any particular natural person.",0,human_priacy,"When personal data is processed for statistical purposes, this Regulation governs such processing. Union or Member State law should, within the scope of this Regulation, define statistical content, regulate access, set specifications for processing personal data for statistical purposes, and establish suitable safeguards for the rights and freedoms of data subjects, as well as ensure statistical confidentiality. Statistical purposes refer to any collection and processing of personal data required for statistical surveys or to generate statistical results. These statistical results may subsequently be applied for various objectives, including scientific research. The statistical purpose indicates that the outcome of processing for such purposes is not personal data but aggregated data, and that neither this result nor the personal data are employed to inform measures or decisions concerning any specific individual."
"The general conditions for the member or members of the supervisory authority should be laid down by law in each Member State and should in particular provide that those members are to be appointed, by means of a transparent procedure, either by the parliament, government or the head of State of the Member State on the basis of a proposal from the government, a member of the government, the parliament or a chamber of the parliament, or by an independent body entrusted under Member State law. In order to ensure the independence of the supervisory authority, the member or members should act with integrity, refrain from any action that is incompatible with their duties and should not, during their term of office, engage in any incompatible occupation, whether gainful or not. The supervisory authority should have its own staff, chosen by the supervisory authority or an independent body established by Member State law, which should be subject to the exclusive direction of the member or members of the supervisory authority.",0,human_priacy,"The general requirements for supervisory authority members must be established by law in each Member State. These laws should specify that members are appointed through a transparent process, either by the parliament, government, or head of state based on a proposal from the government, a government member, the parliament, or a parliamentary chamber, or by an independent body designated under national law. To safeguard the authority's independence, members must act with integrity, avoid any conduct inconsistent with their responsibilities, and not pursue any conflicting activities, paid or unpaid, during their tenure. The supervisory authority should employ its own personnel, selected either by the authority itself or by an independent body created by national law, who must work solely under the direction of the authority's members."
"Where a data protection impact assessment indicates that the processing would, in the absence of safeguards, security measures and mechanisms to mitigate the risk, result in a high risk to the rights and freedoms of natural persons and the controller is of the opinion that the risk cannot be mitigated by reasonable means in terms of available technologies and costs of implementation, the supervisory authority should be consulted prior to the start of processing activities. Such high risk is likely to result from certain types of processing and the extent and frequency of processing, which may result also in a realisation of damage or interference with the rights and freedoms of the natural person. The supervisory authority should respond to the request for consultation within a specified period. However, the absence of a reaction of the supervisory authority within that period should be without prejudice to any intervention of the supervisory authority in accordance with its tasks and powers laid down in this Regulation, including the power to prohibit processing operations. As part of that consultation process, the outcome of a data protection impact assessment carried out with regard to the processing at issue may be submitted to the supervisory authority, in particular the measures envisaged to mitigate the risk to the rights and freedoms of natural persons.",0,human_priacy,"When a data protection impact assessment shows that processing would pose a high risk to individuals' rights and freedoms without adequate safeguards, security measures, or risk mitigation, and the controller believes the risk cannot be reasonably addressed considering available technology and implementation costs, the supervisory authority must be consulted before processing begins. Such high risk may arise from specific processing types, scale, and frequency, potentially leading to harm or infringement of individual rights. The supervisory authority should reply within a set timeframe. Still, its lack of response within that period does not affect its ability to intervene under this Regulation's tasks and powers, such as banning processing activities. During consultation, the results of the relevant data protection impact assessment may be provided to the supervisory authority, especially the planned steps to reduce risks to individuals' rights and freedoms."
"Where processing is based on the data subject's consent, the controller should be able to demonstrate that the data subject has given consent to the processing operation. In particular in the context of a written declaration on another matter, safeguards should ensure that the data subject is aware of the fact that and the extent to which consent is given. In accordance with Council Directive 93/13/EEC (1) a declaration of consent pre- formulated by the controller should be provided in an intelligible and easily accessible form, using clear and plain language and it should not contain unfair terms. For consent to be informed, the data subject should be aware at least of the identity of the controller and the purposes of the processing for which the personal data are intended. Consent should not be regarded as freely given if the data subject has no genuine or free choice or is unable to refuse or withdraw consent without detriment.",0,human_priacy,"When processing relies on the data subject's consent, the controller must be capable of proving that consent was granted for the processing activity. Especially within a written statement concerning a different issue, protective measures must guarantee the data subject understands both that consent is being provided and its specific scope. In line with Council Directive 93/13/EEC (1), any pre-drafted consent statement from the controller should be presented in a clear, accessible format, using straightforward language and avoiding unfair conditions. To ensure consent is informed, the data subject must at minimum know the controller's identity and the intended purposes for processing the personal data. Consent cannot be considered freely given if the data subject lacks a real or free choice, or if refusing or retracting consent results in negative consequences."
"In order to strengthen the enforcement of the rules of this Regulation, penalties including administrative fines should be imposed for any infringement of this Regulation, in addition to, or instead of appropriate measures imposed by the supervisory authority pursuant to this Regulation. In a case of a minor infringement or if the fine likely to be imposed would constitute a disproportionate burden to a natural person, a reprimand may be issued instead of a fine. Due regard should however be given to the nature, gravity and duration of the infringement, the intentional character of the infringement, actions taken to mitigate the damage suffered, degree of responsibility or any relevant previous infringements, the manner in which the infringement became known to the supervisory authority, compliance with measures ordered against the controller or processor, adherence to a code of conduct and any other aggravating or mitigating factor. The imposition of penalties including administrative fines should be subject to appropriate procedural safeguards in accordance with the general principles of Union law and the Charter, including effective judicial protection and due process.",0,human_priacy,"To ensure robust enforcement of this Regulation's provisions, administrative fines should be applied for any violation, either in addition to or in place of other corrective measures ordered by the supervisory authority. For minor infringements or where a fine would impose a disproportionate hardship on an individual, a reprimand may be substituted. Consideration must be given to the infringement's nature, severity, and duration, its intentional character, steps taken to mitigate harm, the degree of responsibility, any prior infringements, how the breach was discovered, adherence to prior orders, compliance with codes of conduct, and other aggravating or mitigating circumstances. The application of such penalties, including fines, must adhere to proper procedural safeguards under Union law and the Charter, ensuring effective judicial remedy and due process."
"Consent should be given by a clear affirmative act establishing a freely given, specific, informed and unambiguous indication of the data subject's agreement to the processing of personal data relating to him or her, such as by a written statement, including by electronic means, or an oral statement. This could include ticking a box when visiting an internet website, choosing technical settings for information society services or another statement or conduct which clearly indicates in this context the data subject's acceptance of the proposed processing of his or her personal data. Silence, pre-ticked boxes or inactivity should not therefore constitute consent. Consent should cover all processing activities carried out for the same purpose or purposes. When the processing has multiple purposes, consent should be given for all of them. If the data subject's consent is to be given following a request by electronic means, the request must be clear, concise and not unnecessarily disruptive to the use of the service for which it is provided.",0,human_priacy,"Consent must be expressed through a clear, affirmative action that demonstrates a freely given, specific, informed, and unambiguous agreement by the data subject to the processing of their personal data. This may be done via a written or oral statement, including through electronic means. Examples include ticking a box on a website, selecting technical settings for online services, or any other statement or behavior that unambiguously signifies acceptance of the proposed data processing. Silence, pre-checked boxes, or inaction should not be considered valid consent. Consent should apply to all processing activities undertaken for the same purpose or purposes. Where processing serves multiple purposes, consent must be obtained for each. If consent is requested electronically, the request should be clear, succinct, and not unduly interfere with the use of the service in question."
"Provisions should be made for the possibility for transfers in certain circumstances where the data subject has given his or her explicit consent, where the transfer is occasional and necessary in relation to a contract or a legal claim, regardless of whether in a judicial procedure or whether in an administrative or any out-of-court procedure, including procedures before regulatory bodies. Provision should also be made for the possibility for transfers where important grounds of public interest laid down by Union or Member State law so require or where the transfer is made from a register established by law and intended for consultation by the public or persons having a legitimate interest. In the latter case, such a transfer should not involve the entirety of the personal data or entire categories of the data contained in the register and, when the register is intended for consultation by persons having a legitimate interest, the transfer should be made only at the request of those persons or, if they are to be the recipients, taking into full account the interests and fundamental rights of the data subject.",0,human_priacy,"Arrangements must allow for transfers under specific conditions, such as when the data subject has provided explicit consent, or when the transfer is occasional and required for a contract or legal claim, whether in judicial, administrative, or out-of-court proceedings, including those before regulatory bodies. Provisions should also permit transfers when essential public interest grounds under Union or Member State law necessitate it, or when the transfer originates from a legally established register meant for public access or for individuals with a legitimate interest. In this last scenario, the transfer must not cover all personal data or entire data categories in the register. If the register is for consultation by those with a legitimate interest, transfers should occur only upon their request or, if they are the recipients, with full consideration of the data subject's interests and fundamental rights."
"A personal data breach may, if not addressed in an appropriate and timely manner, result in physical, material or non-material damage to natural persons such as loss of control over their personal data or limitation of their rights, discrimination, identity theft or fraud, financial loss, unauthorised reversal of pseudonymisation, damage to reputation, loss of confidentiality of personal data protected by professional secrecy or any other significant economic or social disadvantage to the natural person concerned. Therefore, as soon as the controller becomes 4.5.2016 EN Official Journal of the European Union L 119/17 aware that a personal data breach has occurred, the controller should notify the personal data breach to the supervisory authority without undue delay and, where feasible, not later than 72 hours after having become aware of it, unless the controller is able to demonstrate, in accordance with the accountability principle, that the personal data breach is unlikely to result in a risk to the rights and freedoms of natural persons. Where such notification cannot be achieved within 72 hours, the reasons for the delay should accompany the notification and information may be provided in phases without undue further delay.",0,human_priacy,"A personal data breach, if not properly and promptly addressed, can lead to physical, material, or non-material harm to individuals. This includes loss of control over personal data, restriction of rights, discrimination, identity theft, fraud, financial loss, unauthorized reversal of pseudonymization, reputational damage, breach of confidentiality under professional secrecy, or other significant economic or social harm. Consequently, once the controller becomes aware of a personal data breach, they must report it to the supervisory authority without undue delay, ideally within 72 hours of awareness, unless the controller can show, under the accountability principle, that the breach is unlikely to pose a risk to individuals' rights and freedoms. If notification within 72 hours is not possible, the reasons for the delay must be included with the report, and information may be submitted in stages without further undue delay."
"Where personal data are processed for scientific research purposes, this Regulation should also apply to that processing. For the purposes of this Regulation, the processing of personal data for scientific research purposes should be interpreted in a broad manner including for example technological development and demonstration, fundamental research, applied research and privately funded research. In addition, it should take into account the Union's objective under Article 179(1) TFEU of achieving a European Research Area. Scientific research purposes should also include studies conducted in the public interest in the area of public health. To meet the specificities of processing personal data for scientific research purposes, specific conditions should apply in particular as regards the publication or otherwise disclosure of personal data in the context of scientific research purposes. If the result of scientific research in particular in the health context gives reason for further measures in the interest of the data subject, the general rules of this Regulation should apply in view of those measures.",0,human_priacy,"When personal data is handled for scientific research, this Regulation should govern such processing. For the purposes of this Regulation, scientific research should be understood broadly, encompassing areas like technological development and demonstration, basic research, applied research, and privately funded research. It should also consider the Union’s goal, under Article 179(1) TFEU, of establishing a European Research Area. Scientific research purposes should further cover studies carried out in the public interest within public health. To address the unique aspects of processing personal data for scientific research, particular conditions should be set, especially regarding the publication or other disclosure of such data for research aims. If scientific research outcomes, particularly in health, justify additional measures for the data subject’s benefit, the general provisions of this Regulation should apply to those measures."
This Regulation allows the principle of public access to official documents to be taken into account when applying this Regulation. Public access to official documents may be considered to be in the public interest. Personal data in documents held by a public authority or a public body should be able to be publicly disclosed by that authority or body if the disclosure is provided for by Union or Member State law to which the public authority or public body is subject. Such laws should reconcile public access to official documents and the reuse of public sector information with the right to the protection of personal data and may therefore provide for the necessary reconciliation with the right to the protection of personal data pursuant to this Regulation. The reference to public authorities and bodies should in that context include all authorities or other bodies covered by Member State law on public access to documents. Directive 2003/98/EC of the European Parliament and of the Council (1) leaves intact and in no way affects the level of protection of natural persons with regard to the,0,human_priacy,"This Regulation permits the principle of public access to official documents to be considered in its application. Public access to such documents may be deemed to serve the public interest. Personal data contained in documents held by a public authority or body may be disclosed by that entity if disclosure is mandated by Union or Member State law applicable to it. These laws should balance public access to official documents and the reuse of public sector information with the right to personal data protection, and may thus establish the necessary alignment with data protection rights under this Regulation. In this context, references to public authorities and bodies should encompass all entities subject to Member State laws on public document access. Directive 2003/98/EC of the European Parliament and of the Council (1) does not alter or impact the level of protection afforded to natural persons regarding the"
"Transfers which can be qualified as not repetitive and that only concern a limited number of data subjects, could also be possible for the purposes of the compelling legitimate interests pursued by the controller, when those interests are not overridden by the interests or rights and freedoms of the data subject and when the controller has assessed all the circumstances surrounding the data transfer. The controller should give particular considera­ tion to the nature of the personal data, the purpose and duration of the proposed processing operation or operations, as well as the situation in the country of origin, the third country and the country of final destination, and should provide suitable safeguards to protect fundamental rights and freedoms of natural persons with regard to the processing of their personal data. Such transfers should be possible only in residual cases where none of the other grounds for transfer are applicable. For scientific or historical research purposes or statistical purposes, the legitimate expectations of society for an increase of knowledge should be taken into con­ sideration. The controller should inform the supervisory authority and the data subject about the transfer.",0,human_priacy,"Transfers that are non-repetitive and involve only a limited number of individuals may also be permissible when driven by the controller's compelling legitimate interests, provided these interests do not outweigh the rights and freedoms of the data subjects and after a thorough assessment of all transfer circumstances. The controller must carefully evaluate the type of personal data, the purpose and length of the intended processing, as well as conditions in the source, third, and destination countries, and must implement appropriate safeguards to uphold individuals' fundamental rights regarding their data processing. Such transfers should be allowed only in exceptional cases where no other transfer grounds apply. For scientific, historical research, or statistical aims, societal expectations for advancing knowledge should be considered. The controller is required to notify both the supervisory authority and the data subject about the transfer."
"The information in relation to the processing of personal data relating to the data subject should be given to him or her at the time of collection from the data subject, or, where the personal data are obtained from another source, within a reasonable period, depending on the circumstances of the case. Where personal data can be legitimately disclosed to another recipient, the data subject should be informed when the personal data are first disclosed to the recipient. Where the controller intends to process the personal data for a purpose other than that for which they were collected, the controller should provide the data subject prior to that further processing with information on that other purpose and other necessary information. Where the origin of the personal data cannot be provided to the data subject because various sources have been used, general information should be provided.",0,human_priacy,"Information regarding the processing of personal data concerning the data subject should be provided at the moment it is collected from them, or, if the data is acquired from a different source, within a suitable timeframe based on the specific situation. If personal data is lawfully shared with another recipient, the data subject must be notified upon the initial disclosure to that recipient. Should the controller plan to use the personal data for a purpose different from the original collection intent, they must inform the data subject beforehand about this new purpose and any other relevant details. In cases where the origin of the personal data cannot be specified due to the use of multiple sources, general information should be supplied."
"The principles of data protection should apply to any information concerning an identified or identifiable natural person. Personal data which have undergone pseudonymisation, which could be attributed to a natural person by the use of additional information should be considered to be information on an identifiable natural person. To determine whether a natural person is identifiable, account should be taken of all the means reasonably likely to be used, such as singling out, either by the controller or by another person to identify the natural person directly or indirectly. To ascertain whether means are reasonably likely to be used to identify the natural person, account should be taken of all objective factors, such as the costs of and the amount of time required for identification, taking into consideration the available technology at the time of the processing and technological developments. The principles of data protection should therefore not apply to anonymous information, namely information which does not relate to an identified or identifiable natural person or to personal data rendered anonymous in such a manner that the data subject is not or no longer identifiable. This Regulation does not therefore concern the processing of such anonymous information, including for statistical or research purposes.",0,human_priacy,"Data protection principles must apply to all information related to an identified or identifiable individual. Pseudonymised personal data that can be linked to a person through additional details should be treated as information about an identifiable individual. To assess identifiability, all reasonably feasible methods should be considered, including those enabling singling out, whether used by the controller or others to identify someone directly or indirectly. In evaluating whether such methods are reasonably feasible, objective factors like the cost and time needed for identification must be weighed, accounting for current technology and its evolution. Consequently, data protection principles do not extend to anonymous information—that is, data not connected to an identified or identifiable person, or personal data anonymised so the individual cannot be identified. This Regulation thus does not govern the processing of such anonymous information, even for statistical or research purposes."
"Where a court seized of proceedings against a decision by a supervisory authority has reason to believe that proceedings concerning the same processing, such as the same subject matter as regards processing by the same controller or processor, or the same cause of action, are brought before a competent court in another Member State, it should contact that court in order to confirm the existence of such related proceedings. If related proceedings are pending before a court in another Member State, any court other than the court first 4.5.2016 EN Official Journal of the European Union L 119/27 seized may stay its proceedings or may, on request of one of the parties, decline jurisdiction in favour of the court first seized if that court has jurisdiction over the proceedings in question and its law permits the consoli­ dation of such related proceedings. Proceedings are deemed to be related where they are so closely connected that it is expedient to hear and determine them together in order to avoid the risk of irreconcilable judgments resulting from separate proceedings.",0,human_priacy,"When a court handling a case against a decision by a supervisory authority has grounds to suspect that similar proceedings regarding the same processing activity—such as the same subject matter involving the same controller or processor, or the same legal claim—are initiated before a competent court in another Member State, it should contact that court to verify the existence of such related proceedings. If related proceedings are pending before a court in another Member State, any court other than the one first seized may suspend its proceedings or, upon request by a party, may decline jurisdiction in favor of the court first seized, provided that court has jurisdiction over the matters and its legal system allows for the consolidation of such related cases. Proceedings are considered related when they are so closely linked that it is advisable to hear and decide them jointly to prevent the risk of conflicting judgments arising from separate proceedings."
"Where the processing is carried out by a public authority, except for courts or independent judicial authorities when acting in their judicial capacity, where, in the private sector, processing is carried out by a controller whose core activities consist of processing operations that require regular and systematic monitoring of the data subjects on a large scale, or where the core activities of the controller or the processor consist of processing on a large scale of special categories of personal data and data relating to criminal convictions and offences, a person with expert knowledge of data protection law and practices should assist the controller or processor to monitor internal compliance with this Regulation. In the private sector, the core activities of a controller relate to its primary activities and do not relate to the processing of personal data as ancillary activities. The necessary level of expert knowledge should be determined in particular according to the data processing operations carried out 4.5.2016 EN Official Journal of the European Union L 119/19 and the protection required for the personal data processed by the controller or the processor. Such data protection officers, whether or not they are an employee of the controller, should be in a position to perform their duties and tasks in an independent manner.",0,human_priacy,"When processing is conducted by a public authority—excluding courts or independent judicial bodies acting in a judicial capacity—or in the private sector by a controller whose principal activities involve large-scale, regular, and systematic monitoring of data subjects, or whose main operations consist of large-scale processing of special categories of personal data or data concerning criminal convictions and offenses, a data protection expert should support the controller or processor in overseeing internal adherence to this Regulation. In the private sector, a controller’s core activities refer to its primary business functions, not to ancillary personal data processing. The required expertise should be assessed based on the data processing conducted and the level of protection needed for the personal data handled by the controller or processor. These data protection officers, regardless of their employment status with the controller, must be able to carry out their duties independently."
"Where a data subject considers that his or her rights under this Regulation are infringed, he or she should have the right to mandate a not-for-profit body, organisation or association which is constituted in accordance with the law of a Member State, has statutory objectives which are in the public interest and is active in the field of the protection of personal data to lodge a complaint on his or her behalf with a supervisory authority, exercise the right to a judicial remedy on behalf of data subjects or, if provided for in Member State law, exercise the right to receive compensation on behalf of data subjects. A Member State may provide for such a body, organisation or association to have the right to lodge a complaint in that Member State, independently of a data subject's mandate, and the right to an effective judicial remedy where it has reasons to consider that the rights of a data subject have been infringed as a result of the processing of personal data which infringes this Regulation. That body, organisation or association may not be allowed to claim compensation on a data subject's behalf indepen­ dently of the data subject's mandate.",0,human_priacy,"If a data subject believes their rights under this Regulation have been violated, they should be entitled to authorize a not-for-profit body, organization, or association that is legally established in a Member State, pursues public interest objectives, and is active in personal data protection to file a complaint on their behalf with a supervisory authority, pursue judicial remedies for data subjects, or, where permitted by Member State law, seek compensation on their behalf. A Member State may grant such an entity the right to lodge a complaint within its jurisdiction without a data subject’s specific mandate, and to seek effective judicial redress if it has grounds to believe a data subject’s rights have been breached due to processing that violates this Regulation. However, such an entity may not independently claim compensation on a data subject’s behalf without their authorization."
"The protection of the rights and freedoms of natural persons with regard to the processing of personal data require that appropriate technical and organisational measures be taken to ensure that the requirements of this Regulation are met. In order to be able to demonstrate compliance with this Regulation, the controller should adopt internal policies and implement measures which meet in particular the principles of data protection by design and data protection by default. Such measures could consist, inter alia, of minimising the processing of personal data, pseudonymising personal data as soon as possible, transparency with regard to the functions and processing of personal data, enabling the data subject to monitor the data processing, enabling the controller to create and improve security features. When developing, designing, selecting and using applications, services and products that are based on the processing of personal data or process personal data to fulfil their task, producers of the products, services and applications should be encouraged to take into account the right to data protection when developing and designing such products, services and applications and, with due regard to the state of the art, to make sure that controllers and processors are able to fulfil their data protection obligations. The principles of data protection by design and by default should also be taken into consideration in the context of public tenders.",0,human_priacy,"Safeguarding the rights and freedoms of individuals concerning personal data processing necessitates implementing suitable technical and organizational measures to fulfill this Regulation's requirements. To demonstrate compliance, controllers must establish internal policies and adopt measures that align with data protection by design and by default principles. These measures may include minimizing personal data processing, promptly pseudonymizing data, ensuring transparency about data functions and processing, allowing data subjects to oversee processing, and enabling controllers to enhance security features. When creating, designing, selecting, or utilizing applications, services, and products involving personal data processing, producers should be urged to consider data protection rights during development and design. They must also ensure, considering current technology, that controllers and processors can meet their data protection duties. Data protection by design and by default principles should further be integrated into public tender processes."
"When personal data moves across borders outside the Union it may put at increased risk the ability of natural persons to exercise data protection rights in particular to protect themselves from the unlawful use or disclosure of that information. At the same time, supervisory authorities may find that they are unable to pursue complaints or conduct investigations relating to the activities outside their borders. Their efforts to work together in the cross-border context may also be hampered by insufficient preventative or remedial powers, inconsistent legal regimes, and practical obstacles like resource constraints. Therefore, there is a need to promote closer cooperation among data protection supervisory authorities to help them exchange information and carry out investigations with their international counterparts. For the purposes of developing international cooperation mechanisms to facilitate and provide international mutual assistance for the enforcement of legislation for the protection of personal data, the Commission and the supervisory authorities should exchange information and cooperate in activities related to the exercise of their powers with competent authorities in third countries, based on reciprocity and in accordance with this Regulation.",0,human_priacy,"When personal data is transferred beyond the Union's borders, it can heighten the risk that individuals may face difficulties in exercising their data protection rights, especially in safeguarding against the misuse or unauthorized disclosure of their information. Concurrently, supervisory authorities might encounter challenges in addressing complaints or conducting investigations into activities occurring outside their jurisdiction. Their collaborative efforts in cross-border situations can be further hindered by limited preventive or corrective powers, divergent legal frameworks, and practical barriers such as resource limitations. Consequently, fostering enhanced cooperation among data protection supervisory authorities is essential to support the sharing of information and the execution of investigations with international partners. To establish international cooperation mechanisms that aid in providing mutual assistance for enforcing personal data protection laws, the Commission and supervisory authorities should, on the basis of reciprocity and in line with this Regulation, engage in information exchange and collaborate with competent authorities in third countries on matters involving the use of their powers."
"Personal data concerning health should include all data pertaining to the health status of a data subject which reveal information relating to the past, current or future physical or mental health status of the data subject. This includes information about the natural person collected in the course of the registration for, or the provision of, health care services as referred to in Directive 2011/24/EU of the European Parliament and of the Council (1) to that natural person; a number, symbol or particular assigned to a natural person to uniquely identify the natural person for health purposes; information derived from the testing or examination of a body part or bodily substance, including from genetic data and biological samples; and any information on, for example, a disease, disability, disease risk, medical history, clinical treatment or the physiological or biomedical state of the data subject independent of its source, for example from a physician or other health professional, a hospital, a medical device or an in vitro diagnostic test.",0,human_priacy,"Personal data related to health encompasses all information regarding an individual's health status that discloses details about their past, present, or future physical or mental condition. This comprises data gathered during the enrollment for or delivery of healthcare services as defined in Directive 2011/24/EU of the European Parliament and of the Council (1) to that individual; a unique identifier, such as a number, symbol, or code, assigned for health-related purposes; results from the analysis or testing of any body part or biological material, including genetic information and samples; and any details concerning, for instance, an illness, impairment, health risk, medical background, clinical care, or the physiological or biomedical condition of the individual, regardless of its origin—be it from a doctor, another healthcare provider, a hospital, a medical apparatus, or an in vitro diagnostic assessment."
"Every data subject should have the right to lodge a complaint with a single supervisory authority, in particular in the Member State of his or her habitual residence, and the right to an effective judicial remedy in accordance L 119/26 EN Official Journal of the European Union 4.5.2016 with Article 47 of the Charter if the data subject considers that his or her rights under this Regulation are infringed or where the supervisory authority does not act on a complaint, partially or wholly rejects or dismisses a complaint or does not act where such action is necessary to protect the rights of the data subject. The investi­ gation following a complaint should be carried out, subject to judicial review, to the extent that is appropriate in the specific case. The supervisory authority should inform the data subject of the progress and the outcome of the complaint within a reasonable period. If the case requires further investigation or coordination with another supervisory authority, intermediate information should be given to the data subject. In order to facilitate the submission of complaints, each supervisory authority should take measures such as providing a complaint submission form which can also be completed electronically, without excluding other means of communication.",0,human_priacy,"Every data subject must have the right to file a complaint with one supervisory authority, especially in their Member State of habitual residence, and the right to an effective judicial remedy under Article 47 of the Charter if they believe their rights under this Regulation are violated or if the supervisory authority fails to act on a complaint, partly or fully rejects or dismisses it, or does not take necessary action to protect the data subject’s rights. The investigation after a complaint should be conducted, subject to judicial oversight, as appropriate for the specific case. The supervisory authority must inform the data subject of the complaint’s progress and outcome within a reasonable timeframe. If further investigation or coordination with another supervisory authority is needed, interim updates should be provided to the data subject. To make complaint submission easier, each supervisory authority should implement measures like offering a complaint form that can be filled out electronically, without precluding other communication methods."
"Where another supervisory authority should act as a lead supervisory authority for the processing activities of the controller or processor but the concrete subject matter of a complaint or the possible infringement concerns only processing activities of the controller or processor in the Member State where the complaint has been lodged or the possible infringement detected and the matter does not substantially affect or is not likely to substantially affect data subjects in other Member States, the supervisory authority receiving a complaint or detecting or being informed otherwise of situations that entail possible infringements of this Regulation should seek an amicable settlement with the controller and, if this proves unsuccessful, exercise its full range of powers. This should include: specific processing carried out in the territory of the Member State of the supervisory authority or with regard to data subjects on the territory of that Member State; processing that is carried out in the context of an offer of goods or services specifically aimed at data subjects in the territory of the Member State of the supervisory authority; or processing that has to be assessed taking into account relevant legal obligations under Member State law.",0,human_priacy,"When a different supervisory authority should serve as the lead for a controller’s or processor’s activities, but the specific complaint or potential breach relates only to processing within the Member State where the complaint was filed or the infringement identified, and the issue does not significantly impact or is unlikely to significantly impact data subjects in other Member States, the authority that receives the complaint, detects, or is otherwise informed of possible violations of this Regulation should pursue an amicable resolution with the controller. If this fails, it should then fully employ its powers. This applies to: processing specifically conducted within the supervisory authority’s Member State or concerning data subjects there; processing in connection with an offer of goods or services explicitly targeted at data subjects in that Member State; or processing that must be evaluated considering relevant legal duties under that Member State’s law."
"In order to ensure that natural persons are not deprived of the protection to which they are entitled under this Regulation, the processing of personal data of data subjects who are in the Union by a controller or a processor not established in the Union should be subject to this Regulation where the processing activities are related to offering goods or services to such data subjects irrespective of whether connected to a payment. In order to determine whether such a controller or processor is offering goods or services to data subjects who are in the Union, it should be ascertained whether it is apparent that the controller or processor envisages offering services to data subjects in one or more Member States in the Union. Whereas the mere accessibility of the controller's, processor's or an intermediary's website in the Union, of an email address or of other contact details, or the use of a language generally used in the third country where the controller is established, is insufficient to ascertain such intention, factors such as the use of a language or a currency generally used in one or more Member States with the possibility of ordering goods and services in that other language, or the mentioning of customers or users who are in the Union, may make it apparent that the controller envisages offering goods or services to data subjects in the Union.",0,human_priacy,"To guarantee that individuals do not lose the safeguards provided by this Regulation, the handling of personal data of persons within the Union by a controller or processor located outside the Union must comply with this Regulation when the processing is connected to providing goods or services to those individuals, regardless of payment. To assess whether such a controller or processor is offering goods or services to persons in the Union, it should be determined if it is clear that they intend to serve individuals in one or more EU Member States. While simply having a website accessible in the Union, an email address, other contact information, or using a language common in the controller’s home country does not sufficiently indicate this intent, factors like employing a language or currency typical in one or more Member States, enabling orders in that language, or referencing customers or users in the Union may demonstrate an intention to offer goods or services to individuals in the Union."
"The Commission should monitor the functioning of decisions on the level of protection in a third country, a territory or specified sector within a third country, or an international organisation, and monitor the functioning of decisions adopted on the basis of Article 25(6) or Article 26(4) of Directive 95/46/EC. In its adequacy decisions, the Commission should provide for a periodic review mechanism of their functioning. That periodic review should be conducted in consultation with the third country or international organisation in question and take into account all relevant developments in the third country or international organisation. For the purposes of monitoring and of carrying out the periodic reviews, the Commission should take into consideration the views and findings of the European Parliament and of the Council as well as of other relevant bodies and sources. The Commission should evaluate, within a reasonable time, the functioning of the latter decisions and report any relevant findings to the Committee within the meaning of Regulation (EU) No 182/2011 of the European Parliament and of the Council (1) as established under this Regulation, to the European Parliament and to the Council.",0,human_priacy,"The Commission must oversee the implementation of decisions concerning protection levels in third countries, specific territories or sectors within them, or international organizations, as well as decisions based on Article 25(6) or Article 26(4) of Directive 95/46/EC. Adequacy decisions issued by the Commission should incorporate a mechanism for periodic review of their effectiveness. Such reviews must be carried out in cooperation with the relevant third country or international organization, considering all pertinent developments there. To support monitoring and periodic assessments, the Commission should account for the perspectives and conclusions of the European Parliament, the Council, and other appropriate bodies and sources. The Commission is required to assess the performance of these decisions within a reasonable timeframe and communicate any significant results to the Committee referred to in Regulation (EU) No 182/2011, established under this Regulation, as well as to the European Parliament and the Council."
"Flows of personal data to and from countries outside the Union and international organisations are necessary for the expansion of international trade and international cooperation. The increase in such flows has raised new challenges and concerns with regard to the protection of personal data. However, when personal data are transferred from the Union to controllers, processors or other recipients in third countries or to international organisations, the level of protection of natural persons ensured in the Union by this Regulation should not be undermined, including in cases of onward transfers of personal data from the third country or international organisation to controllers, processors in the same or another third country or international organisation. In any event, transfers to third countries and international organisations may only be carried out in full compliance with this Regulation. A transfer could take place only if, subject to the other provisions of this Regulation, the conditions laid down in the provisions of this Regulation relating to the transfer of personal data to third countries or international organisations are complied with by the controller or processor.",0,human_priacy,"The movement of personal data to and from nations outside the Union and international bodies is essential for the growth of global trade and cooperation. The rise in these transfers has introduced new challenges and concerns regarding data protection. Nonetheless, when personal data is sent from the Union to controllers, processors, or other recipients in third countries or to international organisations, the level of protection for individuals guaranteed by this Regulation within the Union must not be compromised. This applies equally to onward transfers of such data from a third country or international organisation to controllers or processors in the same or another third country or international body. In all cases, transfers to third countries and international organisations must be conducted in strict accordance with this Regulation. Such a transfer may occur only if, adhering to the other rules of this Regulation, the controller or processor meets the conditions specified in its provisions concerning the transfer of personal data to third countries or international organisations."
"The processing of personal data to the extent strictly necessary and proportionate for the purposes of ensuring network and information security, i.e. the ability of a network or an information system to resist, at a given level of confidence, accidental events or unlawful or malicious actions that compromise the availability, authenticity, integrity and confidentiality of stored or transmitted personal data, and the security of the related services offered by, or accessible via, those networks and systems, by public authorities, by computer emergency response teams (CERTs), computer security incident response teams (CSIRTs), by providers of electronic communications networks and services and by providers of security technologies and services, constitutes a legitimate interest of the data controller concerned. This could, for example, include preventing unauthorised access to electronic communications networks and malicious code distribution and stopping ‘denial of service’ attacks and damage to computer and electronic communication systems.",0,human_priacy,"The handling of personal data, to the degree strictly required and balanced for safeguarding network and information security—meaning the capacity of a network or information system to withstand, with a specified level of assurance, unintended incidents or illegal or hostile acts that jeopardize the availability, authenticity, integrity, and confidentiality of stored or transmitted personal data, along with the security of associated services provided through or accessible via these networks and systems, by public bodies, computer emergency response teams (CERTs), computer security incident response teams (CSIRTs), providers of electronic communications networks and services, and providers of security technologies and services—represents a valid interest of the relevant data controller. For instance, this may involve blocking unauthorised access to electronic communications networks and the spread of malicious software, as well as halting ‘denial of service’ attacks and harm to computer and electronic communication systems."
"The processing of special categories of personal data may be necessary for reasons of public interest in the areas of public health without consent of the data subject. Such processing should be subject to suitable and specific measures so as to protect the rights and freedoms of natural persons. In that context, ‘public health’ should be interpreted as defined in Regulation (EC) No 1338/2008 of the European Parliament and of the Council (1), namely all elements related to health, namely health status, including morbidity and disability, the determinants having an effect on that health status, health care needs, resources allocated to health care, the provision of, and universal access to, health care as well as health care expenditure and financing, and the causes of mortality. Such processing of data concerning health for reasons of public interest should not result in personal data being processed for other purposes by third parties such as employers or insurance and banking companies.",0,human_priacy,"The handling of special categories of personal data may be required for public interest purposes in the field of public health, even without the data subject's consent. This processing must be governed by appropriate and specific safeguards to uphold the rights and freedoms of individuals. Here, 'public health' should be understood as defined in Regulation (EC) No 1338/2008 of the European Parliament and of the Council (1), encompassing all health-related aspects, such as health status, including morbidity and disability, factors influencing health, health care requirements, resources devoted to health care, the delivery and universal availability of health care, along with health care spending and funding, and mortality causes. Processing health data for public interest reasons should not lead to personal data being used for other objectives by third parties, like employers or insurance and banking institutions."
"In order to promote the consistent application of this Regulation, the Board should be set up as an independent body of the Union. To fulfil its objectives, the Board should have legal personality. The Board should be represented by its Chair. It should replace the Working Party on the Protection of Individuals with Regard to the Processing of Personal Data established by Directive 95/46/EC. It should consist of the head of a supervisory authority of each Member State and the European Data Protection Supervisor or their respective representatives. The Commission should participate in the Board's activities without voting rights and the European Data Protection Supervisor should have specific voting rights. The Board should contribute to the consistent application of this Regulation throughout the Union, including by advising the Commission, in particular on the level of protection in third countries or international organisations, and promoting cooperation of the supervisory authorities throughout the Union. The Board should act independently when performing its tasks.",0,human_priacy,"To ensure uniform implementation of this Regulation, the Board must be established as an autonomous Union body. For achieving its purposes, the Board requires legal personality. Its Chair shall represent the Board. It will take the place of the Working Party on the Protection of Individuals with Regard to the Processing of Personal Data created under Directive 95/46/EC. Its composition shall include the head of each Member State's supervisory authority and the European Data Protection Supervisor, or their designated representatives. The Commission shall engage in the Board's work without a vote, while the European Data Protection Supervisor shall possess particular voting rights. The Board shall support the consistent application of this Regulation across the Union, notably by providing advice to the Commission—especially concerning protection standards in third countries or international organisations—and by fostering cooperation among supervisory authorities throughout the Union. The Board shall operate independently in carrying out its duties."
"The controller or processor should compensate any damage which a person may suffer as a result of processing that infringes this Regulation. The controller or processor should be exempt from liability if it proves that it is not in any way responsible for the damage. The concept of damage should be broadly interpreted in the light of the case-law of the Court of Justice in a manner which fully reflects the objectives of this Regulation. This is without prejudice to any claims for damage deriving from the violation of other rules in Union or Member State law. Processing that infringes this Regulation also includes processing that infringes delegated and implementing acts adopted in accordance with this Regulation and Member State law specifying rules of this Regulation. Data subjects should receive full and effective compensation for the damage they have suffered. Where controllers or processors are involved in the same processing, each controller or processor should be held liable for the entire damage. However, where they are joined to the same judicial proceedings, in accordance with Member State law, compensation may be apportioned according to the responsibility of each controller or processor for the damage caused by the processing, provided that full and effective compensation of the data subject who suffered the damage is ensured. Any controller or processor which has paid full compensation may subsequently institute recourse proceedings against other controllers or processors involved in the same processing.",0,human_priacy,"The controller or processor must compensate any damage an individual suffers due to processing that violates this Regulation. They may be exempt from liability if they demonstrate no responsibility for the harm. The notion of damage should be interpreted broadly, consistent with the Court of Justice's case-law, to fully align with this Regulation's objectives. This does not affect claims for damages arising from breaches of other Union or Member State laws. Processing that infringes this Regulation also encompasses violations of delegated and implementing acts under this Regulation and Member State laws that detail its provisions. Data subjects are entitled to complete and effective compensation for any damage incurred. When multiple controllers or processors participate in the same processing, each is liable for the total damage. Yet, if joined in the same legal proceedings under Member State law, compensation may be allocated based on each party's responsibility for the harm, ensuring the affected data subject receives full and effective compensation. Any controller or processor that has provided full compensation may later initiate recourse actions against other involved controllers or processors."
"The risk to the rights and freedoms of natural persons, of varying likelihood and severity, may result from personal data processing which could lead to physical, material or non-material damage, in particular: where the processing may give rise to discrimination, identity theft or fraud, financial loss, damage to the reputation, loss of confidentiality of personal data protected by professional secrecy, unauthorised reversal of pseudonymisation, or any other significant economic or social disadvantage; where data subjects might be deprived of their rights and freedoms or prevented from exercising control over their personal data; where personal data are processed which reveal racial or ethnic origin, political opinions, religion or philosophical beliefs, trade union membership, and the processing of genetic data, data concerning health or data concerning sex life or criminal convictions and offences or related security measures; where personal aspects are evaluated, in particular analysing or predicting aspects concerning performance at work, economic situation, health, personal preferences or interests, reliability or behaviour, location or movements, in order to create or use personal profiles; where personal data of vulnerable natural persons, in particular of children, are processed; or where processing involves a large amount of personal data and affects a large number of data subjects.",0,human_priacy,"The risk to individuals' rights and freedoms, of differing likelihood and severity, can arise from personal data processing that may cause physical, material, or non-material harm. This includes situations where processing could result in discrimination, identity theft, fraud, financial loss, reputational damage, breach of confidentiality for professionally protected data, unauthorized reversal of pseudonymization, or other significant economic or social harm. It also applies when data subjects may be deprived of their rights and freedoms or hindered from controlling their personal data; when processing involves data revealing racial or ethnic origin, political opinions, religious or philosophical beliefs, trade union membership, genetic data, health data, data concerning sex life, or criminal convictions and related security measures; when personal aspects are assessed, especially to analyze or predict work performance, economic status, health, personal preferences, reliability, behavior, location, or movements for creating or using personal profiles; when processing involves data of vulnerable individuals, particularly children; or when processing involves substantial volumes of personal data affecting many data subjects."
"Restrictions concerning specific principles and the rights of information, access to and rectification or erasure of personal data, the right to data portability, the right to object, decisions based on profiling, as well as the communication of a personal data breach to a data subject and certain related obligations of the controllers may be imposed by Union or Member State law, as far as necessary and proportionate in a democratic society to safeguard public security, including the protection of human life especially in response to natural or manmade disasters, the prevention, investigation and prosecution of criminal offences or the execution of criminal penalties, including the safeguarding against and the prevention of threats to public security, or of breaches of ethics for regulated professions, other important objectives of general public interest of the Union or of a Member State, in particular an important economic or financial interest of the Union or of a Member State, the keeping of public registers kept for reasons of general public interest, further processing of archived personal data to provide specific information related to the political behaviour under former totalitarian state regimes or the protection of the data subject or the rights and freedoms of others, including social protection, public health and humanitarian purposes. Those restrictions should be in accordance with the requirements set out in the Charter and in the European Convention for the Protection of Human Rights and Fundamental Freedoms.",0,human_priacy,"Limitations on particular principles and rights regarding information, access to, correction or deletion of personal data, data portability, objection, profiling-based decisions, notification of personal data breaches to data subjects, and certain controller duties may be established by Union or Member State law. Such measures must be necessary and proportionate in a democratic society to protect public security, such as safeguarding human life during natural or manmade disasters, preventing, investigating, and prosecuting crimes or enforcing criminal penalties, including countering threats to public security, or addressing breaches of ethics in regulated professions. They may also serve other significant public interest objectives of the Union or a Member State, notably important economic or financial interests, maintaining public registers for general public interest, reprocessing archived personal data to disclose specific information about political conduct under past totalitarian regimes, or protecting the data subject or the rights and freedoms of others, encompassing social protection, public health, and humanitarian aims. These restrictions must align with the standards outlined in the Charter and the European Convention on Human Rights."
"Each supervisory authority not acting as the lead supervisory authority should be competent to handle local cases where the controller or processor is established in more than one Member State, but the subject matter of the specific processing concerns only processing carried out in a single Member State and involves only data subjects in that single Member State, for example, where the subject matter concerns the processing of employees' personal data in the specific employment context of a Member State. In such cases, the supervisory authority should inform the lead supervisory authority without delay about the matter. After being informed, the lead supervisory authority should decide, whether it will handle the case pursuant to the provision on cooperation between the lead supervisory authority and other supervisory authorities concerned (‘one-stop-shop mechanism’), or whether the supervisory authority which informed it should handle the case at local level. When deciding whether it will handle the case, the lead supervisory authority should take into account whether there is an establishment of the controller or processor in the Member State of the supervisory authority which informed it in order to ensure effective enforcement of a decision vis-à-vis the controller or processor. Where the lead supervisory authority decides to handle the case, the supervisory authority which informed it should have the L 119/24 EN Official Journal of the European Union 4.5.2016 possibility to submit a draft for a decision, of which the lead supervisory authority should take utmost account when preparing its draft decision in that one-stop-shop mechanism.",0,human_priacy,"When a supervisory authority is not the lead, it should be able to manage local cases where a controller or processor operates in multiple Member States, but the specific processing activity is confined to a single Member State and only involves data subjects there. An example is processing employee data within a particular Member State's employment context. In these instances, that authority must promptly notify the lead supervisory authority. Upon notification, the lead authority should determine whether to manage the case under the cooperation rules (the ‘one-stop-shop mechanism’) or allow the notifying authority to handle it locally. In making this decision, the lead authority must consider whether the controller or processor has an establishment in the Member State of the notifying authority to ensure decisions can be effectively enforced. If the lead authority takes on the case, the notifying authority should have the opportunity to provide a draft decision, which the lead authority must give the highest consideration when formulating its own draft under the one-stop-shop mechanism."
"In line with the fundamental values on which the Union is founded, in particular the protection of human rights, the Commission should, in its assessment of the third country, or of a territory or specified sector within a third country, take into account how a particular third country respects the rule of law, access to justice as well as in­ ternational human rights norms and standards and its general and sectoral law, including legislation concerning public security, defence and national security as well as public order and criminal law. The adoption of an adequacy decision with regard to a territory or a specified sector in a third country should take into account clear and objective criteria, such as specific processing activities and the scope of applicable legal standards and legislation in force in the third country. The third country should offer guarantees ensuring an adequate level of L 119/20 EN Official Journal of the European Union 4.5.2016 protection essentially equivalent to that ensured within the Union, in particular where personal data are processed in one or several specific sectors. In particular, the third country should ensure effective independent data protection supervision and should provide for cooperation mechanisms with the Member States' data protection authorities, and the data subjects should be provided with effective and enforceable rights and effective administrative and judicial redress.",0,human_priacy,"In accordance with the core principles underlying the Union, especially the safeguarding of human rights, the Commission must consider, when evaluating a third country or a specific territory or sector within it, the extent to which that country upholds the rule of law, ensures access to justice, and adheres to international human rights norms and standards, along with its general and sector-specific legislation, including laws related to public security, defence, national security, public order, and criminal law. Any adequacy decision for a territory or specified sector in a third country should be based on clear, objective criteria, such as particular processing operations and the extent of applicable legal standards and existing legislation in that country. The third country must provide safeguards guaranteeing a level of protection essentially equivalent to that within the Union, notably where personal data is processed in one or more specific sectors. Specifically, the third country should guarantee effective and independent supervision of data protection, establish cooperation mechanisms with the data protection authorities of Member States, and ensure data subjects have effective, enforceable rights and access to meaningful administrative and judicial remedies."
"A data subject should have the right to have personal data concerning him or her rectified and a ‘right to be forgotten’ where the retention of such data infringes this Regulation or Union or Member State law to which the controller is subject. In particular, a data subject should have the right to have his or her personal data erased and no longer processed where the personal data are no longer necessary in relation to the purposes for which they are collected or otherwise processed, where a data subject has withdrawn his or her consent or objects to the processing of personal data concerning him or her, or where the processing of his or her personal data does not otherwise comply with this Regulation. That right is relevant in particular where the data subject has given 4.5.2016 EN Official Journal of the European Union L 119/13 his or her consent as a child and is not fully aware of the risks involved by the processing, and later wants to remove such personal data, especially on the internet. The data subject should be able to exercise that right notwithstanding the fact that he or she is no longer a child. However, the further retention of the personal data should be lawful where it is necessary, for exercising the right of freedom of expression and information, for compliance with a legal obligation, for the performance of a task carried out in the public interest or in the exercise of official authority vested in the controller, on the grounds of public interest in the area of public health, for archiving purposes in the public interest, scientific or historical research purposes or statistical purposes, or for the establishment, exercise or defence of legal claims.",0,human_priacy,"A data subject must have the right to rectify personal data about them and a ‘right to be forgotten’ when keeping such data violates this Regulation or applicable Union or Member State law. Specifically, they should be entitled to have their personal data deleted and no longer processed if the data are no longer needed for the original purposes, if consent is withdrawn or an objection is raised, or if the processing otherwise fails to comply with this Regulation. This right is especially pertinent where the data subject gave consent as a child without full awareness of the risks and later wishes to erase such data, particularly online. The data subject should retain this right even after reaching adulthood. However, continued retention of personal data remains lawful when necessary for exercising freedom of expression and information, complying with a legal obligation, performing a task in the public interest or exercising official authority, on grounds of public interest in public health, for archiving in the public interest, scientific or historical research, statistical purposes, or for establishing, exercising, or defending legal claims."
"Where a controller or a processor not established in the Union is processing personal data of data subjects who are in the Union whose processing activities are related to the offering of goods or services, irrespective of whether a payment of the data subject is required, to such data subjects in the Union, or to the monitoring of their behaviour as far as their behaviour takes place within the Union, the controller or the processor should designate a representative, unless the processing is occasional, does not include processing, on a large scale, of special categories of personal data or the processing of personal data relating to criminal convictions and offences, and is unlikely to result in a risk to the rights and freedoms of natural persons, taking into account the L 119/16 EN Official Journal of the European Union 4.5.2016 nature, context, scope and purposes of the processing or if the controller is a public authority or body. The rep­ resentative should act on behalf of the controller or the processor and may be addressed by any supervisory authority. The representative should be explicitly designated by a written mandate of the controller or of the processor to act on its behalf with regard to its obligations under this Regulation. The designation of such a rep­ resentative does not affect the responsibility or liability of the controller or of the processor under this Regulation. Such a representative should perform its tasks according to the mandate received from the controller or processor, including cooperating with the competent supervisory authorities with regard to any action taken to ensure compliance with this Regulation. The designated representative should be subject to enforcement proceedings in the event of non-compliance by the controller or processor.",0,human_priacy,"When a controller or processor not established in the Union processes personal data of data subjects in the Union, where the processing relates to offering goods or services to those subjects (whether payment is required or not) or to monitoring their behavior within the Union, a representative must be designated. This requirement does not apply if the processing is occasional, does not involve large-scale processing of special categories of personal data or data concerning criminal convictions, and, considering the nature, context, scope, and purposes of the processing, is unlikely to pose a risk to individuals' rights and freedoms, or if the controller is a public authority. The representative acts on behalf of the controller or processor and may be contacted by any supervisory authority. They must be explicitly appointed through a written mandate to handle obligations under this Regulation. Appointing a representative does not diminish the controller's or processor's responsibility or liability. The representative should carry out tasks as specified in the mandate, including cooperating with supervisory authorities to ensure compliance. The representative may be subject to enforcement actions if the controller or processor fails to comply."
"In the absence of an adequacy decision, the controller or processor should take measures to compensate for the lack of data protection in a third country by way of appropriate safeguards for the data subject. Such appropriate safeguards may consist of making use of binding corporate rules, standard data protection clauses adopted by the Commission, standard data protection clauses adopted by a supervisory authority or contractual clauses authorised by a supervisory authority. Those safeguards should ensure compliance with data protection requirements and the rights of the data subjects appropriate to processing within the Union, including the availability of enforceable data subject rights and of effective legal remedies, including to obtain effective adminis­ trative or judicial redress and to claim compensation, in the Union or in a third country. They should relate in particular to compliance with the general principles relating to personal data processing, the principles of data protection by design and by default. Transfers may also be carried out by public authorities or bodies with public authorities or bodies in third countries or with international organisations with corresponding duties or functions, including on the basis of provisions to be inserted into administrative arrangements, such as a memorandum of understanding, providing for enforceable and effective rights for data subjects. Authorisation by the competent supervisory authority should be obtained when the safeguards are provided for in administrative arrangements that are not legally binding.",0,human_priacy,"In cases where no adequacy decision exists, controllers or processors must implement measures to address the insufficient data protection in a third country through suitable safeguards for the data subject. These appropriate safeguards could involve employing binding corporate rules, standard data protection clauses approved by the Commission, standard clauses adopted by a supervisory authority, or contractual clauses authorized by a supervisory authority. Such safeguards must guarantee adherence to data protection standards and uphold data subjects' rights comparable to processing within the Union, including enforceable rights and access to effective legal remedies, such as obtaining administrative or judicial redress and claiming compensation, whether in the Union or a third country. They should specifically address compliance with general principles for personal data processing, as well as data protection by design and by default. Transfers may also be conducted by public authorities or bodies with counterparts in third countries or international organizations sharing similar duties, including through administrative arrangements like memoranda of understanding that ensure enforceable and effective rights for data subjects. Authorization from the competent supervisory authority is required when safeguards are established through non-legally binding administrative arrangements."
"In order to ensure a consistent and high level of protection of natural persons and to remove the obstacles to flows of personal data within the Union, the level of protection of the rights and freedoms of natural persons with regard to the processing of such data should be equivalent in all Member States. Consistent and homogenous application of the rules for the protection of the fundamental rights and freedoms of natural persons with regard to the processing of personal data should be ensured throughout the Union. Regarding the processing of personal data for compliance with a legal obligation, for the performance of a task carried out in the public interest or in the exercise of official authority vested in the controller, Member States should be allowed to maintain or introduce national provisions to further specify the application of the rules of this Regulation. In conjunction with the general and horizontal law on data protection implementing Directive 95/46/EC, Member States have several sector-specific laws in areas that need more specific provisions. This Regulation also provides a margin of manoeuvre for Member States to specify its rules, including for the processing of special categories of personal data (‘sensitive data’). To that extent, this Regulation does not exclude Member State law that sets out the circumstances for specific processing situations, including determining more precisely the conditions under which the processing of personal data is lawful. 4.5.2016 EN Official Journal of the European Union L 119/3",0,human_priacy,"To guarantee a uniform and robust safeguarding of individuals and to eliminate barriers to personal data flows across the Union, the protection of individuals' rights and freedoms concerning data processing must be consistent across all Member States. A coherent and standardized enforcement of regulations protecting these fundamental rights and freedoms in personal data handling should be secured throughout the Union. For processing personal data to meet legal obligations, perform public interest tasks, or exercise official authority by the controller, Member States may retain or establish national measures to detail the application of this Regulation's rules. Alongside the comprehensive data protection framework under Directive 95/46/EC, Member States maintain various sector-specific laws where more detailed regulations are necessary. This Regulation additionally allows Member States flexibility to refine its provisions, such as for handling special categories of personal data ('sensitive data'). Accordingly, this Regulation does not preclude national laws that define conditions for particular processing scenarios, including more precisely outlining when personal data processing is lawful. 4.5.2016 EN Official Journal of the European Union L 119/3"
"Some third countries adopt laws, regulations and other legal acts which purport to directly regulate the processing activities of natural and legal persons under the jurisdiction of the Member States. This may include judgments of courts or tribunals or decisions of administrative authorities in third countries requiring a controller or processor to transfer or disclose personal data, and which are not based on an international agreement, such as a mutual legal assistance treaty, in force between the requesting third country and the Union or a Member State. The extraterritorial application of those laws, regulations and other legal acts may be in breach of international law and may impede the attainment of the protection of natural persons ensured in the Union by this Regulation. Transfers should only be allowed where the conditions of this Regulation for a transfer to third countries are met. This may be the case, inter alia, where disclosure is necessary for an important ground of public interest recognised in Union or Member State law to which the controller is subject.",0,human_priacy,"Certain third nations enact legislation, regulations, and other legal measures that claim to directly govern the processing activities of individuals and entities within the jurisdiction of Member States. This can encompass judicial rulings or administrative decisions from third countries that compel a controller or processor to transfer or disclose personal data, without being founded on an international agreement—such as a mutual legal assistance treaty—currently in effect between the requesting third nation and the Union or a Member State. Such extraterritorial enforcement of these laws, regulations, and legal measures might contravene international law and could hinder the achievement of the level of protection for individuals guaranteed within the Union under this Regulation. Transfers should be permitted solely when the conditions set forth in this Regulation for transfers to third countries are satisfied. This may apply, among other circumstances, where disclosure is essential for a significant public interest reason acknowledged in Union or Member State law to which the controller adheres."
"The legitimate interests of a controller, including those of a controller to which the personal data may be disclosed, or of a third party, may provide a legal basis for processing, provided that the interests or the fundamental rights and freedoms of the data subject are not overriding, taking into consideration the reasonable expectations of data subjects based on their relationship with the controller. Such legitimate interest could exist for example where there is a relevant and appropriate relationship between the data subject and the controller in situations such as where the data subject is a client or in the service of the controller. At any rate the existence of a legitimate interest would need careful assessment including whether a data subject can reasonably expect at the time and in the context of the collection of the personal data that processing for that purpose may take place. The interests and fundamental rights of the data subject could in particular override the interest of the data controller where personal data are processed in circumstances where data subjects do not reasonably expect further processing. Given that it is for the legislator to provide by law for the legal basis for public authorities to process personal data, that legal basis should not apply to the processing by public authorities in the performance of their tasks. The processing of personal data strictly necessary for the purposes of preventing fraud also constitutes a legitimate interest of the data controller concerned. The processing of personal data for direct marketing purposes may be regarded as carried out for a legitimate interest.",0,human_priacy,"The legitimate interests of a controller, or of a third party to whom the data may be disclosed, can serve as a legal basis for processing, as long as these interests do not override the fundamental rights and freedoms of the data subject, considering what the data subject might reasonably expect based on their connection to the controller. For instance, such a legitimate interest may arise when a relevant relationship exists, such as the data subject being a client or employee of the controller. In any case, establishing a legitimate interest requires careful evaluation, including whether the data subject could reasonably anticipate, at the time of data collection, that processing for that specific purpose might occur. The rights of the data subject may especially take precedence when processing happens in contexts where further use is not reasonably expected. Since legislators must establish the legal basis for public authorities to process personal data, this legitimate interest basis should not apply to processing by public authorities performing their duties. Processing that is strictly necessary to prevent fraud also represents a legitimate interest for the relevant controller. Additionally, processing for direct marketing purposes may be considered to be pursued for a legitimate interest."
"A data subject should have the right of access to personal data which have been collected concerning him or her, and to exercise that right easily and at reasonable intervals, in order to be aware of, and verify, the lawfulness of the processing. This includes the right for data subjects to have access to data concerning their health, for example the data in their medical records containing information such as diagnoses, examination results, assessments by treating physicians and any treatment or interventions provided. Every data subject should therefore have the right to know and obtain communication in particular with regard to the purposes for which the personal data are processed, where possible the period for which the personal data are processed, the recipients of the personal data, the logic involved in any automatic personal data processing and, at least when based on profiling, the consequences of such processing. Where possible, the controller should be able to provide remote access to a secure system which would provide the data subject with direct access to his or her personal data. That right should not adversely affect the rights or freedoms of others, including trade secrets or intellectual property and in particular the copyright protecting the software. However, the result of those considerations should not be a refusal to provide all information to the data subject. Where the controller processes a large quantity of information concerning the data subject, the controller should be able to request that, before the information is delivered, the data subject specify the information or processing activities to which the request relates.",0,human_priacy,"A data subject must be entitled to access personal data collected about them, exercising this right conveniently and at reasonable intervals to understand and confirm the lawfulness of processing. This encompasses the right to access health-related data, such as details within medical records including diagnoses, test outcomes, evaluations by healthcare providers, and any treatments or procedures administered. Consequently, every data subject should have the right to be informed and receive details specifically about the purposes of personal data processing, the duration of processing where feasible, the recipients of the data, the logic behind automated processing, and, particularly when profiling is involved, the implications of such processing. Where feasible, the controller should offer remote access to a secure system allowing direct access to personal data. This right must not infringe on the rights or freedoms of others, such as trade secrets, intellectual property, or software copyrights. Nonetheless, these factors should not lead to a complete denial of information to the data subject. If the controller handles extensive information about the data subject, they may ask the data subject to specify the relevant information or processing activities before providing the data."
"Where the processing of personal data takes place in the context of the activities of an establishment of a controller or a processor in the Union and the controller or processor is established in more than one Member State, or where processing taking place in the context of the activities of a single establishment of a controller or processor in the Union substantially affects or is likely to substantially affect data subjects in more than one Member State, the supervisory authority for the main establishment of the controller or processor or for the single establishment of the controller or processor should act as lead authority. It should cooperate with the other authorities concerned, because the controller or processor has an establishment on the territory of their Member State, because data subjects residing on their territory are substantially affected, or because a complaint has been lodged with them. Also where a data subject not residing in that Member State has lodged a complaint, the supervisory authority with which such complaint has been lodged should also be a supervisory authority concerned. Within its tasks to issue guidelines on any question covering the application of this Regulation, the Board should be able to issue guidelines in particular on the criteria to be taken into account in order to ascertain whether the processing in question substantially affects data subjects in more than one Member State and on what constitutes a relevant and reasoned objection.",0,human_priacy,"When personal data processing occurs within the activities of an establishment of a controller or processor in the Union, and the controller or processor is established in multiple Member States, or when processing within a single establishment's activities in the Union substantially affects or is likely to substantially affect data subjects in more than one Member State, the supervisory authority for the main or single establishment should serve as the lead authority. This lead authority must cooperate with other concerned authorities, either because the controller or processor has an establishment in their Member State, because data subjects residing there are substantially affected, or because a complaint has been submitted to them. Additionally, if a complaint is lodged by a data subject not residing in that Member State, the supervisory authority receiving the complaint should also be considered a concerned authority. As part of its mandate to issue guidelines on matters related to the application of this Regulation, the Board should provide guidance, particularly on the criteria for determining whether the processing substantially affects data subjects in multiple Member States and on what constitutes a relevant and reasoned objection."
"Those derogations should in particular apply to data transfers required and necessary for important reasons of public interest, for example in cases of international data exchange between competition authorities, tax or customs administrations, between financial supervisory authorities, between services competent for social security matters, or for public health, for example in the case of contact tracing for contagious diseases or in order to reduce and/or eliminate doping in sport. A transfer of personal data should also be regarded as lawful where it is necessary to protect an interest which is essential for the data subject's or another person's vital interests, including physical integrity or life, if the data subject is incapable of giving consent. In the absence of an adequacy decision, Union or Member State law may, for important reasons of public interest, expressly set limits to the transfer of specific categories of data to a third country or an international organisation. Member States should notify such provisions to the Commission. Any transfer to an international humanitarian organisation of personal data of a data subject who is physically or legally incapable of giving consent, with a view to accomplishing a task incumbent under the Geneva Conventions or to complying with international humanitarian law applicable in armed conflicts, could be considered to be necessary for an important reason of public interest or because it is in the vital interest of the data subject.",0,human_priacy,"These exceptions should specifically cover data transfers that are required and necessary for important public interest reasons, such as international data exchanges between competition authorities, tax or customs administrations, financial supervisory bodies, services handling social security matters, or for public health purposes, including contact tracing for contagious diseases or efforts to reduce and/or eliminate doping in sports. A personal data transfer should also be considered lawful when it is necessary to protect an essential interest for the vital interests of the data subject or another person, such as physical integrity or life, if the data subject is unable to provide consent. In the absence of an adequacy decision, Union or Member State law may, for important public interest reasons, explicitly restrict the transfer of specific data categories to a third country or an international organisation. Member States must inform the Commission of such provisions. Any transfer of personal data to an international humanitarian organisation concerning a data subject who is physically or legally incapable of giving consent, aimed at fulfilling a duty under the Geneva Conventions or complying with international humanitarian law applicable in armed conflicts, may be deemed necessary for an important public interest reason or because it serves the vital interest of the data subject."
"To ensure compliance with the requirements of this Regulation in respect of the processing to be carried out by the processor on behalf of the controller, when entrusting a processor with processing activities, the controller should use only processors providing sufficient guarantees, in particular in terms of expert knowledge, reliability and resources, to implement technical and organisational measures which will meet the requirements of this Regulation, including for the security of processing. The adherence of the processor to an approved code of conduct or an approved certification mechanism may be used as an element to demonstrate compliance with the obligations of the controller. The carrying-out of processing by a processor should be governed by a contract or other legal act under Union or Member State law, binding the processor to the controller, setting out the subject- matter and duration of the processing, the nature and purposes of the processing, the type of personal data and categories of data subjects, taking into account the specific tasks and responsibilities of the processor in the context of the processing to be carried out and the risk to the rights and freedoms of the data subject. The controller and processor may choose to use an individual contract or standard contractual clauses which are adopted either directly by the Commission or by a supervisory authority in accordance with the consistency mechanism and then adopted by the Commission. After the completion of the processing on behalf of the controller, the processor should, at the choice of the controller, return or delete the personal data, unless there is a requirement to store the personal data under Union or Member State law to which the processor is subject.",0,human_priacy,"When entrusting a processor with processing activities, the controller must select only those processors that offer adequate assurances—especially regarding expertise, dependability, and resources—to execute technical and organizational measures that satisfy this Regulation’s requirements, including processing security. The processor’s adherence to an approved code of conduct or certification scheme may serve as evidence of the controller’s compliance. Processing by a processor must be regulated by a contract or other legal instrument under Union or Member State law, binding the processor to the controller and specifying the processing’s subject matter, duration, nature, purposes, types of personal data, and categories of data subjects, while considering the processor’s specific tasks and responsibilities in the intended processing and the risks to data subjects’ rights and freedoms. The controller and processor may opt for an individual contract or standard contractual clauses, either issued directly by the Commission or by a supervisory authority under the consistency mechanism and subsequently adopted by the Commission. Upon completing the processing on the controller’s behalf, the processor must, as directed by the controller, return or erase the personal data, unless Union or Member State law applicable to the processor mandates its retention."
"The processing of personal data for archiving purposes in the public interest, scientific or historical research purposes or statistical purposes should be subject to appropriate safeguards for the rights and freedoms of the data subject pursuant to this Regulation. Those safeguards should ensure that technical and organisational measures are in place in order to ensure, in particular, the principle of data minimisation. The further processing of personal data for archiving purposes in the public interest, scientific or historical research purposes or statistical purposes is to be carried out when the controller has assessed the feasibility to fulfil those purposes by processing data which do not permit or no longer permit the identification of data subjects, provided that appropriate safeguards exist (such as, for instance, pseudonymisation of the data). Member States should provide for appropriate safeguards for the processing of personal data for archiving purposes in the public interest, scientific or historical research purposes or statistical purposes. Member States should be authorised to provide, under specific conditions and subject to appropriate safeguards for data subjects, specifications and derogations with regard to the information requirements and rights to rectification, to erasure, to be forgotten, to restriction of processing, to data portability, and to object when processing personal data for archiving purposes in the public interest, scientific or historical research purposes or statistical purposes. The conditions and safeguards in question may entail specific procedures for data subjects to exercise those rights if this is appropriate in the light of the purposes sought by the specific processing along with technical and organisational measures aimed at minimising the processing of personal data in pursuance of the proportionality and necessity principles. The processing of personal data for scientific purposes should also comply with other relevant legislation such as on clinical trials.",0,human_priacy,"The handling of personal data for public interest archiving, scientific or historical research, or statistical aims must adhere to suitable protections for the data subject's rights and freedoms under this Regulation. These protections must guarantee that technical and organisational measures are implemented to uphold the principle of data minimisation. Further processing for such purposes should proceed only after the controller evaluates the possibility of achieving these aims using data that prevents identification of data subjects, given that appropriate safeguards, like data pseudonymisation, are in place. Member States are to establish fitting safeguards for this processing. They may also be permitted to set, under particular conditions and with proper protections for data subjects, specific rules and exceptions concerning information obligations and rights to correction, deletion, the right to be forgotten, processing restrictions, data portability, and objection for such processing. These conditions and safeguards could include tailored procedures for exercising these rights, as suitable for the processing's objectives, alongside technical and organisational steps to minimise personal data use in line with proportionality and necessity. Processing for scientific purposes must also conform to other applicable laws, such as those governing clinical trials."
"In order to ensure a consistent level of protection for natural persons throughout the Union and to prevent divergences hampering the free movement of personal data within the internal market, a Regulation is necessary to provide legal certainty and transparency for economic operators, including micro, small and medium-sized enterprises, and to provide natural persons in all Member States with the same level of legally enforceable rights and obligations and responsibilities for controllers and processors, to ensure consistent monitoring of the processing of personal data, and equivalent sanctions in all Member States as well as effective cooperation between the supervisory authorities of different Member States. The proper functioning of the internal market requires that the free movement of personal data within the Union is not restricted or prohibited for reasons connected with the protection of natural persons with regard to the processing of personal data. To take account of the specific situation of micro, small and medium-sized enterprises, this Regulation includes a derogation for organisations with fewer than 250 employees with regard to record-keeping. In addition, the Union institutions and bodies, and Member States and their supervisory authorities, are encouraged to take account of the specific needs of micro, small and medium-sized enterprises in the application of this Regulation. The notion of micro, small and medium-sized enterprises should draw from Article 2 of the Annex to Commission Recommendation 2003/361/EC (1).",0,human_priacy,"To guarantee uniform protection for individuals across the Union and to avoid disparities that could obstruct the free flow of personal data in the internal market, a Regulation is essential. It must offer legal clarity and transparency for businesses, including micro, small, and medium-sized enterprises, and grant individuals in all Member States an equal level of legally binding rights, obligations, and responsibilities for data controllers and processors. This ensures consistent oversight of personal data processing, equivalent penalties in all Member States, and effective collaboration among supervisory authorities of different Member States. The smooth operation of the internal market depends on ensuring that the free movement of personal data within the Union is not limited or banned due to concerns related to protecting individuals regarding personal data processing. Considering the particular circumstances of micro, small, and medium-sized enterprises, this Regulation provides an exemption for organizations with fewer than 250 employees concerning record-keeping obligations. Furthermore, Union institutions and bodies, along with Member States and their supervisory authorities, are urged to consider the specific requirements of these enterprises when implementing this Regulation. The definition of micro, small, and medium-sized enterprises should be based on Article 2 of the Annex to Commission Recommendation 2003/361/EC (1)."
"Where processing is carried out in accordance with a legal obligation to which the controller is subject or where processing is necessary for the performance of a task carried out in the public interest or in the exercise of official authority, the processing should have a basis in Union or Member State law. This Regulation does not require a specific law for each individual processing. A law as a basis for several processing operations based on a legal obligation to which the controller is subject or where processing is necessary for the performance of a task carried out in the public interest or in the exercise of an official authority may be sufficient. It should also be for Union or Member State law to determine the purpose of processing. Furthermore, that law could specify the general conditions of this Regulation governing the lawfulness of personal data processing, establish specifications for determining the controller, the type of personal data which are subject to the processing, the data subjects concerned, the entities to which the personal data may be disclosed, the purpose limitations, the storage period and other measures to ensure lawful and fair processing. It should also be for Union or Member State law to determine whether the controller performing a task carried out in the public interest or in the exercise of official authority should be a public authority or another natural or legal person governed by public law, or, where it is in the public interest to do so, including for health purposes such as public health and social protection and the management of health care services, by private law, such as a professional association.",0,human_priacy,"When processing is conducted under a legal obligation applicable to the controller, or when it is necessary for executing a task in the public interest or in the exercise of official authority, such processing must be grounded in Union or Member State law. This Regulation does not mandate a distinct law for every individual processing activity. A single legal basis may suffice for multiple processing operations that arise from a legal obligation or are required for public interest tasks or official authority. Union or Member State law should also define the purpose of the processing. Additionally, such law may outline the general conditions under this Regulation that govern the legality of personal data processing, set criteria for identifying the controller, specify the types of personal data involved, the affected data subjects, the entities to whom data may be disclosed, limitations on purposes, retention periods, and other measures to ensure processing is lawful and fair. Furthermore, Union or Member State law should decide whether the controller undertaking a public interest task or exercising official authority must be a public body, another natural or legal person under public law, or, if in the public interest—including for health-related objectives like public health, social protection, and healthcare management—a private law entity, such as a professional association."
"Personal data which are, by their nature, particularly sensitive in relation to fundamental rights and freedoms merit specific protection as the context of their processing could create significant risks to the fundamental rights and freedoms. Those personal data should include personal data revealing racial or ethnic origin, whereby the use of the term ‘racial origin’ in this Regulation does not imply an acceptance by the Union of theories which attempt to determine the existence of separate human races. The processing of photographs should not systemati­ cally be considered to be processing of special categories of personal data as they are covered by the definition of biometric data only when processed through a specific technical means allowing the unique identification or authentication of a natural person. Such personal data should not be processed, unless processing is allowed in specific cases set out in this Regulation, taking into account that Member States law may lay down specific provisions on data protection in order to adapt the application of the rules of this Regulation for compliance with a legal obligation or for the performance of a task carried out in the public interest or in the exercise of official authority vested in the controller. In addition to the specific requirements for such processing, the general principles and other rules of this Regulation should apply, in particular as regards the conditions for lawful processing. Derogations from the general prohibition for processing such special categories of personal data should be explicitly provided, inter alia, where the data subject gives his or her explicit consent or in respect of specific needs in particular where the processing is carried out in the course of legitimate activities by certain associations or foundations the purpose of which is to permit the exercise of fundamental freedoms.",0,human_priacy,"Personal data that are inherently sensitive with respect to fundamental rights and freedoms deserve particular protection, as their processing may pose significant risks to these rights and freedoms. Such data should encompass information revealing racial or ethnic origin, with the use of the term ‘racial origin’ in this Regulation not implying the Union’s acceptance of theories positing separate human races. The processing of photographs should not automatically be deemed processing of special categories of personal data, as they qualify as biometric data only when processed via specific technical means enabling the unique identification or authentication of an individual. These personal data must not be processed unless permitted under specific circumstances outlined in this Regulation, considering that Member States’ laws may establish specific data protection provisions to tailor the Regulation’s application for fulfilling legal obligations, performing public interest tasks, or exercising official authority vested in the controller. Beyond the specific requirements for such processing, the general principles and other rules of this Regulation should also apply, especially regarding lawful processing conditions. Exceptions to the general prohibition on processing these special categories of personal data should be clearly stipulated, including when the data subject provides explicit consent or for specific needs, particularly where processing occurs during legitimate activities by certain associations or foundations aimed at enabling the exercise of fundamental freedoms."
"This should in particular apply to large-scale processing operations which aim to process a considerable amount of personal data at regional, national or supranational level and which could affect a large number of data subjects and which are likely to result in a high risk, for example, on account of their sensitivity, where in accordance with the achieved state of technological knowledge a new technology is used on a large scale as well as to other processing operations which result in a high risk to the rights and freedoms of data subjects, in particular where those operations render it more difficult for data subjects to exercise their rights. A data L 119/18 EN Official Journal of the European Union 4.5.2016 protection impact assessment should also be made where personal data are processed for taking decisions regarding specific natural persons following any systematic and extensive evaluation of personal aspects relating to natural persons based on profiling those data or following the processing of special categories of personal data, biometric data, or data on criminal convictions and offences or related security measures. A data protection impact assessment is equally required for monitoring publicly accessible areas on a large scale, especially when using optic-electronic devices or for any other operations where the competent supervisory authority considers that the processing is likely to result in a high risk to the rights and freedoms of data subjects, in particular because they prevent data subjects from exercising a right or using a service or a contract, or because they are carried out systematically on a large scale. The processing of personal data should not be considered to be on a large scale if the processing concerns personal data from patients or clients by an individual physician, other health care professional or lawyer. In such cases, a data protection impact assessment should not be mandatory.",0,human_priacy,"This should specifically apply to large-scale processing operations that aim to handle substantial amounts of personal data at regional, national, or supranational levels, potentially affecting many individuals and posing a high risk, such as due to sensitivity, where new technology is widely implemented based on current technological knowledge. It also applies to other processing activities that present a high risk to individuals' rights and freedoms, especially when they hinder data subjects from exercising their rights. A data protection impact assessment is also necessary when personal data is processed for decisions about specific persons after systematic and extensive evaluation of personal aspects through profiling or after handling special categories of data, biometric data, or criminal conviction and offense data. Such an assessment is equally required for large-scale monitoring of public areas, particularly with optic-electronic devices, or for any operations deemed by supervisory authorities as likely to pose a high risk, especially if they prevent individuals from exercising rights, accessing services, or are conducted systematically on a large scale. Processing personal data should not be considered large-scale if it involves data from patients or clients by an individual physician, healthcare professional, or lawyer; in these cases, a data protection impact assessment should not be mandatory."
"Member States law should reconcile the rules governing freedom of expression and information, including journalistic, academic, artistic and or literary expression with the right to the protection of personal data pursuant to this Regulation. The processing of personal data solely for journalistic purposes, or for the purposes of academic, artistic or literary expression should be subject to derogations or exemptions from certain provisions of this Regulation if necessary to reconcile the right to the protection of personal data with the right to freedom of expression and information, as enshrined in Article 11 of the Charter. This should apply in particular to the processing of personal data in the audiovisual field and in news archives and press libraries. Therefore, Member States should adopt legislative measures which lay down the exemptions and derogations necessary for the purpose of balancing those fundamental rights. Member States should adopt such exemptions and derogations on general principles, the rights of the data subject, the controller and the processor, the transfer of personal data to third countries or international organisations, the independent supervisory authorities, cooperation and consistency, and specific data-processing situations. Where such exemptions or derogations differ from one Member State to another, the law of the Member State to which the controller is subject should apply. In order to take account of the importance of the right to freedom of expression in every democratic society, it is necessary to interpret notions relating to that freedom, such as journalism, broadly.",0,human_priacy,"National laws should balance regulations concerning freedom of expression and information—covering journalistic, academic, artistic, or literary expression—with the right to personal data protection under this Regulation. Processing personal data solely for journalistic purposes or for academic, artistic, or literary expression should be eligible for exemptions or derogations from specific provisions of this Regulation, where needed to harmonize data protection rights with freedom of expression and information as guaranteed in Article 11 of the Charter. This is especially relevant for processing personal data in audiovisual contexts, news archives, and press libraries. Consequently, Member States ought to enact legislative measures establishing the necessary exemptions and derogations to reconcile these fundamental rights. Such measures should address general principles, data subject rights, controller and processor obligations, transfers of personal data to third countries or international organizations, independent supervisory authorities, cooperation and consistency, and particular data-processing scenarios. Where exemptions or derogations vary among Member States, the law of the Member State to which the controller is subject shall apply. To recognize the significance of freedom of expression in all democratic societies, concepts associated with this freedom, such as journalism, should be interpreted broadly."
"Special categories of personal data which merit higher protection should be processed for health-related purposes only where necessary to achieve those purposes for the benefit of natural persons and society as a whole, in particular in the context of the management of health or social care services and systems, including processing by the management and central national health authorities of such data for the purpose of quality control, management information and the general national and local supervision of the health or social care system, and ensuring continuity of health or social care and cross-border healthcare or health security, monitoring and alert purposes, or for archiving purposes in the public interest, scientific or historical research purposes or statistical purposes, based on Union or Member State law which has to meet an objective of public interest, as well as for studies conducted in the public interest in the area of public health. Therefore, this Regulation should provide for harmonised conditions for the processing of special categories of personal data concerning health, in respect of specific needs, in particular where the processing of such data is carried out for certain health-related purposes 4.5.2016 EN Official Journal of the European Union L 119/11 by persons subject to a legal obligation of professional secrecy. Union or Member State law should provide for specific and suitable measures so as to protect the fundamental rights and the personal data of natural persons. Member States should be allowed to maintain or introduce further conditions, including limitations, with regard to the processing of genetic data, biometric data or data concerning health. However, this should not hamper the free flow of personal data within the Union when those conditions apply to cross-border processing of such data.",0,human_priacy,"Special categories of personal data requiring enhanced protection should be processed for health-related purposes only when essential to achieve those purposes for the benefit of individuals and society, particularly within the management of health or social care services and systems. This includes processing by management and central national health authorities for quality control, management information, general national and local oversight of health or social care systems, ensuring continuity of care and cross-border healthcare or health security, monitoring and alert functions, or for archiving in the public interest, scientific or historical research, or statistical purposes. Such processing must be based on Union or Member State law that serves an objective of public interest, including studies conducted in the public interest in public health. Consequently, this Regulation should establish harmonised conditions for processing special categories of health data, addressing specific needs, especially when carried out for certain health-related purposes by persons bound by professional secrecy under legal obligation. Union or Member State law should enact specific and appropriate measures to safeguard the fundamental rights and personal data of individuals. Member States may maintain or introduce additional conditions, including limitations, regarding the processing of genetic, biometric, or health data. However, these conditions should not obstruct the free flow of personal data within the Union when they pertain to cross-border processing of such data."
"Any processing of personal data should be lawful and fair. It should be transparent to natural persons that personal data concerning them are collected, used, consulted or otherwise processed and to what extent the personal data are or will be processed. The principle of transparency requires that any information and communi­ cation relating to the processing of those personal data be easily accessible and easy to understand, and that clear and plain language be used. That principle concerns, in particular, information to the data subjects on the identity of the controller and the purposes of the processing and further information to ensure fair and transparent processing in respect of the natural persons concerned and their right to obtain confirmation and communication of personal data concerning them which are being processed. Natural persons should be made aware of risks, rules, safeguards and rights in relation to the processing of personal data and how to exercise their rights in relation to such processing. In particular, the specific purposes for which personal data are processed should be explicit and legitimate and determined at the time of the collection of the personal data. The personal data should be adequate, relevant and limited to what is necessary for the purposes for which they are processed. This requires, in particular, ensuring that the period for which the personal data are stored is limited to a strict minimum. Personal data should be processed only if the purpose of the processing could not reasonably be fulfilled by other means. In order to ensure that the personal data are not kept longer than necessary, time limits should be established by the controller for erasure or for a periodic review. Every reasonable step should be taken to ensure that personal data which are inaccurate are rectified or deleted. Personal data should be processed in a manner that ensures appropriate security and confidentiality of the personal data, including for preventing unauthorised access to or use of personal data and the equipment used for the processing.",0,human_priacy,"The processing of personal data must be lawful and fair. It should be clear to individuals that their personal data is being collected, used, accessed, or otherwise handled, and to what degree it is or will be processed. Transparency demands that all information and communications about this processing be readily available and comprehensible, using straightforward language. This principle specifically involves informing data subjects about the controller’s identity and the processing purposes, along with additional details to guarantee fair and transparent treatment regarding the individuals concerned and their right to obtain confirmation and details about their processed data. Individuals should be informed about risks, regulations, protections, and rights related to data processing, as well as how to exercise those rights. Specifically, the purposes for processing personal data must be clear, legitimate, and defined at the time of collection. The data should be sufficient, pertinent, and restricted to what is needed for those purposes. This particularly entails ensuring storage periods are kept to an absolute minimum. Personal data should only be processed if the objective cannot reasonably be achieved by other methods. To prevent data from being retained longer than required, controllers should set deadlines for deletion or regular assessment. All reasonable measures must be taken to correct or remove inaccurate personal data. Processing should be conducted in a way that ensures suitable security and confidentiality, including preventing unauthorized access to or use of personal data and the related processing equipment."
"In order to ensure consistent monitoring and enforcement of this Regulation throughout the Union, the supervisory authorities should have in each Member State the same tasks and effective powers, including powers of investigation, corrective powers and sanctions, and authorisation and advisory powers, in particular in cases of complaints from natural persons, and without prejudice to the powers of prosecutorial authorities under Member State law, to bring infringements of this Regulation to the attention of the judicial authorities and engage in legal proceedings. Such powers should also include the power to impose a temporary or definitive limitation, including a ban, on processing. Member States may specify other tasks related to the protection of personal data under this Regulation. The powers of supervisory authorities should be exercised in accordance with appropriate procedural safeguards set out in Union and Member State law, impartially, fairly and within a reasonable time. In particular each measure should be appropriate, necessary and proportionate in view of ensuring compliance with this Regulation, taking into account the circumstances of each individual case, respect the right of every person to be heard before any individual measure which would affect him or her adversely is taken and avoid superfluous costs and excessive inconveniences for the persons concerned. Investigatory powers as regards access to premises should be exercised in accordance with specific requirements in Member State procedural law, such as the requirement to obtain a prior judicial authorisation. Each legally binding measure of the supervisory authority should be in writing, be clear and unambiguous, indicate the supervisory authority which has issued the measure, the date of issue of the measure, bear the signature of the head, or a member of the supervisory authority authorised by him or her, give the reasons for the measure, and refer to the right of an effective remedy. This should not preclude additional requirements pursuant to Member State procedural law. The adoption of a legally binding decision implies that it may give rise to judicial review in the Member State of the supervisory authority that adopted the decision.",0,human_priacy,"To guarantee uniform oversight and enforcement of this Regulation across the Union, supervisory authorities in each Member State must possess identical responsibilities and effective powers. These include investigative, corrective, and sanctioning powers, as well as authorisation and advisory capacities, especially regarding complaints from individuals. Without affecting prosecutorial powers under national law, they should be able to notify judicial authorities of infringements and participate in legal proceedings. Such powers must also encompass imposing temporary or permanent processing restrictions, including bans. Member States may define additional tasks concerning personal data protection under this Regulation. Supervisory authorities must exercise their powers in line with appropriate procedural safeguards established by Union and Member State law, acting impartially, fairly, and within a reasonable timeframe. Each measure should be suitable, necessary, and proportionate to ensure compliance, considering individual circumstances, respecting the right to be heard before adverse actions, and avoiding unnecessary costs and excessive burdens for affected persons. Investigatory powers involving premises access must follow specific Member State procedural law requirements, such as prior judicial authorisation. Every legally binding measure from a supervisory authority should be written, clear, and unambiguous, stating the issuing authority, date, bearing the signature of its head or an authorised member, providing reasons, and noting the right to an effective remedy. This does not exclude further requirements under Member State procedural law. The adoption of a legally binding decision means it may be subject to judicial review in the Member State of the issuing authority."
"Derogating from the prohibition on processing special categories of personal data should also be allowed when provided for in Union or Member State law and subject to suitable safeguards, so as to protect personal data and other fundamental rights, where it is in the public interest to do so, in particular processing personal data in the field of employment law, social protection law including pensions and for health security, monitoring and alert purposes, the prevention or control of communicable diseases and other serious threats to health. Such a derogation may be made for health purposes, including public health and the management of health-care services, especially in order to ensure the quality and cost-effectiveness of the procedures used for settling claims for benefits and services in the health insurance system, or for archiving purposes in the public interest, scientific or historical research purposes or statistical purposes. A derogation should also allow the processing of such personal data where necessary for the establishment, exercise or defence of legal claims, whether in court proceedings or in an administrative or out-of-court procedure.",0,human_priacy,"Eine Abweichung vom Verbot der Verarbeitung besonderer Kategorien personenbezogener Daten sollte ebenfalls zulässig sein, wenn sie durch Unionsrecht oder nationales Recht vorgesehen ist und angemessene Schutzmaßnahmen gewährleistet sind, um personenbezogene Daten und andere Grundrechte zu schützen, sofern dies im öffentlichen Interesse liegt, insbesondere bei der Verarbeitung von Daten im Bereich des Arbeitsrechts, des Sozialrechts einschließlich der Renten sowie für Zwecke der Gesundheitssicherheit, der Überwachung und Warnung, der Prävention oder Bekämpfung übertragbarer Krankheiten und anderer schwerwiegender Gesundheitsgefahren. Eine solche Ausnahme kann zu Gesundheitszwecken erfolgen, einschließlich der öffentlichen Gesundheit und der Verwaltung von Gesundheitsdiensten, insbesondere um die Qualität und Wirtschaftlichkeit der Verfahren zur Abwicklung von Leistungs- und Dienstleistungsansprüchen im Krankenversicherungssystem sicherzustellen, oder zu Archivzwecken im öffentlichen Interesse, zu wissenschaftlichen oder historischen Forschungszwecken oder zu statistischen Zwecken. Eine Ausnahme sollte auch die Verarbeitung solcher Daten ermöglichen, soweit dies für die Geltendmachung, Ausübung oder Verteidigung von Rechtsansprüchen erforderlich ist, sei es im Gerichtsverfahren oder in einem administrativen oder außergerichtlichen Verfahren."
"To further strengthen the control over his or her own data, where the processing of personal data is carried out by automated means, the data subject should also be allowed to receive personal data concerning him or her which he or she has provided to a controller in a structured, commonly used, machine-readable and interoperable format, and to transmit it to another controller. Data controllers should be encouraged to develop interoperable formats that enable data portability. That right should apply where the data subject provided the personal data on the basis of his or her consent or the processing is necessary for the performance of a contract. It should not apply where processing is based on a legal ground other than consent or contract. By its very nature, that right should not be exercised against controllers processing personal data in the exercise of their public duties. It should therefore not apply where the processing of the personal data is necessary for compliance with a legal obligation to which the controller is subject or for the performance of a task carried out in the public interest or in the exercise of an official authority vested in the controller. The data subject's right to transmit or receive personal data concerning him or her should not create an obligation for the controllers to adopt or maintain processing systems which are technically compatible. Where, in a certain set of personal data, more than one data subject is concerned, the right to receive the personal data should be without prejudice to the rights and freedoms of other data subjects in accordance with this Regulation. Furthermore, that right should not prejudice the right of the data subject to obtain the erasure of personal data and the limitations of that right as set out in this Regulation and should, in particular, not imply the erasure of personal data concerning the data subject which have been provided by him or her for the performance of a contract to the extent that and for as long as the personal data are necessary for the performance of that contract. Where technically feasible, the data subject should have the right to have the personal data transmitted directly from one controller to another.",0,human_priacy,"To enhance individuals' control over their data, when personal data is processed via automated means, the data subject should be permitted to obtain their provided data from a controller in a structured, commonly used, machine-readable, and interoperable format, and to transfer it to another controller. Data controllers should be motivated to create interoperable formats that support data portability. This right applies when the data subject supplied the personal data based on consent or for contract performance. It does not apply if processing relies on legal grounds other than consent or contract. By nature, this right cannot be invoked against controllers processing personal data in the execution of public duties. Thus, it is not applicable when processing is required to fulfill a legal obligation, perform a public interest task, or exercise official authority vested in the controller. The data subject's right to transmit or receive personal data should not impose an obligation on controllers to implement or maintain technically compatible processing systems. Where multiple data subjects are involved in a dataset, the right to receive personal data must not infringe on the rights and freedoms of other data subjects under this Regulation. Additionally, this right should not undermine the data subject's right to data erasure and its limitations as outlined here, and specifically should not lead to the deletion of personal data provided for contract performance, as long as such data remains necessary for that contract. Where technically feasible, the data subject should have the right to direct transmission of personal data from one controller to another."
"The protection of natural persons with regard to the processing of personal data by competent authorities for the purposes of the prevention, investigation, detection or prosecution of criminal offences or the execution of criminal penalties, including the safeguarding against and the prevention of threats to public security and the free movement of such data, is the subject of a specific Union legal act. This Regulation should not, therefore, apply to processing activities for those purposes. However, personal data processed by public authorities under this Regulation should, when used for those purposes, be governed by a more specific Union legal act, namely Directive (EU) 2016/680 of the European Parliament and of the Council (1). Member States may entrust competent authorities within the meaning of Directive (EU) 2016/680 with tasks which are not necessarily carried out for the purposes of the prevention, investigation, detection or prosecution of criminal offences or the execution of criminal penalties, including the safeguarding against and prevention of threats to public security, so that the processing of personal data for those other purposes, in so far as it is within the scope of Union law, falls within the scope of this Regulation. With regard to the processing of personal data by those competent authorities for purposes falling within scope of this Regulation, Member States should be able to maintain or introduce more specific provisions to adapt the application of the rules of this Regulation. Such provisions may determine more precisely specific requirements for the processing of personal data by those competent authorities for those other purposes, taking into account the constitutional, organisational and administrative structure of the respective Member State. When the processing of personal data by private bodies falls within the scope of this Regulation, this Regulation should provide for the possibility for Member States under specific conditions to restrict by law certain obligations and rights when such a restriction constitutes a necessary and proportionate measure in a democratic society to safeguard specific important interests including public security and the prevention, investigation, detection or prosecution of criminal offences or the execution of criminal penalties, including the safeguarding against and the prevention of threats to public security. This is relevant for instance in the framework of anti-money laundering or the activities of forensic laboratories.",0,human_priacy,"The safeguarding of natural persons concerning the processing of personal data by competent authorities for preventing, investigating, detecting, or prosecuting criminal offenses or enforcing criminal penalties, including countering and averting threats to public security and the free flow of such data, is addressed by a distinct Union legal act. Consequently, this Regulation does not apply to processing activities for these objectives. Nonetheless, personal data handled by public authorities under this Regulation, when utilized for such purposes, should be regulated by a more specific Union legal instrument, specifically Directive (EU) 2016/680 of the European Parliament and of the Council (1). Member States may assign tasks to competent authorities as defined in Directive (EU) 2016/680 that are not strictly for preventing, investigating, detecting, or prosecuting criminal offenses or enforcing criminal penalties, including safeguarding against and preventing threats to public security, so that processing of personal data for these alternative purposes, to the extent it falls under Union law, is covered by this Regulation. Regarding the processing of personal data by these competent authorities for purposes within this Regulation's scope, Member States should have the ability to retain or enact more detailed provisions to tailor the application of its rules. These provisions may specify particular requirements for processing personal data by such authorities for other purposes, considering each Member State's constitutional, organizational, and administrative framework. When private entities' processing of personal data falls under this Regulation's scope, it should allow Member States, under specific conditions, to legally restrict certain obligations and rights if such restriction is a necessary and proportionate measure in a democratic society to protect key interests, including public security and the prevention, investigation, detection, or prosecution of criminal offenses or enforcement of criminal penalties, including countering and averting threats to public security. This applies, for example, in contexts like anti-money laundering efforts or forensic laboratory operations."
"The processing of personal data for purposes other than those for which the personal data were initially collected should be allowed only where the processing is compatible with the purposes for which the personal data were initially collected. In such a case, no legal basis separate from that which allowed the collection of the personal data is required. If the processing is necessary for the performance of a task carried out in the public interest or in the exercise of official authority vested in the controller, Union or Member State law may determine and specify the tasks and purposes for which the further processing should be regarded as compatible and lawful. Further processing for archiving purposes in the public interest, scientific or historical research purposes or statistical purposes should be considered to be compatible lawful processing operations. The legal basis provided by Union or Member State law for the processing of personal data may also provide a legal basis for further processing. In order to ascertain whether a purpose of further processing is compatible with the purpose for which the personal data are initially collected, the controller, after having met all the requirements for the lawfulness of the original processing, should take into account, inter alia: any link between those purposes and the purposes of the intended further processing; the context in which the personal data have been collected, in particular the reasonable expectations of data subjects based on their relationship with the controller as to their L 119/10 EN Official Journal of the European Union 4.5.2016 further use; the nature of the personal data; the consequences of the intended further processing for data subjects; and the existence of appropriate safeguards in both the original and intended further processing operations. Where the data subject has given consent or the processing is based on Union or Member State law which constitutes a necessary and proportionate measure in a democratic society to safeguard, in particular, important objectives of general public interest, the controller should be allowed to further process the personal data irrespective of the compatibility of the purposes. In any case, the application of the principles set out in this Regulation and in particular the information of the data subject on those other purposes and on his or her rights including the right to object, should be ensured. Indicating possible criminal acts or threats to public security by the controller and transmitting the relevant personal data in individual cases or in several cases relating to the same criminal act or threats to public security to a competent authority should be regarded as being in the legitimate interest pursued by the controller. However, such transmission in the legitimate interest of the controller or further processing of personal data should be prohibited if the processing is not compatible with a legal, professional or other binding obligation of secrecy.",0,human_priacy,"Processing personal data for purposes different from the original collection should only be permitted when such processing aligns with the initial purposes. In these instances, no additional legal basis beyond that which authorized the original collection is necessary. Where processing is essential for executing a task in the public interest or exercising official authority granted to the controller, Union or Member State legislation may define and detail the tasks and purposes for which subsequent processing is deemed compatible and lawful. Further processing for archiving in the public interest, scientific or historical research, or statistical aims should be recognized as compatible and lawful operations. The legal foundation established by Union or Member State law for personal data processing may also serve as a basis for subsequent processing. To determine if a further processing purpose is compatible with the original collection purpose, the controller, after fulfilling all legality requirements for the initial processing, should consider factors including: any connection between those purposes and the intended further processing; the context of data collection, particularly data subjects' reasonable expectations regarding further use based on their relationship with the controller; the nature of the personal data; the consequences of intended further processing for data subjects; and the presence of suitable safeguards in both original and intended further processing operations. When the data subject has consented or processing is grounded in Union or Member State law that represents a necessary and proportionate measure in a democratic society to protect key public interest objectives, the controller should be permitted to further process personal data regardless of purpose compatibility. In all cases, adherence to the principles of this Regulation must be ensured, especially informing data subjects about other purposes and their rights, including objection. Reporting potential criminal acts or public security threats by the controller and transferring relevant personal data in individual or multiple cases related to the same criminal act or threats to a competent authority should be considered within the controller's legitimate interest. However, such transfer in the controller's legitimate interest or further processing of personal data should be forbidden if it conflicts with legal, professional, or other binding confidentiality obligations."
"The data subject should have the right not to be subject to a decision, which may include a measure, evaluating personal aspects relating to him or her which is based solely on automated processing and which produces legal effects concerning him or her or similarly significantly affects him or her, such as automatic refusal of an online credit application or e-recruiting practices without any human intervention. Such processing includes ‘profiling’ that consists of any form of automated processing of personal data evaluating the personal aspects relating to a natural person, in particular to analyse or predict aspects concerning the data subject's performance at work, economic situation, health, personal preferences or interests, reliability or behaviour, location or movements, where it produces legal effects concerning him or her or similarly significantly affects him or her. However, decision-making based on such processing, including profiling, should be allowed where expressly authorised by Union or Member State law to which the controller is subject, including for fraud and tax-evasion monitoring and prevention purposes conducted in accordance with the regulations, standards and recommendations of Union institutions or national oversight bodies and to ensure the security and reliability of a service provided by the controller, or necessary for the entering or performance of a contract between the data subject and a controller, or when the data subject has given his or her explicit consent. In any case, such processing should be subject to suitable safeguards, which should include specific information to the data subject and the right to obtain human intervention, to express his or her point of view, to obtain an explanation of the decision reached after such assessment and to challenge the decision. Such measure should not concern a child. In order to ensure fair and transparent processing in respect of the data subject, taking into account the specific circumstances and context in which the personal data are processed, the controller should use appropriate mathematical or statistical procedures for the profiling, implement technical and organisational measures appropriate to ensure, in particular, that factors which result in inaccuracies in personal data are corrected and the risk of errors is minimised, secure personal data in a manner that takes account of the potential risks involved for the interests and rights of the data subject and that prevents, inter alia, discriminatory effects on natural persons on the basis of racial or ethnic origin, political opinion, religion or beliefs, trade union membership, genetic or health status or sexual orientation, or that result in measures having such an effect. Automated decision-making and profiling based on special categories of personal data should be allowed only under specific conditions.",0,human_priacy,"The data subject holds the right to not be subjected to a decision, potentially involving a measure, that assesses personal aspects concerning them, is founded exclusively on automated processing, and yields legal effects or similarly significant impacts on them. This includes scenarios like the automated rejection of an online credit application or e-recruiting practices devoid of human involvement. Such processing encompasses 'profiling,' defined as any automated handling of personal data that evaluates an individual's personal aspects—such as analyzing or predicting elements related to work performance, economic status, health, preferences, interests, reliability, behavior, location, or movements—when it results in legal effects or comparably substantial consequences. Nevertheless, decision-making based on this processing, including profiling, is permissible when explicitly authorized by Union or Member State law applicable to the controller. This applies to purposes like fraud and tax-evasion monitoring and prevention, conducted in line with regulations, standards, and recommendations from Union institutions or national oversight bodies, to ensure the security and reliability of a service provided by the controller, when necessary for entering into or performing a contract with the data subject, or when explicit consent has been given. In all instances, such processing must adhere to appropriate safeguards, including providing specific information to the data subject, the right to human intervention, the ability to express one's viewpoint, obtain an explanation of the decision, and contest it. This measure should not involve a child. To guarantee fair and transparent processing for the data subject, considering the specific circumstances and context, the controller should employ suitable mathematical or statistical methods for profiling, implement technical and organizational measures to correct inaccuracies in personal data and minimize error risks, secure personal data by accounting for potential risks to the data subject's interests and rights, and prevent discriminatory effects based on racial or ethnic origin, political opinion, religion, beliefs, trade union membership, genetic or health status, or sexual orientation, or actions leading to such effects. Automated decision-making and profiling using special categories of personal data should only be permitted under specific conditions."
"Any natural or legal person has the right to bring an action for annulment of decisions of the Board before the Court of Justice under the conditions provided for in Article 263 TFEU. As addressees of such decisions, the supervisory authorities concerned which wish to challenge them have to bring action within two months of being notified of them, in accordance with Article 263 TFEU. Where decisions of the Board are of direct and individual concern to a controller, processor or complainant, the latter may bring an action for annulment against those decisions within two months of their publication on the website of the Board, in accordance with Article 263 TFEU. Without prejudice to this right under Article 263 TFEU, each natural or legal person should have an effective judicial remedy before the competent national court against a decision of a supervisory authority which produces legal effects concerning that person. Such a decision concerns in particular the exercise of investigative, corrective and authorisation powers by the supervisory authority or the dismissal or rejection of complaints. However, the right to an effective judicial remedy does not encompass measures taken by supervisory authorities which are not legally binding, such as opinions issued by or advice provided by the supervisory authority. Proceedings against a supervisory authority should be brought before the courts of the Member State where the supervisory authority is established and should be conducted in accordance with that Member State's procedural law. Those courts should exercise full jurisdiction, which should include jurisdiction to examine all questions of fact and law relevant to the dispute before them. Where a complaint has been rejected or dismissed by a supervisory authority, the complainant may bring proceedings before the courts in the same Member State. In the context of judicial remedies relating to the application of this Regulation, national courts which consider a decision on the question necessary to enable them to give judgment, may, or in the case provided for in Article 267 TFEU, must, request the Court of Justice to give a preliminary ruling on the interpretation of Union law, including this Regulation. Furthermore, where a decision of a supervisory authority implementing a decision of the Board is challenged before a national court and the validity of the decision of the Board is at issue, that national court does not have the power to declare the Board's decision invalid but must refer the question of validity to the Court of Justice in accordance with Article 267 TFEU as interpreted by the Court of Justice, where it considers the decision invalid. However, a national court may not refer a question on the validity of the decision of the Board at the request of a natural or legal person which had the opportunity to bring an action for annulment of that decision, in particular if it was directly and individually concerned by that decision, but had not done so within the period laid down in Article 263 TFEU.",0,human_priacy,"Any natural or legal person is entitled to initiate annulment proceedings against Board decisions before the Court of Justice, as stipulated in Article 263 TFEU. Supervisory authorities that are addressees of such decisions and seek to contest them must file an action within two months of notification, in line with Article 263 TFEU. Where Board decisions are of direct and individual concern to a controller, processor, or complainant, the latter may challenge those decisions via annulment within two months of their publication on the Board’s website, pursuant to Article 263 TFEU. Without prejudice to this right under Article 263 TFEU, every natural or legal person should have access to an effective judicial remedy before the competent national court against a supervisory authority decision that produces legal effects concerning them. This notably includes decisions related to the exercise of investigative, corrective, and authorisation powers by the supervisory authority, or the dismissal or rejection of complaints. However, the right to an effective judicial remedy does not extend to non-binding measures taken by supervisory authorities, such as opinions or advice issued by them. Proceedings against a supervisory authority must be initiated in the courts of the Member State where that authority is established and follow that Member State’s procedural law. These courts should possess full jurisdiction, encompassing the examination of all factual and legal questions pertinent to the dispute. If a complaint is rejected or dismissed by a supervisory authority, the complainant may initiate proceedings in the courts of the same Member State. In the context of judicial remedies under this Regulation, national courts that deem a decision necessary to render judgment may, or under Article 267 TFEU must, seek a preliminary ruling from the Court of Justice on the interpretation of Union law, including this Regulation. Moreover, when a national court reviews a supervisory authority decision implementing a Board decision and the validity of the Board’s decision is contested, that national court lacks the authority to invalidate the Board’s decision. Instead, if it considers the decision invalid, it must refer the validity question to the Court of Justice in accordance with Article 267 TFEU, as interpreted by the Court of Justice. However, a national court may not refer a question on the validity of a Board decision at the request of a natural or legal person who had the opportunity to seek annulment of that decision—especially if directly and individually concerned by it—but failed to do so within the timeframe specified in Article 263 TFEU."
