text,label,source,rewrite
"“When you take control of your attitude, you take control of your life.”",1,human_quotes,"""By mastering your attitude, you master your life."""
“Change the way you look at things and the things you look at change.”,1,human_quotes,"""Alter your perspective, and what you observe will transform."""
“Do not fear failure but rather fear not trying.”,1,human_quotes,"""Fear not failure, but rather the failure to attempt."""
“You are never alone. You are eternally connected with everyone.”,1,human_quotes,"""You are never isolated. You are forever linked to all others."""
“What you stay focused on will grow.”,1,human_quotes,“What you concentrate on will expand.”
"“Learn the rules like a pro, so you can break them like an artist.”",1,human_quotes,"""Master the rules as an expert would, enabling you to defy them with artistic flair."""
"“Do what is right, not what is easy nor what is popular.”",1,human_quotes,"""Act according to what is just, not what is convenient or widely accepted."""
“First say to yourself what you would be;and then do what you have to do.”,1,human_quotes,"""First decide who you wish to become; then carry out the necessary actions."""
"“Always remember people who have helped you along the way, and don’t forget to lift someone up.”",1,human_quotes,"""Never forget those who have supported you on your journey, and always make time to help others rise."""
“You must learn to let go. Release the stress. You were never in control anyway.”,1,human_quotes,"""Learn to release your grip. Let go of the stress. You were never truly in control."""
“Turn your obstacles into opportunities and your problems into possibilities.”,1,human_quotes,"""Transform your hurdles into stepping stones and your challenges into chances."""
"“To learn something new, you need to try new things and not be afraid to be wrong.”",1,human_quotes,"""To acquire fresh knowledge, one must experiment with novel approaches and embrace the possibility of error."""
“It is difficult to make the right choice if you fear choosing wrongly.”,1,human_quotes,"""Choosing correctly becomes hard when you're afraid of making the wrong decision."""
"“Life is about accepting the challenges along the way, choosing to keep moving forward, and savoring the journey.”",1,human_quotes,"""Life involves embracing the challenges we encounter, deciding to continue progressing, and appreciating the journey itself."""
"“When the going gets tough, put one foot in front of the other and just keep going. Don’t give up.”",1,human_quotes,"""When times are hard, just keep moving forward step by step. Never quit."""
"“You cannot change anyone, but you can be the reason someone changes.”",1,human_quotes,"""You can't change another person, but you can inspire someone to change."""
"“Letting go means to come to the realization that some people are a part of your history, but not a part of your destiny.”",1,human_quotes,"""Releasing the past involves recognizing that certain individuals belong to your story, yet not to your future."""
"“No matter how much experience you have, there’s always something new you can learn and room for improvement.”",1,human_quotes,"“Regardless of your level of experience, there is always more to learn and opportunities to grow.”"
"“Faith moves mountains, love transforms hearts.”",1,human_quotes,"“Faith can move mountains, and love has the power to transform hearts.”"
“The beginning is always NOW.”,1,human_quotes,"""The start is always NOW."""
"“Do what you love, love what you do, and with all your heart give yourself to it.”",1,human_quotes,"""Pursue your passion, cherish your work, and devote yourself to it wholeheartedly."""
"“If you have a strong purpose in life, you don't have to be pushed. Your passion will drive you there.”",1,human_quotes,"“When you possess a clear purpose in life, you need not be urged forward. Your own passion will propel you toward it.”"
“One of the best ways to influence people is to make them feel important.”,1,human_quotes,“A powerful method for swaying others is to help them recognize their own significance.”
“A person doesn't have to change who he is to become better.”,1,human_quotes,“One need not alter their true self to improve.”
“Free yourself from the inauthenticity and disempowerment of your story.”,1,human_quotes,"""Liberate yourself from the falseness and powerlessness of your narrative."""
“Change is the parent of progress.”,1,human_quotes,"""Progress is born from change."""
“What helps you persevere is your resilience and commitment.”,1,human_quotes,"""What keeps you going is your resilience and dedication."""
“Without ambition one starts nothing. Without work one finishes nothing. The prize will not be sent to you. You have to win it.”,1,human_quotes,"""Ambition is needed to begin anything. Without effort, nothing is completed. The reward will not come to you; you must earn it."""
“...yelling doesn't make a thing any more possible.”,1,human_quotes,"""...shouting doesn't make something any more achievable."""
“Act the way you'd like to be and soon you'll be the way you'd like to act.”,1,human_quotes,"""Behave as you wish to become, and soon you will become as you wish to behave."""
“Be brave to stand for what you believe in even if you stand alone.”,1,human_quotes,"""Have the courage to defend your convictions, even when you stand alone."""
“You have the ability to choose your reactions.”,1,human_quotes,"""You possess the power to select your responses."""
“Great losses are great lessons.”,1,human_quotes,"""Severe setbacks impart profound teachings."""
“To overcome fear is the quickest way to gain your self-confidence.”,1,human_quotes,"""Conquering fear is the fastest path to building your self-confidence."""
“I cannot let the fear of the past color the future.”,1,human_quotes,“I must not allow past fears to taint what lies ahead.”
"“Pursue what catches your heart, not what catches your eyes.”",1,human_quotes,"""Follow what captures your heart, not merely what captures your gaze."""
“A birth-date is a reminder to celebrate the life as well as to update the life.”,1,human_quotes,"""A birthday serves as a prompt to both honor existence and renew one's journey."""
“Just for the record: happiness is not bullshit.”,1,human_quotes,“To be clear: happiness is not meaningless.”
“Great leaders can see the greatness in others when they can’t see it themselves and lead them to their highest potential they don’t even know.”,1,human_quotes,"""Exceptional leaders recognize the hidden strengths in others, guiding them toward potential they have yet to discover within themselves."""
“The one who falls and gets up is stronger than the one who never tried. Do not fear failure but rather fear not trying.”,1,human_quotes,"“Those who stumble and rise again become stronger than those who never attempt. Fear not failure, but rather the absence of effort.”"
"“You need mountains, long staircases don't make good hikers.”",1,human_quotes,"""Mountains are essential; lengthy staircases don't forge skilled hikers."""
“Your opinion is not my reality.”,1,human_quotes,"""Your perspective does not define my truth."""
“A good self-esteem level is mostly dependant on how we value ourselves without any bias.”,1,human_quotes,"""A healthy sense of self-worth largely stems from how we assess ourselves impartially."""
“Live your vision and demand your success.”,1,human_quotes,"""Pursue your vision and insist on your success."""
"“Lack of direction, not lack of time, is the problem. We all have twenty-four hour days.”",1,human_quotes,"“The issue is not a shortage of time, but a lack of direction. Each of us is given the same twenty-four hours each day.”"
“Stop giving meaningless praise and start giving meaningful action.”,1,human_quotes,"""Cease offering empty compliments and begin providing substantial support."""
“CONCERNED BUT NOT CONSUMED!”,1,human_quotes,"""WORRIED YET NOT OVERWHELMED!"""
"“remember that trying is eighty percent of doing something. So try and don't give up, because not giving up is the other twenty percent.”",1,human_quotes,"""Keep in mind that effort makes up eighty percent of accomplishment. So persist and don't quit, because perseverance accounts for the remaining twenty percent."""
"“If you believe very strongly in something, stand up and fight for it.”",1,human_quotes,"“When you hold a conviction deeply, rise and champion it.”"
“The greatest revenge is massive success.”,1,human_quotes,"""The ultimate vengeance lies in achieving monumental triumph."""
“Don’t wait for things to happen. Make them happen.”,1,human_quotes,"""Don't just wait for events to unfold. Take action and shape them yourself."""
"“Once your mindset changes, everything on the outside will change along with it.”",1,human_quotes,"“When your perspective shifts, everything around you transforms accordingly.”"
“Action is the universal language of success.”,1,human_quotes,"""Action speaks as the common tongue of achievement."""
"“The most important step a man can take. It's not the first one, is it? It's the next one. Always the next step, Dalinar.”",1,human_quotes,"""The most crucial stride a person can make. It isn't the initial one, correct? It's the following one. Forever the next stride, Dalinar."""
“Start each day with a positive thought and a grateful heart.”,1,human_quotes,"""Begin every morning with an optimistic mindset and a thankful spirit."""
"“It will be better to spent our energy on reality; the tangible facts, not thoughts of the past.”",1,human_quotes,"“We should focus our efforts on the present—on concrete realities, not on dwelling in the past.”"
“No one rises to low expectations”,1,human_quotes,"""Low expectations never lift anyone to greatness."""
“Be with someone who inspires you and makes you be the best version of yourself.”,1,human_quotes,"""Choose a partner who motivates you and helps you become your best self."""
“Never underestimate the power you have to take your life in a new direction.”,1,human_quotes,"""Never discount the strength within you to steer your life toward a fresh path."""
“Search for contentment in each person you meet.”,1,human_quotes,"""Seek fulfillment in every individual you encounter."""
"“When you are living the best version of yourself, you inspire others to live the best versions of themselves.”",1,human_quotes,"""Living as your best self inspires others to become their best selves as well."""
“Today is yours to shape. Create a masterpiece!”,1,human_quotes,“Today is yours to craft. Make it a masterpiece!”
"“If you believe you can, you might. If you know you can, you will.”",1,human_quotes,"""If you think you can, you may. If you are certain you can, you will."""
“Be a worthy worker and work will come.”,1,human_quotes,"""Be a diligent worker, and opportunities will follow."""
“What we perceive about ourselves is greatly a reflection of how we will end up living our lives.”,1,human_quotes,"""Our self-perception largely shapes the course of our lives."""
“Sometimes you're drowning yourself in your own words.”,1,human_quotes,"“At times, you’re suffocating in the flood of your own words.”"
“Remember that things are not always as they appear to be... Curiosity creates possibilities and opportunities.”,1,human_quotes,"""Keep in mind that appearances can be deceiving... Curiosity opens doors to new possibilities and chances."""
“Leave your excuses and live your dreams!”,1,human_quotes,"""Abandon your excuses and pursue your dreams!"""
“Whatever choice you make makes you. Choose wisely.”,1,human_quotes,"""Your choices shape who you become. Select with care."""
“To be is to do.”,1,human_quotes,"""Being is doing."""
"“Change course, but don’t give up.”",1,human_quotes,"""Alter your direction, yet persist without surrender."""
“Life itself is simple...it's just not easy.”,1,human_quotes,"""Life is fundamentally simple...yet it's far from easy."""
"“Find a purpose to serve, not a lifestyle to live.”",1,human_quotes,"""Seek a purpose to fulfill, not merely a lifestyle to pursue."""
"“Just because you're in a situation, doesn't mean you have to be that situation. You're not the situation you're in!”",1,human_quotes,"""Being in a circumstance doesn't mean you must become it. You are not defined by the situation you face!"""
“Make the most of the best and the least of the worst.”,1,human_quotes,"""Extract the utmost from the finest and the minimum from the poorest."""
"“Learn from your history, but don’t live in it.”",1,human_quotes,"""Take lessons from your past, yet avoid dwelling there."""
“Success is a poor teacher”,1,human_quotes,"""Success makes for an ineffective instructor."""
“You can't learn in school what the world is going to do next year.”,1,human_quotes,“You cannot learn in school what the world will do next year.”
“Sometimes it's worth lingering on the journey for a while before getting to the destination.”,1,human_quotes,"“Occasionally, it’s valuable to pause and savor the journey a bit longer before arriving at the destination.”"
"“If everyone is moving forward together, then success takes care of itself.”",1,human_quotes,"“When all advance in unison, success naturally follows.”"
"“Everything is within your power,and your power is within you.”",1,human_quotes,"""All power resides within you, and everything lies within your reach."""
“What others think about you is none of your business.”,1,human_quotes,"""“The opinions others hold about you are not your concern.”"""
“Write this down: My life is full of unlimited possibilities.”,1,human_quotes,"""Take note: My existence brims with boundless potential."""
“You make the world a better place by making daily improvements to become the best version of yourself.”,1,human_quotes,"""You enhance the world by consistently refining yourself to reach your highest potential."""
“All worries are less with wine.”,1,human_quotes,"""Every concern diminishes with wine."""
"“It takes guts and humility to admit mistakes. Admitting we're wrong is courage, not weakness.”",1,human_quotes,"“It requires bravery and humility to acknowledge errors. Confessing our faults is an act of courage, not a sign of frailty.”"
“God helps those who strut their stuff.”,1,human_quotes,"""God favors those who flaunt their flair."""
“Perfection does not exist -- you can always do better and you can always grow.”,1,human_quotes,"""Perfection is unattainable—there is always room for improvement and growth."""
"“Maturity is when you stop complaining and making excuses, and start making changes.”",1,human_quotes,"""Maturity is when you cease complaining and offering excuses, and begin to enact changes."""
“It’s a lack of clarity that creates chaos and frustration. Those emotions are poison to any living goal.”,1,human_quotes,"""Ambiguity breeds disorder and discontent. Such feelings are toxic to any vital aspiration."""
“If you take responsibility for yourself you will develop a hunger to accomplish your dreams.”,1,human_quotes,"""Assuming responsibility for your own actions fuels a drive to achieve your aspirations."""
“The discontent and frustration that you feel is entirely your own creation.”,1,human_quotes,“The dissatisfaction and irritation you experience is solely of your own making.”
"“Be happy with who you are and what you do, and you can do anything you want.”",1,human_quotes,"""Find contentment in your identity and actions, and you'll be capable of achieving any aspiration."""
"“Once you realize you deserve a bright future, letting go of your dark past is the best choice you will ever make.”",1,human_quotes,"“Once you recognize that you are worthy of a bright future, releasing your dark past becomes the finest decision you can ever make.”"
“People are successful because they think and act like successful people.”,1,human_quotes,"""Success comes to those who adopt the mindset and behaviors of accomplished individuals."""
"“Shoot for the moon, because even if you miss you miss, you'll land in the stars.”",1,human_quotes,"""Aim for the moon; even if you fall short, you'll still land among the stars."""
"“Never stop dreaming, never stop believing, never give up, never stop trying, and never stop learning.”",1,human_quotes,"""Never cease to dream, never cease to believe, never surrender, never cease to strive, and never cease to learn."""
"“I want to live my life in such a way that when I get out of bed in the morning, the devil says, ""aw shit, he's up!”",1,human_quotes,"""I aim to live each day so that when I rise in the morning, the devil groans, 'Oh no, he's awake again!'"""
“Leaders are limited by their vision rather than by their abilities.”,1,human_quotes,"""Leaders are constrained more by their perspective than by their capabilities."""
“Live out of your imagination instead of out of your memory.”,1,human_quotes,"""Live from your imagination, not from your memory."""
“Your feelings wouldn't get hurt if you were honest with yourself”,1,human_quotes,"“If you were truthful with yourself, your feelings wouldn’t be wounded”"
“Soar with wit. Conquer with dignity. Handle with care.”,1,human_quotes,"""Rise with cleverness. Triumph with grace. Approach with caution."""
“No one has ever achieved greatness without dreams.”,1,human_quotes,"""Greatness is never attained without first having dreams."""
“You have seen me fall; now see me rise.”,1,human_quotes,"""You witnessed my descent; now behold my ascent."""
“Forgive yourself for your faults and your mistakes and move on.”,1,human_quotes,"""Forgive your own flaws and errors, then continue forward."""
"“The truth is, unless you let go, unless you forgive yourself, unless you forgive the situation, unless you realize that the situation is over, you cannot move forward.”",1,human_quotes,"""To move forward, you must release the past—forgive yourself, forgive the situation, and accept that it has truly ended."""
“Stop blaming outside circumstances for your inside chaos.”,1,human_quotes,"""Cease attributing your inner turmoil to external conditions."""
"“Despite everything, it's still you.”",1,human_quotes,"""Even after all that, it remains you."""
"“You make mistakes, mistakes don't make you”",1,human_quotes,"""You commit errors, but errors do not define you."""
"“Seize the wind,"" I whispered. ""Don't become the kite that never flies.”",1,human_quotes,"""Grasp the breeze,"" I murmured. ""Do not be the kite that never takes flight."""
“The Key to Success is Action”,1,human_quotes,"""Success Depends on Taking Action"""
“Politeness is the first thing people lose once they get the power.”,1,human_quotes,"""Politeness is often the first casualty when people acquire power."""
“Be the positive impact on the lives of others.”,1,human_quotes,"""Make a positive difference in the lives of others."""
"“It's not what you've got, it's what you use that makes a difference.”",1,human_quotes,"""It's not what you possess, but how you apply it that truly matters."""
“Superhuman effort isn't worth a damn unless it achieves results.”,1,human_quotes,"""Extraordinary effort is meaningless if it fails to produce results."""
“The road to success is always under construction.”,1,human_quotes,"""The path to achievement is perpetually being built."""
"“When admiring other people's gardens, don't forget to tend to your own flowers.”",1,human_quotes,"“While appreciating others’ gardens, remember to nurture your own blooms.”"
"“Before this generation lose the wisdom, one advice - read books.”",1,human_quotes,"“Before this generation forgets its wisdom, a single piece of advice remains: read books.”"
“One must always be prepared for riotous and endless waves of transformation.”,1,human_quotes,"""One must always be ready for tumultuous and ceaseless tides of change."""
“Consistency is the true foundation of trust. Either keep your promises or do not make them.”,1,human_quotes,"""Trust is built on unwavering reliability. Fulfill your commitments or refrain from making them."""
"“If you're offered a seat on a rocket ship, don't ask what seat! Just get on.”",1,human_quotes,"""When you're given a chance to board a rocket ship, don't question where you'll sit—just climb aboard."""
“The first place where self-esteem begins its journey is within us.”,1,human_quotes,“The journey of self-esteem originates from within ourselves.”
“Beliefs are choices. First you choose your beliefs. Then your beliefs affect your choices.”,1,human_quotes,"""Beliefs are decisions. First you decide what to believe. Then those beliefs shape your subsequent decisions."""
"“Being in home is like magic moments, in a magic world, among maicians”",1,human_quotes,"""Home feels like a magical place, filled with enchanting moments and surrounded by wonder."""
"“No matter what the cause, God is only as willing as you are.”",1,human_quotes,"“Regardless of the reason, God’s willingness matches your own.”"
"“Just because I'm doing what I love, doesn't mean It's always going to be fun.”",1,human_quotes,"""Even when I'm pursuing my passion, it doesn't guarantee that every moment will be enjoyable."""
"“The people who really make you angry, control you!”",1,human_quotes,“Those who truly provoke your anger are the ones who hold power over you!”
"“We can't undo a single thing we have ever done, but we can make decisions today that propel us to the life we want and towards the healing we need.”",1,human_quotes,"""We cannot change any past actions, but we can choose today to move toward the life we desire and the healing we require."""
"“Life has no limitations, except the ones you make.”",1,human_quotes,"""Life imposes no boundaries, save those you create yourself."""
"“Be where you are, stop over-thinking, and focus on what you are doing.”",1,human_quotes,"""Stay present, cease excessive analysis, and concentrate on your current task."""
"“It is not as much about who you used to be, as it is about who you choose to be.”",1,human_quotes,"“It matters less who you once were, and more who you decide to become.”"
“Do you love yourself enough to BE what you love yourself enough to WANT?”,1,human_quotes,"""Do you cherish yourself sufficiently to BECOME what you cherish yourself enough to DESIRE?"""
"“Resources are hired to give results, not reasons.”",1,human_quotes,"""People are employed to deliver outcomes, not excuses."""
“Success can be defined in many ways but failure in only one ... quitting!”,1,human_quotes,"""Success has many definitions, yet failure has just one: giving up!"""
"“Whether you know or not, you are the infinite potential of love, peace and joy”",1,human_quotes,"“Whether you realize it or not, you embody the boundless potential for love, peace, and joy.”"
"“If you have a goal, write it down. If you do not write it down, you do not have a goal - you have a wish.”",1,human_quotes,"""Write down your goal to make it real; without writing it down, it remains merely a wish."""
“The greatest step towards a life of simplicity is to learn to let go.”,1,human_quotes,"""To embrace a simpler life, the most significant stride is mastering the art of release."""
"“What the mind can conceive and believe, and the heart desire, you can achieve.”",1,human_quotes,"“Whatever the mind can imagine and trust, and the heart truly longs for, you can attain.”"
"“If you don’t know exactly where you’re going, how will you know when you get there?”",1,human_quotes,“How can you recognize your destination if you aren’t certain of the path you’re on?”
“All my problems bow before my stubbornness.”,1,human_quotes,"""Every challenge yields to my unyielding resolve."""
“The only way you're going to reach places you've never gone is if you trust God's direction to do things you've never done.”,1,human_quotes,"""You'll only get to new destinations by trusting God's guidance to attempt what you haven't done before."""
"“I cannot compromise my respect for your love. You can keep your love, I will keep my respect.”",1,human_quotes,"""I cannot sacrifice my esteem for your affection. You may retain your love, and I shall preserve my respect."""
"“If people just took it a day at a time, they'd be a lot happier.”",1,human_quotes,"""Taking life one day at a time would lead to much greater happiness for people."""
“The most powerful magic of all is choice.”,1,human_quotes,“The greatest enchantment lies in the power of choice.”
"“If you don't sacrifice for what you want, what you want becomes the sacrifice”",1,human_quotes,"""If you refuse to make sacrifices for your desires, then your desires themselves will become the sacrifice."""
“It is a profound and necessary truth that the deep things in science are not found because they are useful; they are found because it was possible to find them.”,1,human_quotes,"""It is a fundamental and essential truth that the profound discoveries in science are not made for their utility; they are made because it became possible to uncover them."""
"“Intelligence is more important than strength, that is why earth is ruled by men and not by animals.”",1,human_quotes,"""Intellect holds greater value than physical power, which explains why humanity governs the earth rather than animals."""
“The lust for comfort kills the passions of the soul.”,1,human_quotes,"""The craving for ease stifles the soul's fervent passions."""
“The power to change your life lies in the simplest of steps.”,1,human_quotes,"""The ability to transform your life is found in the most basic actions."""
“Live boldly. Push yourself. Don't settle.”,1,human_quotes,"""Live with courage. Challenge your limits. Never accept mediocrity."""
“You are the perfect creation of God. Don't allow you to be down. God is experiencing through you.”,1,human_quotes,"""You are God's flawless creation. Never let yourself fall into despair. God is living His experience through you."""
“Never say anything about yourself you don't want to come true”,1,human_quotes,"""Never speak of yourself in ways you wouldn't wish to become reality."""
“I will heighten my life by helping others heighten theirs”,1,human_quotes,“I will elevate my own existence by aiding others in elevating theirs.”
"“Courage is feeling fear, not getting rid of fear, and taking action in the face of fear.”",1,human_quotes,"""Courage is not the absence of fear, but the willingness to act despite it."""
"“At school, new ideas are thrust at you every day. Out in the world, you'll have to find your inner motivation to seek for new ideas on your own.”",1,human_quotes,"""In school, fresh concepts are presented to you daily. Beyond the classroom, you must cultivate your own drive to pursue new ideas independently."""
"“Dream your own dreams, achieve your own goals. Your journey is your own and unique.”",1,human_quotes,"""Pursue your own aspirations, reach your personal milestones. Your path is uniquely yours and distinct."""
“Free yourself from the complexities of your life! A life of simplicity and happiness awaits you.”,1,human_quotes,"""Break free from life's complications! A simpler, happier existence is within your reach."""
“The right thing to do and the hard thing to do are usually the same.”,1,human_quotes,“Doing what is right and doing what is difficult are often one and the same.”
“Dreams don't work unless you take action. The surest way to make your dreams come true is to live them.”,1,human_quotes,"""Dreams remain unrealized without action. To truly bring your dreams to life, you must actively live them out."""
"“Everyone of us needs to show how much we care for each other and, in the process, care for ourselves.”",1,human_quotes,"“Each of us must demonstrate our care for one another and, in doing so, also care for ourselves.”"
“Don't let the tall weeds cast a shadow on the beautiful flowers in your garden.”,1,human_quotes,"""Do not allow the towering weeds to overshadow the lovely blossoms in your garden."""
“Don’t tell me about your god with your words. Show me about your god with your actions.”,1,human_quotes,"""Don't speak of your god with words alone. Reveal your god through your deeds."""
"“Sometimes life knocks you on your ass... get up, get up, get up!!! Happiness is not the absence of problems, it's the ability to deal with them.”",1,human_quotes,"""Life may knock you down at times... rise, rise, rise!!! Happiness isn't about having no problems; it's about being able to handle them."""
“Everyone's time is limited. What matters most is to focus on what matters most.”,1,human_quotes,"""Each person's time is finite. The key is to concentrate on what truly counts."""
"“Failure is a bend in the road, not the end of the road. Learn from failure and keep moving forward.”",1,human_quotes,"""Failure is a curve in the path, not the journey's conclusion. Take lessons from setbacks and continue advancing."""
“The only thing wrong with trying to please everyone is that there's always at least one person who will remain unhappy. You.”,1,human_quotes,"""The only problem with trying to satisfy everyone is that there will inevitably be at least one person left discontented: you."""
"“If you don’t give up on something you truly believe in, you will find a way.”",1,human_quotes,"“If you remain steadfast in what you genuinely believe, a path will reveal itself.”"
“Believe in your infinite potential. Your only limitations are those you set upon yourself.”,1,human_quotes,"""Trust in your boundless capabilities. The only constraints are those you impose on yourself."""
"“Until you change how you get things done, you'll never know what works best.”",1,human_quotes,"""Until you alter your approach to tasks, you'll never discover the most effective methods."""
“When was the last time you woke up and realized that today could be the best day of your life?”,1,human_quotes,“When was the most recent morning you awoke and understood that this day might become the finest of your life?”
“Someone's opinion of you does not have to become your reality.”,1,human_quotes,"""Your reality need not be shaped by another's view of you."""
“It is better to aim high and miss than to aim low and hit.”,1,human_quotes,“Aiming high and falling short is preferable to aiming low and succeeding.”
"“When in a relationship, a real man doesn't make his woman jealous of others, he makes others jealous of his woman.”",1,human_quotes,"“A true man in a relationship doesn’t let his partner feel envy toward others; instead, he makes others envious of her.”"
"“Happiness is a state of mind, a choice, a way of living; it is not something to be achieved, it is something to be experienced.”",1,human_quotes,"""Happiness is a mindset, a decision, a lifestyle; it is not a goal to be reached, but an experience to be lived."""
“you don't have to be great to get started but you have to to get started to be great”,1,human_quotes,"""You don't need to be great to begin, but you must begin to become great."""
"“Want to make waves in the business world? Then you gotta be bold, take risks, and always be ready to pivot.”",1,human_quotes,"""To create a splash in the business arena, you must be daring, embrace risks, and stay prepared to adapt swiftly."""
“Grateful souls focus on the happiness and abundance present in their lives and this in turn attracts more abundance and joy towards them.”,1,human_quotes,"""Grateful individuals concentrate on the joy and plenty already in their lives, which subsequently draws further abundance and happiness to them."""
“Do what you think is right. Don't let people make the decision of right or wrong for you.”,1,human_quotes,"""Follow your own sense of what is right. Don't allow others to decide for you what is correct or incorrect."""
“God didn’t give fear a body. God gave love a body.”,1,human_quotes,“Fear was not given form by God. Love was given form by God.”
“It doesn’t matter how many times you get knocked down. All that matters is you get up one more time than you were knocked down.”,1,human_quotes,"“What counts isn’t how often you fall, but that you rise once more than you’ve been knocked down.”"
“Never lose hope. Storms make people stronger and never last forever.”,1,human_quotes,"""Never abandon hope. Storms fortify the spirit and are always fleeting."""
“You don't have to be great to get started but you have to get started to be great.”,1,human_quotes,"""You don't need to be great to begin, but you must begin to become great."""
“Too much action with too little intent makes for wasteful exertion of energy and the confusion between movement and progress.”,1,human_quotes,"""Excessive action lacking clear purpose leads to wasted effort and the mistaken belief that activity equals advancement."""
“Never confuse someone else's inability to do something with its inability to be done.”,1,human_quotes,"""Never mistake another person's incapacity to accomplish something for the impossibility of its achievement."""
“Finding the lesson behind every adversity will be the one important thing that helps get you through it.”,1,human_quotes,"""Discovering the lesson within each hardship is the crucial element that enables you to persevere through it."""
"“A young outcast will often feel that there is something wrong with himself, but as he gets older, grows more confident in who he is, he will adapt, he will begin to feel that there is something wrong with everyone else.”",1,human_quotes,"""A young outsider often believes something is amiss within himself, but as he matures and gains confidence in his identity, he adjusts, starting to sense that something is off with everyone else."""
“Do not let another day go by where your dedication to other people's opinions is greater than your dedication to your own emotions!”,1,human_quotes,"""Do not spend another day valuing others' judgments more than you value your own feelings!"""
“What's done is done. What's gone is gone. One of life's lessons is always moving on. It’s okay to look back to see how far you’ve come but keep moving forward.”,1,human_quotes,"""What's done is done, and what's gone is gone. A key lesson in life is to keep moving forward. It's fine to glance back at how far you've traveled, but always continue advancing."""
"“Changing your outside world cannot make you happy if you are an unhappy person. The real personal change can only happen from the inside out. If you firstly create the change within yourself, you can turn your life around.”",1,human_quotes,"""True happiness cannot be achieved by altering your external circumstances if you are unhappy within. Genuine transformation must begin internally. By first cultivating change inside yourself, you can truly reshape your life."""
“You must take responsibility for removing I can't from your vocabulary.”,1,human_quotes,"""Eliminate 'I can't' from your speech; you must hold yourself accountable for this."""
“Focus on making choices to lead your life that aligns with your core values in the most purposeful way possible.”,1,human_quotes,"""Direct your decisions toward living a life that reflects your deepest values with the greatest possible intention."""
"“Don't be one of those who don't want others to be empowered. Share information. Try to make the next person, smarter.”",1,human_quotes,"""Avoid becoming someone who resists empowering others. Share knowledge freely. Strive to help the next person grow wiser."""
"“If you're early, you're on time. If you're on time, you're late.”",1,human_quotes,"""Arriving early means you're punctual. Being punctual means you're actually late."""
“There has never been a meaningful life built on easy street.”,1,human_quotes,"""“A life of significance is never forged on the path of least resistance.”"""
“Circumstances are the rulers of the weak; they are but the instruments of the wise.”,1,human_quotes,"""Circumstances govern the feeble; they serve merely as tools for the wise."""
“And worse I may be yet: the worst is notSo long as we can say 'This is the worst.”,1,human_quotes,“And I may yet become worse: the worst is not reachedSo long as we can still declare 'This is the worst.'”
"“It doesn't matter if a million people tell you what you can't do, or if ten million tell you no. If you get one yes from God that's all you need.”",1,human_quotes,"""Even if a million people say you can't do it, or ten million refuse you, all you need is one 'yes' from God."""
“It's not what we do once in a while that shapes our lives. It's what we do consistently.”,1,human_quotes,"“Our lives are not defined by our occasional actions, but by the habits we maintain consistently.”"
"“When you are just EXISTING, life happens to you... and you manage; when you are truly LIVING, you happen to life... and you lead.”",1,human_quotes,"“When you merely exist, life happens to you... and you cope; when you truly live, you happen to life... and you lead.”"
"“I’ll detach myself from the crowd if it hinders my growth, I’ll fall from the tree that won’t let me grow.”",1,human_quotes,"""I'll separate from the group if it holds me back, I'll leave the tree that doesn't allow me to flourish."""
“Success is not only dependent on understanding your own skill-set. It’s also important to recognize the talents of others and know how to profit from them.”,1,human_quotes,"""Success relies not just on knowing your own abilities. It also requires acknowledging others' strengths and learning how to benefit from them."""
"“Shoot for the moon. Even if you miss, you'll land among the stars.”",1,human_quotes,"""Aim for the moon. If you fall short, you'll still find yourself among the stars."""
"“Plants are more courageous than almost all human beings: an orange tree would rather die than produce lemons, whereas instead of dying the average person would rather be someone they are not.”",1,human_quotes,"“Plants show greater courage than most people: an orange tree would die before yielding lemons, while the average person would rather become someone else than face death.”"
"“You don't have to get it perfect, you just have to get it going. Babies don't walk the first time they try, but eventually they get it right”",1,human_quotes,"""You don't need to achieve perfection, just get started. Babies don't walk on their first attempt, but in time they succeed."""
“Common man's patience will bring him more happiness than common man's power.”,1,human_quotes,"""The patience of an ordinary person yields greater joy than the power of an ordinary person."""
“Your life begins to change the day you take responsibility for it.”,1,human_quotes,"""Your life starts to transform when you accept responsibility for it."""
“People have boldness to criticize but not to sensitize.”,1,human_quotes,"""People possess the courage to critique, yet lack the bravery to empathize."""
"“My atheism, like that of Spinoza, is true piety towards the universe and denies only gods fashioned by men in their own image, to be servants of their human interests.”",1,human_quotes,"“My disbelief in gods, akin to Spinoza’s, represents a sincere reverence for the cosmos, rejecting only deities shaped by humanity in its likeness to serve human ends.”"
"“I often wished that more people understood the invisible side of things. Even the people who seemed to understand, didn't really.”",1,human_quotes,"“I frequently wished that more individuals grasped the unseen aspects of life. Even those who appeared to comprehend, truly did not.”"
"“When you truly embrace your human impermanence you connect with the power you have, and influence you have, over the time you have.”",1,human_quotes,"""Embracing your human impermanence fully connects you to the power and influence you hold over the time you possess."""
"“It is important that when we make a resolution, or establish a goal, that we take the ACTION necessary to accomplish that goal.”",1,human_quotes,"""It is crucial that when we set a resolution or define an objective, we undertake the necessary ACTION to achieve it."""
“Never let fear hold you captive. Never let self-doubt hold you captive. Never let frustration hold you captive.”,1,human_quotes,"""Never allow fear to imprison you. Never permit self-doubt to confine you. Never let frustration trap you."""
"“I will not try to convince you to love me, to respect me, to commit to me. I deserve better than that; I AM BETTER THAN THAT...Goodbye.”",1,human_quotes,"""I won't attempt to persuade you to love me, to respect me, or to stay with me. I merit more than that; I AM WORTH MORE THAN THAT...Farewell."""
“Life teaches us the right path is rarely the easy one.”,1,human_quotes,"""Life shows us that the correct way forward is seldom the simplest."""
“You're never ready for what you have to do. You just do it. That makes you ready.”,1,human_quotes,"""You're never prepared for what must be done. You simply act. That is what prepares you."""
"“You were born to stand out, stop trying to fit in.”",1,human_quotes,"""You were meant to be different, so quit trying to blend in."""
“A person today who seems to have a great sense of self-esteem has his or her childhood days to thank for it.”,1,human_quotes,"""Today's individual who appears to possess strong self-esteem owes it largely to their formative childhood years."""
“The universe doesn’t give you what you ask for with your thoughts - it gives you what you demand with your actions.”,1,human_quotes,"""The universe doesn't grant what you merely think about—it delivers what you insist upon through your deeds."""
"“Action may not always bring happiness, but there is no happiness without action. ”",1,human_quotes,"""Action might not always lead to happiness, yet happiness cannot exist without action."""
"“The most intriguing people you will encounter in this life are the people who had insights about you, that you didn't know about yourself.”",1,human_quotes,"""The most fascinating individuals you'll ever meet are those who perceive truths about you that you've never recognized in yourself."""
"“If you care about something enough, you'll find a way to make it happen.”",1,human_quotes,"“When something truly matters to you, you’ll discover a path to bring it to life.”"
"“Just because Fate doesn't deal you the right cards, it doesn't mean you should give up. It just means you have to play the cards you get to their maximum potential.”",1,human_quotes,"""Even when Fate fails to give you favorable cards, it doesn't mean you should quit. It simply means you must play the hand you're dealt to its fullest potential."""
“Create. Not for the money. Not for the fame. Not for the recognition. But for the pure joy of creating something and sharing it.”,1,human_quotes,“Create. Not for wealth. Not for acclaim. Not for approval. But for the sheer delight of making something and offering it to others.”
"“Without desires and dreams, your thoughts do not matter and you can think whatever you want to.”",1,human_quotes,"""Without aspirations or ambitions, your thoughts hold no significance, and you may think as you please."""
"“You are where you are right now because of the actions you've taken, or maybe, the inaction you've taken.”",1,human_quotes,"""You are in your current position due to the steps you've chosen to take, or perhaps, the steps you've chosen not to take."""
"“The greatest love stories are not those in which love is only spoken, but those in which it is acted upon.”",1,human_quotes,"""The most profound love stories are not those where love is merely declared, but those where it is truly lived."""
"“I’ve learned that no matter how inspired, fired up and motivated you might be, the dark clouds will always set in”",1,human_quotes,"""I've discovered that regardless of how inspired, enthusiastic, and driven you may feel, the difficult times will inevitably arrive."""
“The difference between greed and ambition is a greedy person desires things he isn't prepared to work for.”,1,human_quotes,"""The distinction between greed and ambition lies in the fact that a greedy individual craves things for which he is unwilling to labor."""
"“Never respond to an angry person with a fiery comeback, even if he deserves it...Don't allow his anger to become your anger.”",1,human_quotes,"""Never reply to an angry individual with a heated retort, even if it seems justified...Do not let their rage turn into your own."""
"“Want to keep Christ in Christmas? Feed the hungry, clothe the naked, forgive the guilty, welcome the unwanted, care for the ill, love your enemies, and do unto others as you would have done unto you.”",1,human_quotes,"“To keep Christ in Christmas, feed the hungry, clothe the naked, forgive the guilty, welcome the unwanted, care for the sick, love your enemies, and treat others as you would wish to be treated.”"
“Times will change for the better when you change.”,1,human_quotes,"""Your circumstances improve as you transform yourself."""
"“Confidence is like a dragon where, for every head cut off, two more heads grow back.”",1,human_quotes,"""Confidence resembles a hydra: each time you sever one head, two more emerge in its place."""
"“Your own setbacks aren’t what they first appear to be; rather than viewing them as failures, view them as learning opportunities that are the building blocks for future preparation.”",1,human_quotes,"""Your setbacks are not what they seem at first glance; instead of seeing them as failures, consider them as chances to learn, which lay the groundwork for future readiness."""
“Wanting something is not enough. You must hunger for it. Your motivation must be absolutely compelling in order to overcome the obstacles that will invariably come your way.”,1,human_quotes,"""Desiring something is insufficient. You must crave it deeply. Your drive needs to be utterly compelling to surmount the hurdles that will inevitably arise."""
"“When you are angry try your best to go to sleep, it keeps you away from speaking, writing and thinking while you are angry.”",1,human_quotes,"""Try to sleep when you're angry; it prevents you from speaking, writing, or thinking in that state."""
“Dedicate yourself to what gives your life true meaning and purpose; make a positive difference in someone's life.”,1,human_quotes,"""Commit yourself to pursuits that bring genuine meaning and purpose to your life; strive to positively impact another person's existence."""
“Persistence is to the character of man as carbon is to steel.”,1,human_quotes,"""Persistence is to human character what carbon is to steel."""
"“If at first you don’t succeed, you’re doing it wrong. Learn from the experience. Try again, but with a different approach.”",1,human_quotes,"""If you fail initially, you're likely on the wrong path. Take lessons from that attempt. Make another effort, but change your strategy."""
“Stop allowing your day-to-day life to be clouded by busy nothingness.”,1,human_quotes,"""Cease letting the trivialities of daily existence obscure your clarity with empty busyness."""
"“If a man has his eyes bound, you can encourage him as much as you like to stare through the bandage, but he'll never see anything.”",1,human_quotes,"“When a person’s eyes are covered, no matter how much you urge them to look through the blindfold, they will never perceive a thing.”"
"“Success is not just about hard work, it's about working smart. So, take a break from the grind and strategize like a pro.”",1,human_quotes,"""Success isn't only about working hard; it's about working wisely. Step back from the hustle and plan like an expert."""
“Your beliefs affect your choices. Your choices shape your actions. Your actions determine your results. The future you create depends upon the choices you make and the actions you take today.”,1,human_quotes,"""Your beliefs influence your decisions. Your decisions guide your behavior. Your behavior defines your outcomes. The future you build relies on the decisions you make and the steps you take now."""
“Be careful the stories you're telling yourself about your current circumstances; a head full of negative thoughts has no space for positive ones.”,1,human_quotes,"""Pay attention to the narratives you're crafting about your situation; a mind crowded with pessimistic thoughts leaves no room for optimistic ones."""
"“In the end, you have to choose whether or not to trust someone.”",1,human_quotes,"""Ultimately, the decision to place your trust in another person rests with you."""
“Too many of us are not living our dreams because we are living out fears.”,1,human_quotes,“Many of us fail to pursue our dreams because we are instead consumed by our fears.”
“Being defeated is often a temporary condition. Giving up is what makes it permanent.”,1,human_quotes,"""Defeat is often a fleeting state. Surrendering is what turns it into something lasting."""
“Gratitude builds a bridge to abundance.”,1,human_quotes,"""Gratitude constructs a pathway toward abundance."""
"“Manifesting is a lot like making a cake. The things needed are supplied by you, the mixing is done by your mind and the baking is done in the oven of the universe.”",1,human_quotes,"""Manifesting resembles baking a cake. You provide the ingredients, your mind does the mixing, and the universe's oven handles the baking."""
“Live Today! Do not allow your spirit to be softened of your happiness to be limited by a day you cannot have back or a day that does not yet exist.”,1,human_quotes,"""Live for today! Do not let your spirit be weakened or your joy constrained by a day that is gone forever or one that has not yet arrived."""
"“I am not a victim. No matter what I have been through, I'm still here. I have a history of victory.”",1,human_quotes,"""I am no victim. Regardless of what I have endured, I remain here. My past is marked by triumph."""
“One of the most healing things you can do is recognize where in your life you are your own poison.”,1,human_quotes,"""One of the most restorative acts is to identify where you are your own toxin in life."""
"“If you can remember why you started, then you will know why you must continue.”",1,human_quotes,"""Remembering your initial purpose will reveal why you must persist."""
“One word of encouragement can be enough to spark someone’s motivation to continue with a difficult challenge.”,1,human_quotes,"""A single encouraging word can ignite the determination needed to persevere through a tough challenge."""
“Kindness is universal. Sometimes being kind allows others to see the goodness in humanity through you. Always be kinder than necessary.”,1,human_quotes,"""Kindness is a universal language. At times, showing kindness lets others glimpse the best of humanity through your actions. Strive always to be kinder than needed."""
"“I have realized that whatever good comes to me, comes from God, whatever bad comes to me, God has allowed it, and I choose to be thankful for both.”",1,human_quotes,"""I understand that all blessings in my life are from God, and every hardship is permitted by Him, so I choose to be grateful for both."""
"“I prefer to be on the side of losers, the misunderstood or lonely people rather than writing about the strong and powerful.”",1,human_quotes,"""I would rather stand with the defeated, the misjudged, or the solitary, instead of chronicling the lives of the mighty and influential."""
"“If you're waiting until you feel talented enough to make it, you'll never make it.”",1,human_quotes,"“If you delay until you believe you have sufficient talent to succeed, you will never succeed.”"
"“You have to accept whatever comes, and the only important thing is that you meet it with the best you have to give.”",1,human_quotes,"""You must embrace whatever arrives, and the crucial point is to face it with the utmost you can offer."""
“Attitude is a choice. Happiness is a choice. Optimism is a choice. Kindness is a choice. Giving is a choice. Respect is a choice. Whatever choice you make makes you. Choose wisely.”,1,human_quotes,"""Attitude is a decision. Happiness is a decision. Optimism is a decision. Kindness is a decision. Generosity is a decision. Respect is a decision. Every decision you take shapes who you become. Decide wisely."""
“You cannot continue on the same path and arrive at a different destination. Make the choice to have your actions reflect your goals.”,1,human_quotes,"""You cannot keep walking the same road and expect to reach a new place. Choose to align your actions with your aims."""
"“The size of your dreams must always exceed your current capacity to achieve them. If your dreams do not scare you, they are not big enough.”",1,human_quotes,"""Your aspirations should always surpass your present ability to fulfill them. If your dreams don't intimidate you, they aren't sufficiently grand."""
“Life is a balanced system of learning and evolution. Whether pleasure or pain; every situation in your life serves a purpose. It is up to us to recognize what that purpose could be.”,1,human_quotes,"""Life functions as a balanced process of learning and growth. Every experience, whether joyful or painful, holds a purpose. It is our responsibility to discern what that purpose might be."""
"“If you are going to be successful, you need to give up the phrase, ""I can't"" & all of its cousins, such as ""I wish I were able to.”",1,human_quotes,"""To achieve success, you must abandon the phrase 'I can't' and all its variations, like 'I wish I could.'"""
"“You don't have to be a hero to accomplish great things---to compete. You can just be an ordinary chap, sufficiently motivated to reach challenging goals.”",1,human_quotes,"""You don't need to be a hero to achieve great things—to compete. You can simply be an ordinary person, driven enough to attain demanding objectives."""
"“Fear can only grow in darkness. Once you face fear with light, you win.”",1,human_quotes,"""Fear thrives solely in shadows. When you confront it with illumination, you prevail."""
“Free yourself from the complexities and drama of your life. Simplify. Look within. Within ourselves we all have the gifts and talents we need to fulfill the purpose we've been blessed with.”,1,human_quotes,"""Release yourself from life's complications and turmoil. Simplify. Turn inward. Inside each of us lie the gifts and abilities required to achieve the purpose we are meant to fulfill."""
"“A photograph shouldn't be just a picture, it should be a philosophy.”",1,human_quotes,“A photograph must be more than an image; it should embody a philosophy.”
"“Set the standard! Stop expecting others to show you love, acceptance, commitment, & respect when you don't even show that to yourself.”",1,human_quotes,"""Establish the benchmark! Cease anticipating others to offer you affection, approval, dedication, and esteem when you fail to demonstrate these to yourself."""
“It takes sunshine and rain to make a rainbow. There would be no rainbows without sunshine and rain.”,1,human_quotes,"“A rainbow requires both sunshine and rain. Without these two elements, no rainbow would appear.”"
"“Stay strong, stay positive, and never give up.”",1,human_quotes,"""Remain resilient, keep an optimistic outlook, and always persevere."""
“It’s time to care; it’s time to take responsibility; it’s time to lead; it’s time for a change; it’s time to be true to our greatest self; it’s time to stop blaming others.”,1,human_quotes,"""The moment has come to care; to embrace responsibility; to lead; to seek change; to be faithful to our highest self; to cease blaming others."""
"“When you are lonely for a while don't get restless, if you had born alone, you are going to die alone then for sometime you can certainly live alone.”",1,human_quotes,"""When you feel lonely for a time, do not grow restless. Since you were born alone and will die alone, you can surely live alone for a while."""
“Do it first and feel about it afterwards.' - Dagny Taggart”,1,human_quotes,"""Act first, reflect later."" - Dagny Taggart"
"“Stop giving other people the power to control your happiness, your mind, and your life. If you don't take control of yourself and your own life, someone else is bound to try.”",1,human_quotes,"""Cease allowing others to dictate your joy, your thoughts, and your existence. If you fail to govern yourself and your own path, someone else will inevitably attempt to."""
"“If an apology is followed by an excuse or a reason, it means they are going to commit same mistake again they just apologized for.”",1,human_quotes,"“When an apology is accompanied by an excuse or justification, it suggests they are likely to repeat the very mistake they just expressed regret for.”"
“People will always have opinions about your decision because they're not courageous enough to take action on their opinion.”,1,human_quotes,"""Others will inevitably judge your choices, as they lack the bravery to act on their own convictions."""
“Stop doing what is easy or popular. Start doing what is right.”,1,human_quotes,"""Cease pursuing what is convenient or trendy. Begin doing what is correct."""
"“The more you talk about them, the more important they will feel. The more you listen to them, the more important you will make them feel.”",1,human_quotes,"""The more you discuss them, the more significant they will perceive themselves. The more you heed them, the more valued you will cause them to feel."""
“Sometimes we forget about our own advantages because we focus on what we don't have. Just because you have to work a little harder at something that seems easier to others doesn't mean you're without your own talents.”,1,human_quotes,“We often overlook our own strengths by fixating on what we lack. Needing to put in extra effort where others find ease doesn’t imply you lack unique abilities.”
“The man who moves a mountain begins by carrying away small stones.”,1,human_quotes,“He who would move a mountain starts by removing the first stones.”
"“The workplace is like a battlefield, and you need to be a warrior to survive. So arm yourself with knowledge and fight for your place in the corporate world.”",1,human_quotes,"""The corporate world resembles a battleground, where survival demands a warrior's spirit. Equip yourself with expertise and strive to secure your position in the professional arena."""
“The only easy day was yesterday.”,1,human_quotes,"""Yesterday was the sole day that came easily."""
"“We can’t help the way we’re born. We can’t help what we are, only what life we choose to make for ourselves.”",1,human_quotes,"""We cannot control how we are born. We cannot change what we are, only the life we decide to build for ourselves."""
"“You learn something valuable from all of the significant events and people, but you never touch your true potential until you challenge yourself to go beyond imposed limitations.”",1,human_quotes,"""You gain valuable insights from every major experience and individual, yet you only reach your full potential when you push yourself to surpass the limits set upon you."""
"“Success in life is not for those who run fast, but for those who keep running and always on the move.”",1,human_quotes,"""Life's triumphs belong not to the swiftest sprinters, but to those who persevere in the race, continually moving forward."""
“Keep your head in the clouds and your hands on the keyboard.”,1,human_quotes,"""Keep your thoughts soaring high while your fingers remain on the keys."""
“Goals are the road maps that guide you to your destination. Cultivate the habit of setting clearly-defined written goals; they are the road maps that guide you to your destination.”,1,human_quotes,"""Goals serve as the road maps that lead you to your destination. Develop the practice of establishing clearly-defined written goals; they are the guides that direct you toward your desired outcome."""
“Strong people have a strong sense of self-worth and self-awareness; they don’t need the approval of others.”,1,human_quotes,"""Individuals with inner strength possess a deep sense of self-worth and self-awareness; they do not rely on external validation."""
“Discipline Your Mind to Think Positively: Discipline your mind to see the good in every situation and look on the best side of every event.”,1,human_quotes,"""Train Your Mind to Think Positively: Condition your thoughts to find the good in every circumstance and focus on the most favorable aspect of each occurrence."""
“What's money? A man is a success if he gets up in the morning and goes to bed at night and in between does what he wants to do.”,1,human_quotes,"“What is money? A man succeeds if he rises in the morning, retires at night, and spends the hours between doing as he pleases.”"
"“No matter what your history has been, your destiny is what you create today. What are you going to create?”",1,human_quotes,"""Regardless of your past, your future is shaped by what you do now. What will you build?"""
"“One day in my shoes and a day for me in your shoes, the beauty of travel lies in the ease and willingness to be more open.”",1,human_quotes,"“A day in my shoes, a day in yours—the beauty of travel is found in the ease and readiness to open up more.”"
“A friend who is far away is sometimes much nearer than one who is at hand.”,1,human_quotes,"""A companion who is distant can often feel closer than one who is nearby."""
"“The way you live your day is a sentence in the story of your life. Each day you make the choice whether the sentence ends with a period, question mark, or exclamation point.”",1,human_quotes,"""The way you spend each day writes a line in your life's story. Every day, you decide whether that line concludes with a period, a question mark, or an exclamation point."""
"“Always Remember to take your Vitamins: Take your Vitamin A for ACTION, Vitamin B for Belief, Vitamin C for Confidence ,Vitamin D for Discipline, Vitamin E for Enthusiasm!!”",1,human_quotes,"""Always remember to take your vitamins: Vitamin A for Action, Vitamin B for Belief, Vitamin C for Confidence, Vitamin D for Discipline, and Vitamin E for Enthusiasm!"""
"“Change may not always bring growth, but there is no growth without change.”",1,human_quotes,"""Transformation does not guarantee progress, yet progress cannot occur without transformation."""
“Failures are the stairs we climb to reach success.”,1,human_quotes,"""Failures are the steps we ascend on the path to achievement."""
"“Be grateful for what you already have while you pursue your goals. If you aren’t grateful for what you already have, what makes you think you would be happy with more.”",1,human_quotes,"""Appreciate what you currently possess as you work toward your ambitions. Without gratitude for what you already have, why believe that having more would bring happiness?"""
"“Because when we give too many fucks, when we choose to give a fuck about everything, then we feel as though we are perpetually entitled to feel comfortable and happy at all times, that’s when life fucks us.”",1,human_quotes,"“When we care too much about everything, insisting on feeling comfortable and happy constantly, that’s when life tends to knock us down.”"
“Do not sabotage your new relationship with your last relationship’s poison.”,1,human_quotes,"""Avoid tainting your new relationship with the toxicity of your past one."""
"“One resolution I have made, and try always to keep, is this: ‘To rise above little things’.”",1,human_quotes,"""I have made one resolution, and strive always to uphold it: 'To rise above trivial matters'."""
“Do more listening than talking; talk more about them than about you.”,1,human_quotes,"""Listen more than you speak; focus conversations on others rather than yourself."""
“Have you had a failure or rejection? You could get bitter. That's one way to deal with it. Or...you could just get BETTER. What do you think?”,1,human_quotes,"""Have you ever faced failure or rejection? You might turn bitter. That's one approach. Or...you could simply improve. What's your take?"""
“I hear you say 'Why?' Always 'Why?' You see things; and you say 'Why?' But I dream things that never were; and I say 'Why not?”,1,human_quotes,"""You ask 'Why?' Always 'Why?' You observe what exists and question it. Yet I envision what has never been and ask 'Why not?'"""
"“Forget yesterday - it has already forgotten you. Don't sweat tomorrow - you haven't even met. Instead, open your eyes and your heart to a truly precious gift - today.”",1,human_quotes,"""Forget yesterday—it has already forgotten you. Don't worry about tomorrow—you haven't even met it. Instead, open your eyes and your heart to a truly precious gift: today."""
“Life is short. Focus on what really matters most. You have to change your priorities over time.”,1,human_quotes,"""Life is brief. Concentrate on what truly matters most. Your priorities must evolve as time passes."""
“Dream big. Wake up. Take the first step into the unknown.”,1,human_quotes,"""Dream boldly. Awaken. Then venture into the unknown with that first step."""
“The level of success you achieve will be in direct proportion to the depth of your commitment.”,1,human_quotes,"""Your degree of achievement will directly correspond to how deeply you are committed."""
“The people we consider successful in our society are all people that seize every moment and make the best of each situation.”,1,human_quotes,“Those we deem successful in our society are individuals who seize every opportunity and maximize each circumstance.”
"“Professional development is important, but let's not forget about the most important kind of development - personal brand development. Because in the modern workplace, it's not what you know, it's who knows you.”",1,human_quotes,"""Professional growth matters, yet we must also prioritize the most crucial form of growth—personal brand growth. In today's work environment, it's less about what you know and more about who knows you."""
"“Think of the patience God has had for you and let it resonate to others. If you want a more patient world, let patience be your motto”",1,human_quotes,"""Consider the immense patience God has shown toward you, and extend that same patience to others. To cultivate a more patient world, make patience your guiding principle."""
"“Real change is difficult at the beginning, but gorgeous at the end. Change begins the moment you get the courage and step outside your comfort zone; change begins at the end of your comfort zone.”",1,human_quotes,"""True transformation is challenging to start, yet magnificent in its completion. Change commences when you find the bravery to move beyond your comfort zone; it starts where your comfort zone ends."""
"“Although goals are important, having a plan of action is vital to the success of those goals. Having a goal with no plan of action is like wanting to travel to a new destination without having a map.”",1,human_quotes,"""While goals matter, a concrete plan is crucial for achieving them. A goal without a plan is like wanting to reach a new place without a map."""
“Everything is hard before it is easy”,1,human_quotes,"""All things are difficult before they become easy."""
“Let the improvement of yourself keep you so busy that you have no time to criticize others.”,1,human_quotes,"""Keep yourself so occupied with self-improvement that you find no time to judge others."""
"“To achieve career mastery, you must first master yourself. Take the time to assess your strengths, weaknesses, and goals, and then chart a course for success.”",1,human_quotes,"""To master your career, begin by mastering yourself. Dedicate time to evaluate your strengths, weaknesses, and objectives, then map out a path toward achievement."""
"“Scholars, theologians, and even poets have yet to be able to truly describe and touch upon the beauty, romance, and magic of a relationship built on 100% authenticity”",1,human_quotes,"""Scholars, theologians, and poets alike have still not managed to fully capture or convey the beauty, romance, and enchantment of a bond founded on complete authenticity."""
"“At the end of the day, let there be no excuses, no explanations, no regrets.”",1,human_quotes,"“Ultimately, allow no excuses, no justifications, and no remorse.”"
"“I write for the same reason I breathe - because if I didn't, I would die.”",1,human_quotes,"""I write for the same reason I breathe—because without it, I would perish."""
"“A gentleman is someone who does not what he wants to do, but what he should do.”",1,human_quotes,"""A gentleman is one who acts not on his own desires, but on what duty demands."""
“Free yourself from the burden of feeling the need to hold on to anything. Let go... you are a part of everything.”,1,human_quotes,"""Release yourself from the weight of clinging to anything. Surrender... you are woven into the whole."""
"“When you establish a destination by defining what you want, then take physical action by making choices that move you towards that destination, the possibility for success is limitless and arrival at the destination is inevitable.”",1,human_quotes,"“By setting a clear goal of what you desire and then taking tangible steps through decisions that advance you toward it, the potential for success becomes boundless, and reaching that destination becomes certain.”"
"“By reacting from fear instead of responding from love, you inject poison directly into the veins of your relationship.”",1,human_quotes,"""Acting out of fear rather than responding with love poisons the very heart of your connection."""
"“Decide to be fine until the end of the week. Make yourself smile, because you're alive and that's your job. Then do it again the next week. I call it being professional. Do it right, with a smile, or don't do it.”",1,human_quotes,"""Choose to be okay until the week ends. Force a smile, because being alive is your duty. Repeat it the following week. I term that professionalism. Do it properly, with a grin, or don't do it at all."""
"“Although the world is full of suffering, it is full also of the overcoming of it.”",1,human_quotes,"""While the world abounds with suffering, it equally abounds with the triumph over it."""
“It is not enough if you just live life as it comes to you like a floating leaf in a pond. Make use of the powers bestowed in you and soar like an eagle.”,1,human_quotes,"""Merely drifting through life like a leaf on a pond is insufficient. Harness the abilities within you and ascend like an eagle."""
"“The modern job market is like a game of musical chairs. You need to be the one with a chair when the music stops, or you're out of luck.”",1,human_quotes,"""The contemporary employment landscape resembles a round of musical chairs. You must secure a seat when the tune ends, or you'll find yourself out of luck."""
"“They say that the first step to success is setting clear goals. Well, I've got plenty of goals - like finally getting that corner office with a view, and firing my most annoying colleague.”",1,human_quotes,"""They say the first step toward success is defining clear goals. Well, I have plenty of goals—like finally securing that corner office with a view, and dismissing my most irritating colleague."""
"“Do not stop thinking of life as an adventure. You have no security unless you can live bravely, excitingly, imaginatively; unless you can choose a challenge instead of competence.”",1,human_quotes,"""Never cease to view life as an adventure. True security is found only in living with courage, excitement, and imagination; in opting for challenge over mere competence."""
"“The comfort zone is a psychological state in which one feels familiar, safe, at ease, and secure. You never change your life until you step out of your comfort zone; change begins at the end of your comfort zone.”",1,human_quotes,"""The comfort zone is a mental state where one experiences familiarity, safety, ease, and security. Life only transforms when you move beyond your comfort zone; change starts where your comfort zone ends."""
"“Enthusiasm can help you find the new doors, but it takes passion to open them. If you have a strong purpose in life, you don't have to be pushed. Your passion will drive you there.”",1,human_quotes,"""Enthusiasm can lead you to new doors, but passion is what opens them. With a clear purpose in life, you won't need to be pushed forward—your passion will propel you there."""
“To be heroic is to be courageous enough to die for something; to be inspirational is to be crazy enough to live a little.”,1,human_quotes,"""Heroism means having the courage to die for a cause; inspiration lies in the boldness to truly live."""
"“Whatever the mind can conceive and believe, it can achieve.”",1,human_quotes,"“Anything the mind can imagine and trust, it can accomplish.”"
“Never run from the truth. It is always there; it never changes – save your energy.”,1,human_quotes,"""Never flee from reality. The truth is constant; it remains unchanged – conserve your strength."""
"“Look around you. Everything changes. Everything on this earth is in a continuous state of evolving, refining, improving, adapting, enhancing...changing. You were not put on this earth to remain stagnant.”",1,human_quotes,"""Observe your surroundings. All things transform. Every element of this world exists in a perpetual process of development, refinement, advancement, adjustment, enrichment... transformation. You were not placed here to stay motionless."""
"“Let today be the day you stop having conflict between your actions and your goals and finally align your greatest intent with your purposeful actions, creating a universal symphony serenading your success!”",1,human_quotes,"""Let today mark the moment you end the struggle between your deeds and your dreams, harmonizing your deepest aspirations with deliberate steps, orchestrating a cosmic melody that celebrates your achievements!"""
"“People in general would rather die than forgive. It's that hard. If God said in plain language. ""I'm giving you a choice, forgive or die,"" a lot of people would go ahead and order their coffin.”",1,human_quotes,"“Most people would choose death over forgiveness. It’s truly that difficult. If God plainly stated, ‘You must either forgive or die,’ many would simply pick out their casket.”"
"“Pride and power fall when the person falls, but discoveries of truth form legacies that can be built upon for generations.”",1,human_quotes,"""Pride and authority crumble with the individual, yet truths uncovered create enduring legacies for future generations to expand upon."""
"“12--Lose Battles, But Win The War: Grand StrategyGrand strategy is the art of looking beyond the present battle and calculating ahead. Focus on your ultimate goal and plot to reach it.”",1,human_quotes,"""12--Lose Battles, But Win The War: Grand Strategy  
Grand strategy involves looking past the immediate conflict and planning ahead. Keep your ultimate objective in focus and devise a plan to achieve it."""
“In business 'professionalism' is not a tactic but a moral value.”,1,human_quotes,"“In the business world, 'professionalism' is not merely a strategy but an ethical principle.”"
“What good has impatience ever brought? It has only served as the mother of mistakes and the father of irritation.”,1,human_quotes,“What benefit has impatience ever yielded? It has only acted as the source of errors and the root of frustration.”
"“As I naturally go through a full range of emotions in my life, I mustn’t feel ashamed for feeling lost, for it is honest and human to feel such.”",1,human_quotes,"“Experiencing the full spectrum of emotions in life is natural, so I should not be ashamed of feeling lost, as it is both honest and human to have such feelings.”"
“What is the point of being on this Earth if you are going to be like everyone else?”,1,human_quotes,"""Why exist on this planet if you're just going to blend in with everyone else?"""
“Stop waiting for the right person to come into your life. Be the right person to come to someone’s life”,1,human_quotes,"""Cease anticipating the ideal person to enter your life. Instead, strive to become the ideal person who enters someone else's life."""
"“Your limits are somewhere up there, waiting for you to reach beyond infinity.”",1,human_quotes,"""Your boundaries lie just ahead, awaiting your journey past the infinite."""
"“If you can't be brave, be determined. And you'll end up in the same place.”",1,human_quotes,"“If courage eludes you, let resolve guide you. You will still arrive at the same destination.”"
"“For your past, for your flaws, and ultimately for your stress; I judge no one whom I’ve met along the way because in a sense we were all wounded in our own ways.”",1,human_quotes,"""For your history, your imperfections, and ultimately your burdens; I pass no judgment on those I've encountered, for in a way, we have all been wounded in our own manner."""
"“Step out of your comfort zone. Comfort zones, where your unrealized dreams are buried, are the enemies of achievement. Leadership begins when you step outside your comfort zone.”",1,human_quotes,"""Leave your comfort zone behind. These zones, where unfulfilled aspirations lie dormant, are adversaries to success. True leadership emerges only when you venture beyond your comfort zone."""
"“This moment is yours and yours alone! Take charge, seize this moment and allow it to propel you to the high levels of an empowered life. Allow upon this fertile moment to be planted the seeds of your happiness and success.”",1,human_quotes,"""This moment belongs solely to you! Take command, grasp this opportunity and let it drive you toward the elevated realms of a life filled with power. Plant within this fertile instant the seeds of your joy and triumph."""
“Only he who attempts the absurd is capable of achieving the impossible.”,1,human_quotes,"""Only those who dare to attempt the absurd can ever hope to achieve the impossible."""
"“Annual income twenty pounds, annual expenditure nineteen nineteen and six , result happiness.Annual income twenty pounds, annual expenditure twenty pounds ought and six, result misery”",1,human_quotes,"""Yearly earnings of twenty pounds, yearly spending nineteen nineteen and six, outcome contentment. Yearly earnings twenty pounds, yearly spending twenty pounds ought and six, outcome distress."""
“Success necessitates sacrifice.”,1,human_quotes,"""“Achieving success demands making sacrifices.”"""
“There is no tomorrow and there was no yesterday; if you truly want to accomplish your goals you must engulf yourself in today.”,1,human_quotes,"""There is no yesterday and there is no tomorrow; to truly achieve your aims, you must immerse yourself entirely in the present day."""
“Rejection is an opportunity for your selection.”,1,human_quotes,"""Rejection presents a chance for your own choosing."""
“الأحلام التي لا تدفعك للتحدث عنها بشغف هي أحلام ناقصة”,1,human_quotes,"""الأحلام التي لا تلهب حماسك للحديث عنها هي أحلام غير مكتملة"""
“Things do not happen TO you. They happen THROUGH you.You are the co-creator of everything in your reality.”,1,human_quotes,"""Events do not occur TO you. They unfold THROUGH you. You are the joint creator of all that shapes your reality."""
“Be wise today so you don't cry tomorrow.”,1,human_quotes,"""Be prudent today to avoid regret tomorrow."""
"“Make a pact with yourself today to not be defined by your past. Instead, shake things up today! Live through today. Don’t just exist through it - LIVE through it!”",1,human_quotes,"""Today, pledge to yourself that you won't let your past define you. Instead, stir things up! Truly live through today—don't merely exist in it, but fully experience it!"""
“Discipline your mind to see the good in every situation and look on the best side of every event. Discipline your mind to think positively; to see the good in every situation and look on the best side of every event.”,1,human_quotes,"""Train your mind to recognize the positive in all circumstances and focus on the most favorable aspect of each occurrence. Cultivate a habit of optimistic thinking; seek out the good in every situation and emphasize the brightest side of every event."""
“Live life with a purpose and live it full out.”,1,human_quotes,"""Live with intention and embrace life to its fullest."""
"“If you want to find happiness, find gratitude.”",1,human_quotes,"""To discover happiness, one must first cultivate gratitude."""
"“Accept yourself, your strengths, your weaknesses, your truths, and know what tools you have to fulfill your purpose.”",1,human_quotes,"""Embrace yourself—your strengths, your flaws, your truths—and recognize the tools you possess to achieve your purpose."""
"“The strongest people find the courage and caring to help others, even if they are going through their own storm.”",1,human_quotes,"""The most resilient individuals discover the bravery and compassion to aid others, even while weathering their own tempests."""
"“If you hang out with chickens, you're going to cluck and if you hang out with eagles, you're going to fly.”",1,human_quotes,"“If you spend time with chickens, you’ll cluck; if you spend time with eagles, you’ll soar.”"
“The surest way to make your dreams come true is to live them.”,1,human_quotes,"""The most reliable path to realizing your dreams is to live them out."""
“Keep in mind that the true measure of an individual is how he treats a person who can do him absolutely no good.”,1,human_quotes,"""Remember, a person's character is best judged by how they treat someone who can offer them nothing in return."""
"“They say that success is a journey, not a destination. But let's be real, the destination is pretty sweet - especially if it comes with a six-figure salary and a company car.”",1,human_quotes,"""Success is often described as a journey rather than a destination. Yet, let's be honest, reaching that destination feels pretty great—especially when it includes a six-figure income and a company car."""
"“God is whispering in your heart, in the whole existence, just tune your ears.”",1,human_quotes,"“God speaks softly to your soul, throughout all creation—simply attune your hearing.”"
"“The more you believed in yourself, the more you could trust yourself. The more you trust yourself, the less you compare yourself to others.”",1,human_quotes,"""The greater your self-belief, the more you can rely on yourself. The more you rely on yourself, the less you measure yourself against others."""
“Your dream is a reality that is waiting for you to materialize. Today is a new day! Don’t let your history interfere with your destiny! Learn from your past so that it can empower your present and propel you to greatness”,1,human_quotes,"""Your dream is a reality awaiting your realization. Today marks a fresh start! Do not allow your past to hinder your future! Draw lessons from yesterday to strengthen today and drive you toward greatness."""
“It's never too late to change your life for the better. You don't have to take huge steps to change your life. Making even the smallest changes to your daily routine can make a big difference to your life.”,1,human_quotes,"""It's never too late to improve your life. You don't need to make massive leaps to transform your existence. Even minor adjustments to your daily habits can significantly impact your life."""
"“When we replace a sense of service and gratitude with a sense of entitlement and expectation, we quickly see the demise of our relationships, society, and economy.”",1,human_quotes,"“When we substitute a feeling of service and thankfulness with one of entitlement and expectation, we rapidly witness the decline of our relationships, society, and economy.”"
"“In the modern workplace, you gotta be a jack-of-all-trades. Mastering your career is all about being adaptable, versatile, and always learning.”",1,human_quotes,"""In today's professional environment, you need to be a jack-of-all-trades. Succeeding in your career requires adaptability, versatility, and a commitment to continuous learning."""
“Never allow your mind to wander untamed like a wild animal that exists on the basis of survival of the fittest. Tame your mind with consistent focus on your goals and desires.”,1,human_quotes,"""Never let your thoughts roam unchecked, like a wild creature driven by survival alone. Discipline your mind through steady concentration on your aims and aspirations."""
"“The whole value of solitude depends upon oneself; it may be a sanctuary or a prison, a haven of repose or a place of punishment, a heaven or a hell, as we ourselves make it.”",1,human_quotes,"""The worth of solitude lies entirely within us; it can be a refuge or a confinement, a haven of rest or a site of penalty, a paradise or a torment, as we shape it ourselves."""
“Do not let your negative thoughts have power over you because those thoughts will end up controlling your life. No one can live a positive life with a negative mind.”,1,human_quotes,"""Don't allow negative thoughts to dominate you, as they will ultimately take control of your life. A positive existence cannot be achieved with a negative mindset."""
“A lack of clarity could put the brakes on any journey to success.”,1,human_quotes,"""Ambiguity can halt any progress toward achievement."""
"“When you start giving, instead of getting, you make a difference. You can always give a warm smile, a sincere hello, a positive vibe... your attention, your time, your love, and kindness to those around you.”",1,human_quotes,"“By choosing to give rather than take, you create an impact. You can offer a genuine smile, a heartfelt greeting, an uplifting energy... your focus, your moments, your affection, and compassion to those nearby.”"
“Don't give up! It's not over. The universe is balanced. Every set-back bears with it the seeds of a come-back.”,1,human_quotes,"""Never surrender! The battle isn't lost. The cosmos maintains equilibrium. Each defeat carries within it the potential for a triumphant return."""
“We are mathematical equations where your life is the sum of all choices you've made until now. The good news is you can change the equation so that you start making a difference in your life.”,1,human_quotes,"“Your life is like a mathematical equation, formed by the total of all your past decisions. The encouraging part is that you can alter this equation to begin creating meaningful change in your life.”"
“Don't bother just to be better than your contemporaries or predecessors. Try to be better than yourself.”,1,human_quotes,"""Don't merely strive to surpass your contemporaries or those who came before. Aim instead to outdo your own former self."""
"“Most people think the biggest sacrifice, the greates act of love you can give is to die for someone. And probably it is. But Sometimes it is the opposite. The biggest thing you can do for someone is to live.”",1,human_quotes,"""Many believe the ultimate sacrifice, the greatest expression of love, is to die for another. And perhaps it is. Yet sometimes the opposite holds true. The most profound thing you can do for someone is to live."""
“Create a vision for the life you really want and then work relentlessly towards making it a reality.”,1,human_quotes,"""Envision the life you truly desire, then pursue it with unwavering determination until it becomes your reality."""
“Either you run the day or the day runs you..”,1,human_quotes,"""You either control the day, or the day controls you."""
"“Great leaders create more leaders, not followers.”",1,human_quotes,"""True leadership cultivates new leaders rather than mere followers."""
“The spirit of the individual is determined by his dominating thought habits.”,1,human_quotes,“A person’s character is shaped by their prevailing patterns of thought.”
"“You attract who you are being. When you work at being the type of person that you want to attract, you attract those kinds of people into your life.”",1,human_quotes,"""You draw to yourself who you are becoming. By striving to embody the qualities you wish to attract, you bring such individuals into your life."""
"“When you concentrate your energy purposely on the future possibility that you aspire to realize, your energy is passed on to it and makes it attracted to you with a force stronger than the one you directed towards it.”",1,human_quotes,"“By focusing your energy intently on the future possibility you wish to achieve, you transfer that energy to it, drawing it toward you with a force greater than what you initially sent out.”"
"“Integrity is doing what is right and truthful, and doing as you say you would do.”",1,human_quotes,"""Integrity means acting with honesty and following through on your commitments."""
"“It's up to you today to start making healthy choices. Not choices that are just healthy for your body, but healthy for your mind.”",1,human_quotes,"""Today, it's your responsibility to begin choosing what's healthy—not only for your body, but also for your mind."""
"“Instead of worrying about what could go wrong, change your thoughts to what could go right. When you change the negative thought into a positive one, it eliminates the negative one.”",1,human_quotes,"""Rather than dwelling on potential failures, shift your focus to possible successes. Transforming negative thoughts into positive ones naturally dispels the negativity."""
“Cry. Forgive. Learn. Move on. Let your tears water the seeds of your future happiness.”,1,human_quotes,“Weep. Absolve. Grow. Advance. Allow your sorrow to nurture the roots of your coming joy.”
“You are the average of the five people you spend the most time with.”,1,human_quotes,“You become like the five individuals you associate with most frequently.”
"“Happiness is not the absence of problems, it's the ability to deal with them.”",1,human_quotes,"""Happiness does not mean having no problems; it is the capacity to handle them."""
"“With a hint of good judgment, to fear nothing, not failure or suffering or even death, indicates that you value life the most. You live to the extreme; you push limits; you spend your time building legacies. Those do not die.”",1,human_quotes,"""With a touch of wisdom, to fear nothing—not failure, pain, nor even death—shows you cherish life most deeply. You live to the fullest; you test boundaries; you invest your days in creating legacies. These do not perish."""
“Live the Life of Your Dreams: Be brave enough to live the life of your dreams according to your vision and purpose instead of the expectations and opinions of others.”,1,human_quotes,"""Embrace the Life You Imagine: Have the courage to live according to your own vision and purpose, rather than conforming to the expectations and judgments of others."""
“You are essentially who you create yourself to be and all that occurs in your life is the result of your own making.”,1,human_quotes,"""You are fundamentally the person you shape yourself into, and everything that happens in your life stems from your own creation."""
"“Once we open our eyes to the infinite magic that the universe has in abundance, we are sure to be enthralled by what we see and this miraculous creation gets us closer to our dreams and to the world as a whole.”",1,human_quotes,"“Once we open our eyes to the boundless magic the universe offers in abundance, we are certain to be captivated by what we behold, and this wondrous creation draws us nearer to our dreams and to the world at large.”"
"“If you're not driving business growth and profitability, then you might as well be a houseplant. So get out there and make some money, honey!”",1,human_quotes,"""If you aren't boosting business growth and profits, you might as well be a potted plant. So go out there and earn some cash, sweetheart!"""
"“Simplify your life. You don't grow spiritual, you shrink spiritual.”",1,human_quotes,"""Simplify your existence. You don't expand spiritually; you contract spiritually."""
“Stop doing what is easy. Start doing what is right.”,1,human_quotes,"""Cease pursuing what is effortless. Begin undertaking what is just."""
"“The value of surrounding yourself with positive people is not what you get from them, but how good a person you have become because of them.”",1,human_quotes,"“The worth of keeping positive company lies not in what they give you, but in the better person you become through their influence.”"
“Prepare yourself for success. You have to see it coming to get there.”,1,human_quotes,"""Get ready for achievement. You must envision it arriving to reach that point."""
"“In the face of adversity, we have a choice. We can be bitter, or we can be better. Those words are my North Star.”",1,human_quotes,"“When confronted with hardship, we face a decision. We can grow resentful, or we can grow stronger. That phrase serves as my guiding light.”"
“You have to lift a person up before you can really put them in their place.”,1,human_quotes,"""You must elevate someone before you can truly put them in their proper place."""
“You are what you believe in. You become that which you believe you can become”,1,human_quotes,"""You become what you believe. You turn into the person you believe you can be."""
"“To assess the quality of thoughts of people, don't listen to their words, but watch their actions.”",1,human_quotes,"“To judge the quality of someone’s thinking, do not heed their words, but observe their deeds.”"
"“When things do not go your way, remember that every challenge — every adversity — contains within it the seeds of opportunity and growth.”",1,human_quotes,"""When circumstances don't align with your plans, recall that each difficulty — every setback — holds within it the potential for new possibilities and personal development."""
"“How would your life be different if...You stopped focusing on what you didn’t want and started focusing on what you do want? Let today be the day...You establish a clear intent, make a plan, and take actions towards your intent.”",1,human_quotes,"""What if your life changed by shifting focus from what you don't want to what you truly desire? Let today mark the moment...You set a clear intention, create a plan, and move forward with purposeful steps."""
“How would your life be different if...You didn’t allow yourself to be defined by your past? Let today be the day...You stop letting your history interfere with your destiny and awaken to the opportunity to release your greatest self.”,1,human_quotes,“What if your life changed by...not letting your past define you? Make today the moment...you cease allowing your history to hinder your future and awaken to the chance to unleash your truest potential.”
"“Be silent and safe — silence never betrays you; Be true to your word and your work and your friend; Put least trust in him who is foremost to praise you,Nor judge of a road till it draw to the end.”",1,human_quotes,"""Stay quiet and secure — silence never reveals you; Remain faithful to your promise, your labor, and your companion; Place the least faith in the one who is quickest to commend you, Nor assess a path until it reaches its conclusion."""
"“Just like your body and lifestyle can be healthy or unhealthy, the same is true with your beliefs. Your beliefs can be your medicine or your poison.”",1,human_quotes,"""Just as your physical health and habits can be beneficial or harmful, so too can your beliefs. They have the power to heal you or to harm you."""
"“Holding a grudge & harboring anger/resentment is poison to the soul. Get even with people...but not those who have hurt us, forget them, instead get even with those who have helped us.”",1,human_quotes,"""Holding onto bitterness and resentment poisons the spirit. Seek to repay others...not those who have wronged you—forget them—but rather, repay those who have shown you kindness."""
“Do not compromise yourself and put your goodness in the same impermanent category as whatever circumstance happening. Be the best you in every circumstance.”,1,human_quotes,"""Never diminish your own worth by tying your virtue to fleeting situations. Strive to embody your highest self, regardless of the circumstances you face."""
"“While spirituality provides an efficient and endless fuel for your mind and body, you must burn that fuel with human action towards your goals, dreams, and desires.”",1,human_quotes,"""Spirituality offers an abundant and constant energy for your mind and body, yet you must ignite that energy through purposeful human effort directed at your goals, dreams, and desires."""
"“Start shaping your own day. Start walking your own walk. This journey is yours, take charge of it. Stop giving other people the power to shape your life.”",1,human_quotes,"""Begin crafting your own day. Begin walking your own path. This journey belongs to you, so take control. Cease allowing others the authority to mold your life."""
“Let go of something old that no longer serves you in order to make room for something new.”,1,human_quotes,"""Release what is outdated and no longer beneficial to create space for fresh beginnings."""
“It doesn't matter what you did or where you were...it matters where you are and what you're doing. Get out there! Sing the song in your heart and NEVER let anyone shut you up!!”,1,human_quotes,"""“It doesn't matter what you've done or where you've been...what matters is where you are now and what you're doing. Go out there! Sing the song in your heart and NEVER allow anyone to silence you!!”"""
"“When you start something, make sure that you're willing to take the time to finish it right because, honey, the work you put into it will be more than worth it in the end. The best things always are.”",1,human_quotes,"""Once you begin something, ensure you're prepared to invest the time to complete it properly, because, dear, the effort you dedicate will prove more than worthwhile in the end. The finest things always are."""
“How much you can learn when you fail determines how far you will go into achieving your goals.”,1,human_quotes,"""The extent to which you learn from failure shapes how far you'll progress toward your goals."""
"“To have what you have never had, you have to do what you have never done.”",1,human_quotes,"“To attain what you've never possessed, you must undertake what you've never attempted.”"
“You never change your life until you step out of your comfort zone; change begins at the end of your comfort zone.”,1,human_quotes,"""Life only transforms when you leave your comfort zone; true change starts where your comfort ends."""
“Today stretches ahead of you waiting to be shaped. You are the sculptor who gets to do the shaping. What today will be like is up to you.”,1,human_quotes,"“The day ahead awaits your touch, ready to be molded. You are the artist who shapes it. How today unfolds depends entirely on you.”"
"“Success is not just about what you achieve, but also about how you impact others. Be a leader, inspire those around you, and leave a lasting legacy.”",1,human_quotes,"""Success isn't solely measured by personal achievements, but also by the influence you have on others. Lead by example, motivate those nearby, and create an enduring legacy."""
“Accepting personal responsibility for your life frees you from outside influences – increases your self-esteem – boosts confidence in your ability to decisions – and ultimately leads to achieve success in life.”,1,human_quotes,"""Taking personal responsibility for your life liberates you from external pressures, enhances your self-worth, strengthens trust in your decision-making abilities, and ultimately paves the way to achieving success in life."""
"“Most people fail in life not because they aim too high and miss, but because they aim too low and hit.”",1,human_quotes,"""Many individuals do not succeed in life because they set their sights too low and achieve them, rather than aiming high and falling short."""
“Maturity is when you stop complaining and making excuses in your life; you realize everything that happens in life is a result of the previous choice you’ve made and start making new choices to change your life.”,1,human_quotes,"""Maturity is when you cease complaining and making excuses; you understand that everything in life stems from your past decisions and begin making new choices to transform your life."""
"“My past has not defined me, destroyed me, deterred me, or defeated me; it has only strengthened me.”",1,human_quotes,"""My history has not shaped me, shattered me, sidetracked me, or subdued me; it has solely fortified me."""
"“Orang yang tidak pernah dibakar panas mentari, mustahil menghargai rimbun berteduh - peribahasa Turki.”",1,human_quotes,"""“Seseorang yang tak pernah merasakan terik matahari, takkan mampu menghargai teduhnya naungan - sebuah pepatah Turki.”"""
"“Your hopes, dreams and aspirations are legitimate. They are trying to take you airborne, above the clouds, above the storms, if you only let them.”",1,human_quotes,"""Your hopes, dreams, and aspirations are valid. They seek to lift you skyward, beyond the clouds and past the storms, if you simply allow them."""
“You can have everything you want if you can put your heart and soul into everything you do.”,1,human_quotes,"""You can achieve anything you desire by dedicating your heart and soul to all that you undertake."""
"“Interrupt your thoughts of ""I should"", with your action of doing.”",1,human_quotes,"""Disrupt your 'I should' thinking by taking action instead."""
"“It’s only after you’ve stepped outside your comfort zone that you begin to change, grow, and transform.”",1,human_quotes,"""You only start to change, grow, and transform once you've moved beyond your comfort zone."""
“You can't just wish change; you have to live the change in order for it to become a reality.”,1,human_quotes,"""You cannot simply desire change; you must embody it for change to truly manifest."""
"“It is better to find your courage to make changes when you can choose to rather than being forced to. If you do not make change, change will make you.”",1,human_quotes,"""It is wiser to summon the courage to change while you still have the choice, rather than being compelled to later. If you do not initiate change, change will inevitably shape you."""
"“Each day brings new opportunities, allowing you to constantly live with love—be there for others—bring a little light into someone's day. Be grateful and live each day to the fullest.”",1,human_quotes,"""Every day offers fresh chances to live with love—support others—and brighten someone's day. Stay thankful and make the most of each moment."""
"“Plant seeds of happiness, hope, success, and love; it will all come back to you in abundance. This is the law of nature.”",1,human_quotes,"""Sow seeds of joy, hope, achievement, and affection; they will return to you plentifully. Such is nature's law."""
"“Those with a grateful mindset tend to see the message in the mess. And even though life may knock them down, the grateful find reasons, if even small ones, to get up.”",1,human_quotes,"""People who cultivate gratitude often discover meaning within chaos. Even when life knocks them down, they find reasons, however small, to rise again."""
"“If you are not the hero of your own story, then you're missing the whole point of your humanity.”",1,human_quotes,"""If you aren't the protagonist of your own life, then you've lost sight of what it truly means to be human."""
“Don't be distracted by criticism. Remember ~ the only taste of success some people have is when they take a bite out of you.”,1,human_quotes,"""Do not let criticism divert your focus. Keep in mind ~ for some individuals, the sole flavor of achievement they experience comes from taking a bite out of you."""
"“You are where you are and what you are because of yourself, nothing else. Nature is neutral. Nature doesn't care. If you do what other successful people do, you will enjoy the same results and rewards that they do. And if you don't, you won't.”",1,human_quotes,"""You are where you are and what you are due to your own actions, nothing else. Nature remains impartial and indifferent. If you follow the same practices as successful individuals, you will achieve similar outcomes and rewards. Conversely, if you do not, you will not."""
"“The problem isn’t that I think so highly of myself. It is just that you think so little of yourself. Live life BIG, BOLD and OUT LOUD!”",1,human_quotes,"“The issue isn’t that I hold myself in such high regard. It’s simply that you hold yourself in such low esteem. Live life LARGE, BRAVE, and UNASHAMED!”"
"“Make the choice to embrace this day. Do not let your TODAY be stolen by the ghost of yesterday or the ""To-Do"" list of tomorrow! It’s inspiring to see all the wonderfully amazing things that can happen in a day in which you participate.”",1,human_quotes,"""Choose to fully embrace today. Don't allow your PRESENT to be taken by yesterday's shadows or tomorrow's tasks! It's uplifting to witness all the incredible possibilities that unfold when you actively engage with the day."""
"“Don't wait for the right moment to start, start and make each moment right.”",1,human_quotes,"""Don't wait for the perfect moment to begin; begin and create the rightness in every moment."""
“Self-confidence is contagious.”,1,human_quotes,"""Confidence spreads like a ripple."""
"“Align yourself with people that you can learn from, people who want more out of life, people who are stretching and searching and seeking some higher ground in life.”",1,human_quotes,"""Surround yourself with individuals from whom you can gain knowledge, those who aspire for greater things in life, who are pushing their limits and pursuing a more elevated existence."""
"“You were put on this earth to achieve your greatest self, to live out your purpose, and to do it courageously.”",1,human_quotes,"""You were placed here to realize your highest potential, to fulfill your destiny, and to pursue it with bravery."""
"“Do not let the memories of your past limit the potential of your future. There are no limits to what you can achieve on your journey through life, except in your mind.”",1,human_quotes,"""Do not allow your past experiences to constrain the possibilities of your future. There are no boundaries to what you can accomplish in life's journey, except those you set in your own mind."""
"“Become the leader of your life. Lead yourself to where you want to be. Breathe life back into your ambitions, your desires, your goals, your relationships.”",1,human_quotes,"""Take charge of your own life. Guide yourself toward your desired destination. Rekindle the fire within your ambitions, your dreams, your objectives, and your connections."""
“Don't confuse poor decision-making with destiny. Own your mistakes. It’s ok; we all make them. Learn from them so they can empower you!”,1,human_quotes,"""Don't mistake bad choices for fate. Take responsibility for your errors. It's fine; everyone makes them. Learn from these experiences so they can strengthen you!"""
"“It's funny how, in this journey of life, even though we may begin at different times and places, our paths cross with others so that we may share our love, compassion, observations, and hope. This is a design of God that I appreciate and cherish.”",1,human_quotes,"“It’s amusing how, along life’s journey, though we start at varied moments and locations, our ways intersect with others, allowing us to exchange love, kindness, insights, and hope. This is a design of God that I value and hold dear.”"
"“Reading the Bible will help you get to know the word, but it’s when you put it down and live your life that you get to know the author.”",1,human_quotes,"""Studying the Bible introduces you to the text, but it is in setting it aside and living out your days that you truly come to know its author."""
“Don't be pushed around by the fears in your mind. Be led by the dreams in your heart.”,1,human_quotes,"""Don't let the fears in your mind push you around. Instead, be guided by the dreams in your heart."""
“Shine your light and make a positive impact on the world; there is nothing so honorable as helping improve the lives of others.”,1,human_quotes,“Let your light shine and positively influence the world; nothing is more honorable than aiding others to better their lives.”
"“Make a pact with yourself today to not be defined by your past. Sometimes the greatest thing to come out of all your hard work isn't what you get for it, but what you become for it. Shake things up today! Be You...Be Free...Share.”",1,human_quotes,"""Commit today to not letting your past define you. Often, the most valuable outcome of your efforts isn't what you gain, but who you grow into. Stir things up today! Be yourself...Be liberated...Share."""
"“What do you think will be more effective when it comes to succeeding, believing you can or KNOWING you will? Let today be the last day you took timid steps of belief and start taking confident steps of purpose-driven knowing!”",1,human_quotes,“Which is more powerful for achieving success: believing you can or KNOWING you will? Let today mark the end of hesitant steps rooted in belief and the beginning of confident strides fueled by purposeful knowing!”
“The realisation that limitations are imaginary will make you strong and overpowering.”,1,human_quotes,"""The understanding that boundaries are merely illusions will render you powerful and dominant."""
“You can lose your MONEY. You can lose your FRIENDS. You can lose your JOB and you can lose your MARRIAGE...and still recover...as long as there is HOPE. Never lose HOPE.”,1,human_quotes,"""You can lose your WEALTH. You can lose your COMPANIONS. You can lose your CAREER and you can lose your PARTNER...yet still rebound...provided HOPE remains. Never surrender HOPE."""
"“Don't just climb the corporate ladder, master it! And if anyone tries to push you off, show them who's boss and climb even higher.”",1,human_quotes,"""Don't merely ascend the corporate ladder—command it! And if someone attempts to knock you down, prove your dominance and rise even further."""
“Don't wish it were easier. Wish you were better.”,1,human_quotes,"""Don't hope for simpler times. Hope to become stronger yourself."""
"“We have been called to heal wounds, to unite what has fallen apart, and to bring home those who have lost their way.”",1,human_quotes,"“We are summoned to mend wounds, to reunite what has been broken, and to guide back those who have strayed.”"
“The only way of discovering the limits of the possible is to venture a little way past them into the impossible.”,1,human_quotes,"""The sole method to uncover the boundaries of what is possible is to venture slightly beyond them into the realm of the impossible."""
“How would your life be different if...You walked away from gossip and verbal defamation? Let today be the day...You speak only the good you know of other people and encourage others to do the same.”,1,human_quotes,"""How might your life change if...you chose to step back from gossip and harmful words? Let today mark the moment...you voice only the kindness you see in others and inspire them to follow your lead."""
"“Believe in yourself. You are braver than you think, more talented than you know, and capable of more than you imagine.”",1,human_quotes,"""Trust in yourself. You possess more courage than you realize, greater talent than you acknowledge, and the ability to achieve beyond what you envision."""
"“Every choice comes with a consequence. Once you make a choice, you must accept responsibility. You cannot escape the consequences of your choices, whether you like them or not.”",1,human_quotes,"""Every decision carries its own outcome. Once a choice is made, you must own the responsibility. You cannot avoid the results of your decisions, whether they please you or not."""
“Incredible change happens in your life when you decide to take control of what you do have power over instead of craving control over what you don't.”,1,human_quotes,"""Remarkable transformation occurs in your life when you choose to master what you can influence, rather than longing for control over what you cannot."""
“There's only one thing that will make them stop hating you. And that's being so good at what you do that they can't ignore you.”,1,human_quotes,"""There is but a single way to make them cease their hatred: become so exceptionally skilled that they cannot possibly disregard you."""
“Stop comparing yourself to others. Always strive to improve yourself to become better today than you were yesterday to serve those around you and the world.”,1,human_quotes,"""Cease measuring yourself against others. Continuously work on self-improvement to be better today than you were yesterday, in order to serve those around you and the wider world."""
"“Challenge and adversity are meant to help you know who you are. Storms hit your weakness, but unlock your true strength.”",1,human_quotes,"""Challenges and hardships are designed to reveal your true self. Storms test your vulnerabilities, yet they also unleash your deepest strengths."""
"“Not all dreamers are winners, but all winners are dreamers. Your dream is the key to your future. The Bible says that, ""without a vision (dream), a people perish."" You need a dream, if you're going to succeed in anything you do.”",1,human_quotes,"""Not every dreamer becomes a winner, but every winner begins as a dreamer. Your dream unlocks your future. As the Bible states, 'Without a vision (a dream), the people perish.' To succeed in any endeavor, you must first have a dream."""
"“Don't fear failure. — Not failure, but low aim, is the crime. In great attempts it is glorious even to fail.”",1,human_quotes,"""Do not dread failure. — It is not failure, but setting your sights too low, that is the true wrongdoing. In noble endeavors, even to fall short is a worthy achievement."""
"“As with all other aspects of the narrative art, you will improve with practice, but practice will never make you perfect. Why should it? What fun would that be?”",1,human_quotes,"“Just like every other facet of storytelling, you’ll get better with practice, but practice won’t ever make you flawless. Why would it? Where’s the enjoyment in that?”"
"“If it is bread that you seek, you will have bread. If it is the soul you seek, you will find the soul. If you understand this secret, you know you are that which you seek.”",1,human_quotes,"“If you desire bread, bread will be yours. If you seek the soul, the soul will be found. Grasp this truth, and you realize you are what you seek.”"
"“We have come here together so that you might know, through virtue of your own pain, your own hopelessness, your own fear, your own darkness and the lie of powerlessness, the very actual power of your own will, of the will of your soul.”",1,human_quotes,"“We have gathered here so that you may understand, through experiencing your own suffering, your own despair, your own dread, your own shadows and the falsehood of helplessness, the true strength of your own will, of the spirit’s resolve.”"
"“Love is as simple as the absence of self given to another. God, when invited, fills the void of any unrequited love; hence loving is how one is drawn closer to God no matter its most horrific repercussions.”",1,human_quotes,"""Love is essentially the surrender of self to another. When God is welcomed, He fills the emptiness of any love not returned; thus, loving draws one nearer to God, regardless of its most terrible consequences."""
"“When I face the desolate impossibility of writing five hundred pages, a sick sense of failure falls on me, and I know I can never do it. Then gradually, I write one page and then another. One day's work is all I can permit myself to contemplate.”",1,human_quotes,"“When confronted with the daunting task of composing five hundred pages, a profound sense of futility overwhelms me, and I feel certain it cannot be done. Yet slowly, I manage one page, then another. I allow myself to focus only on the work of a single day.”"
"“If you want to achieve career mastery, then you need to be willing to put in the work. But don't worry, the view from the top is totally worth it.”",1,human_quotes,"""To master your career, you must be prepared to dedicate the effort. Yet rest assured, the perspective from the summit is truly rewarding."""
"“The reason many people in our society are miserable, sick, and highly stressed is because of an unhealthy attachment to things they have no control over.”",1,human_quotes,"""Many individuals in our society suffer from misery, illness, and high stress due to an unhealthy fixation on matters beyond their control."""
"“I promise you nothing is as chaotic as it seems. Nothing is worth diminishing your health. Nothing is worth poisoning yourself into stress, anxiety, and fear.”",1,human_quotes,"“I assure you, nothing is as disordered as it appears. Nothing merits compromising your well-being. Nothing justifies filling yourself with stress, anxiety, and dread.”"
“Sometimes letting go is simply changing the labels you place on an event. Looking at the same event with fresh eyes.”,1,human_quotes,"""Releasing the past can be as simple as renaming the story you tell about it. Viewing the same moment through a new lens."""
"“Renew, release, let go. Yesterday’s gone. There’s nothing you can do to bring it back. You can’t “should’ve” done something. You can only DO something. Renew yourself. Release that attachment. Today is a new day!”",1,human_quotes,"""Renew, release, and let go. Yesterday is over. There's no way to retrieve it. You can't dwell on what you 'should have' done. You can only take action now. Refresh yourself. Free that attachment. Today is a fresh start!"""
“7 Effective Ways to Make Others Feel Important 1. Use their name.2. Express sincere gratitude.3. Do more listening than talking.4. Talk more about them than about you.5. Be authentically interested.6. Be sincere in your praise.7. Show you care.”,1,human_quotes,"""7 Effective Methods to Make Others Feel Valued 1. Use their name. 2. Offer genuine thanks. 3. Listen more than you speak. 4. Focus conversation on them, not yourself. 5. Show authentic interest. 6. Give sincere compliments. 7. Demonstrate that you care."""
“How would your life be different if...You pretended those around you were deaf to your words? Let today be the day...You let your actions speak and communicate your feelings and intentions.”,1,human_quotes,“What if you imagined those around you couldn’t hear your words? How might your life change? Let today be the day…you allow your actions to express your feelings and intentions.”
"“People are always blaming their circumstances for what they are. I don't believe in circumstances. The people who get on in this world are the people who get up and look for the circumstances they want, and if they can't find them, make them.”",1,human_quotes,"""People often attribute their situation to external conditions. I reject that notion. Those who succeed in life are the ones who actively seek out the conditions they desire, and if those conditions don't exist, they create them."""
"“Great Leaders Create More LeadersGood leaders have vision and inspire others to help them turn vision into reality. Great leaders create more leaders, not followers. Great leaders have vision, share vision, and inspire others to create their own.”",1,human_quotes,"""Exceptional leaders cultivate more leaders. While good leaders possess vision and motivate others to realize it, truly great leaders go further: they share their vision and empower others to develop and lead with their own."""
"“Make the most of the best and the best of the worst, and keep your standards high. Never settle for anything less than you deserve or are capable of achieving.”",1,human_quotes,"""Strive to maximize the best and optimize the worst, while upholding high standards. Never accept anything beneath what you merit or can accomplish."""
“Do not let arrogance go to your head and despair to your heart; do not let compliments go to your head and criticisms to your heart; do not let success go to your head and failure to your heart.”,1,human_quotes,"""Let not arrogance inflate your mind nor despair weigh down your spirit; allow neither praise to swell your head nor blame to burden your heart; permit neither triumph to cloud your thoughts nor defeat to darken your soul."""
"“The harder you fall, the heavier your heart; the heavier your heart, the stronger you climb; the stronger you climb, the higher your pedestal.”",1,human_quotes,"""The deeper the fall, the heavier the heart; the heavier the heart, the mightier the ascent; the mightier the ascent, the loftier the pedestal."""
"“Everything can be taken from a man but one thing: the last of the human freedoms—to choose one’s attitude in any given set of circumstances, to choose one’s own way.”",1,human_quotes,"“One thing alone cannot be taken from a person: the final human freedom—to select one’s attitude in any situation, to determine one’s own path.”"
"“A very small percentage of the people in this world will actually experience and live today. So many people will be stuck on another day, another time that traumatized them and caused them to spiritually stutter so they miss out on this day.”",1,human_quotes,"""Only a tiny fraction of individuals truly experience and live in the present moment. Many remain trapped in another day, a past time that wounded them and caused a spiritual hesitation, making them miss out on today."""
"“Too often we underestimate the power of a touch, a smile, a kind word, a listening ear, an honest accomplishment, or the smallest act of caring, all of which have the potential to turn a life around.”",1,human_quotes,"""We frequently overlook the impact of a gentle touch, a warm smile, a compassionate word, an attentive ear, a genuine achievement, or even the slightest gesture of concern—each capable of transforming someone's life."""
"“Surround Yourself with People Who Believe in Your Dreams:Surround yourself with people who believe in your dreams, encourage your ideas, support your ambitions, and bring out the best in you.”",1,human_quotes,"""Surround Yourself with Those Who Believe in Your Dreams: Choose to be around individuals who have faith in your aspirations, motivate your concepts, back your goals, and help you realize your fullest potential."""
"“I must admit, that I have learned more from my negative experiences than I have ever learned from my positive one.”",1,human_quotes,"“I must confess, I have gained more insight from my failures than I ever have from my successes.”"
"“Success is not how high you have climbed, but how you make a positive difference to the world.”",1,human_quotes,"""Success is measured not by the heights you've reached, but by the positive impact you create in the world."""
“Notice the difference between being in control and needing control.”,1,human_quotes,"""Observe the distinction between having command and requiring control."""
“The price tag you put on yourself decides your worth. Underestimating yourself will cost you dearly.”,1,human_quotes,“The value you assign to yourself determines your worth. Undervaluing yourself will come at a high price.”
"“Don’t let others tell you what you can’t do. Don't let the limitations of others limit your vision. If you can remove your self-doubt and believe in yourself, you can achieve what you never thought possible.”",1,human_quotes,"""Do not allow others to define your limits. Do not permit their constraints to narrow your perspective. By casting aside self-doubt and trusting in your own abilities, you can accomplish things you once deemed impossible."""
“Good people see the good and bring out the best in other people.”,1,human_quotes,"""Kind individuals recognize goodness and inspire the finest qualities in others."""
"“Live the Life of Your DreamsWhen you start living the life of your dreams, there will always be obstacles, doubters, mistakes and setbacks along the way. But with hard work, perseverance and self-belief there is no limit to what you can achieve.”",1,human_quotes,"""“Live Your Dream LifeWhen you begin pursuing the life of your dreams, you will inevitably face hurdles, skeptics, errors, and setbacks. Yet through dedication, persistence, and confidence in yourself, there are no bounds to what you can accomplish.”"""
“Courage is not only about finding bravery for ourselves. It is also about helping others find theirs.”,1,human_quotes,“Courage isn't just about discovering our own bravery. It's also about aiding others in uncovering theirs.”
“We are exactly what our history made us to be.”,1,human_quotes,“Our identity is precisely shaped by the course of our past.”
“You‘ve been given the innate power to shape your life.”,1,human_quotes,“You possess the inherent ability to craft your own destiny.”
“Are you going to allow the world around you to change while you remain stagnant? Make this the time you throw away old habits that have hindered your happiness and success and finally allow your greatest self to flourish.”,1,human_quotes,"“Will you watch the world evolve while you stay the same? Now is the moment to discard the old patterns that have blocked your joy and achievements, and let your finest self truly thrive.”"
"“You Are the Master of Your AttitudeYou cannot control what happens to you, but you can control the way you think about all the events. You always have a choice. You can choose to face them with a positive mental attitude.”",1,human_quotes,"""You Control Your Own AttitudeWhile you can't control external events, you can control your perspective toward them. The choice is always yours. You have the power to approach situations with a positive mindset."""
"“The face is the mirror of the mind, and eyes without speaking confess the secrets of the heart.”",1,human_quotes,"""The countenance reflects the soul, and silent eyes reveal the heart's hidden truths."""
“You are the point of origin for everything in your world: you set the standard for yourself.”,1,human_quotes,"""You are the starting point for all things in your world: you establish your own benchmark."""
“Choice forms the divider which is responsible for the formation of all futures that can be possible.”,1,human_quotes,"""Choice creates the division that shapes every possible future."""
“Your circumstances do NOT define you. Expect a GRAND finale.”,1,human_quotes,"""Your situation does NOT determine who you are. Anticipate a MAJOR conclusion."""
“Love is perhaps the only emotions that is boundless”,1,human_quotes,"""Love may be the sole emotion that knows no limits."""
"“Music shouldn't be just a tune, it should be a touch.”",1,human_quotes,"""Music should be more than a melody; it should be a feeling."""
"“If you have to ask if you’ve done enough, you haven’t. Each day brings with it the opportunity to do more than you did yesterday.”",1,human_quotes,"""If you need to question whether you've done enough, you haven't. Every day presents a chance to surpass what you accomplished the day before."""
“Faith UP! Your purpose is GREATER than all your PROBLEMS.”,1,human_quotes,"""“Keep your faith STRONG! Your mission is BIGGER than any CHALLENGE you face.”"""
"“We all make mistakes, have struggles, and even regret things in our past. But you are not your mistakes, you are not your struggles, and you are here NOW with the power to shape your day and your future.”",1,human_quotes,"“Everyone errs, faces challenges, and may even carry regrets from the past. Yet your mistakes do not define you, nor do your hardships. You are here in this moment, equipped with the ability to mold both today and what lies ahead.”"
"“Whenever we take a stand, we invite others who are siting on the sidelines to join us.”",1,human_quotes,"""Whenever we take a stand, we encourage those who are watching from the sidelines to stand with us."""
"“Remember diamonds are created under pressure so hold on, it will be your time to shine soon.”",1,human_quotes,"""Just as diamonds form under immense pressure, keep persevering—your moment to shine is near."""
“I would rather live short and right then long and wrong.”,1,human_quotes,"""I would prefer a brief life lived with integrity over a lengthy one spent in error."""
“A failure is always in the passenger seat in his or her life.”,1,human_quotes,"""Failure always rides as a passenger in one's own life."""
“Luck is a word the bitter teach to the ignorant.”,1,human_quotes,"""Fortune is a term the resentful impart to the uninformed."""
“Always have a 'Plan C”,1,human_quotes,"""Always keep a 'Plan C' ready."""
"“Whatever you do, do something positive.”",1,human_quotes,"""Whatever you choose to do, make it a constructive action."""
"“Ability, experience and books have solution for all the problems.”",1,human_quotes,"""Ability, experience, and books offer solutions to every problem."""
"“Never stop acquiring the commonsense, it is as good as the knowledge.”",1,human_quotes,"""Never cease acquiring common sense; it is as valuable as knowledge."""
“The time has come to harness the blessed power within us and to use it to transcend from our current existence into a more empowered reality.”,1,human_quotes,"“Now is the moment to channel the divine energy within, elevating our present state into a more potent and realized existence.”"
“Uncertainty will always be part of the taking charge process.”,1,human_quotes,"""Uncertainty is an inherent aspect of assuming leadership."""
"“It is in the balancing of your spirituality with your humanity that you will find immeasurable happiness, success, good health, and love.”",1,human_quotes,"“By harmonizing your spiritual essence with your human nature, you will discover boundless joy, achievement, wellness, and affection.”"
“Fear has the role we give it. We are able to empower or poison ourselves to whatever degree we want. This is the beauty of our design.”,1,human_quotes,“Fear holds the power we assign to it. We can either strengthen or harm ourselves to any extent we choose. This is the elegance of our nature.”
“A barrier is a limitation only when you perceive it as one.”,1,human_quotes,"""A limitation exists only when you view it as a barrier."""
“A belief is simply a thought that seems true to YOU.”,1,human_quotes,“A belief is just a thought that feels true to YOU.”
"“Don't use yesterday's state of mind, to make today's decision.”",1,human_quotes,"""Don't let yesterday's mindset dictate today's choices."""
"“The more clouds you have in your sky, the more colorful sunset it will be.”",1,human_quotes,"“The greater the number of clouds in your sky, the more vibrant the sunset will appear.”"
“Everyone has moments of weakness. But that doesn't make you weak.”,1,human_quotes,"“Everyone experiences moments of vulnerability. Yet, that does not define you as weak.”"
“You would not be here TODAY if YESTERDAY was your defining moment. LIVE THIS DAY and move towards your dreams.”,1,human_quotes,"""You wouldn't be here NOW if your PAST defined you. EMBRACE TODAY and step closer to your aspirations."""
"“Five years from today, you will be the same person that you are today, except for the books you read and the people you meet.”",1,human_quotes,"“In five years, you will remain largely unchanged, save for the books you’ve read and the people you’ve encountered.”"
"“If you dare take the challenge, you will possess the courage to conquer.”",1,human_quotes,"""To accept the challenge is to embrace the bravery needed to prevail."""
“The difference between being mediocre and achieving excellence is you.”,1,human_quotes,"""The distinction between mediocrity and greatness lies within you."""
"“To be happy, you have to risk being unhappy.”",1,human_quotes,"""To find happiness, you must be willing to face unhappiness."""
"“If the world is a book, are you the hero, or just a walk-on part?”",1,human_quotes,"“If life were a story, would you be the protagonist or merely a background character?”"
"“We, as human beings, enjoy freedom of choice.Your attitude is your choice!”",1,human_quotes,"“We, as humans, possess the freedom to choose. Your attitude is a choice you make!”"
“Viața nu e suport pentru artă. Invers stau lucrurile.”,1,human_quotes,"""Arta nu există pentru viață. Este exact invers."""
“A story meant to motivate all and sundry irrespective of their circumstances”,1,human_quotes,"""A tale crafted to inspire everyone, regardless of their situation in life."""
“I have learned that the harder you fall...the higher you bounce!”,1,human_quotes,"""I've discovered that the deeper you fall...the higher you'll rise!"""
“Pursue your goal. Opinions be damned.”,1,human_quotes,"""Chase your ambitions. Let judgments fall by the wayside."""
“You will never get everything in life but you will get enough.”,1,human_quotes,"""You won't have everything in life, yet you will have what is sufficient."""
"“A cord that remains, always. in many ways...”",1,human_quotes,"“A thread that endures, forever. in countless forms...”"
“I want every girl in the world to pick up a guitar and start screaming.”,1,human_quotes,“I hope every girl across the globe grabs a guitar and lets out a roar.”
"“The future is greatly different than your life now, the actions that you take must also be greatly different. You cannot do the same thing and get something different.”",1,human_quotes,"""The future will be vastly unlike your present life, so your actions must also change significantly. You cannot repeat the same actions and expect a different outcome."""
"“The difference between those who adapted and those who didn't, Gorton said, was a willingness to totally commit.”",1,human_quotes,“Gorton noted that the distinction between those who adapted and those who didn’t lay in a readiness to fully dedicate themselves.”
“The world is my church. My actions are my prayer. My behavior is my creed.”,1,human_quotes,"""The world serves as my sanctuary. My deeds are my devotion. My conduct is my belief."""
“Have faith in the universe and its capability to lead you to the path of abundance.”,1,human_quotes,"""Trust in the universe and its power to guide you toward a life of plenty."""
“Every great leader can take you back to a defining moment when they decided to lead”,1,human_quotes,"""Every exceptional leader can point to a pivotal moment when they chose to step forward and lead."""
“Intent without dedicated action is simply not enough. Action without a clear intent is a waste. It is when these two powerful forces are aligned that the energy of the universe conspires in your favor.”,1,human_quotes,“Mere intention without committed action falls short. Action lacking clear purpose is squandered. Only when these potent forces converge does the universe’s energy align to support you.”
“With one kind gesture you can change a life. One person at a time you can change the world. One day at a time we can change everything.”,1,human_quotes,"“A single act of kindness can transform a life. By helping one person, you can change the world. Taking it day by day, we can change everything.”"
"“A real decision is measured by the fact that you've taken a new action. If there's no action, you haven't truly decided.”",1,human_quotes,"""A genuine decision is shown by the fact that you've taken new steps. Without action, you haven't truly made a choice."""
"“See it first in your mind, then become it.”",1,human_quotes,"""Visualize it clearly in your thoughts, then embody it."""
"“We need more than just the Law of Attraction. We need to connect with its more successful twin, the Law of Generosity. And further entwine ourselves with their parent; the Law of Love.”",1,human_quotes,"""We require more than the Law of Attraction alone. We must also engage with its more prosperous counterpart, the Law of Generosity. Then, we should further intertwine ourselves with their source: the Law of Love."""
“There are two things essential if you want to enhance your Jedi self-confidence: 1/ belief that it is possible 2/ that self-help is the best help”,1,human_quotes,"""To boost your Jedi self-assurance, two elements are crucial: 1/ believing it's achievable, and 2/ recognizing that self-help is the most effective aid."""
"“Entertainment is temporary happiness, but the real happiness is permanent entertainment.”",1,human_quotes,"""Entertainment offers fleeting joy, yet true happiness lies in enduring amusement."""
“There is a thin line between the impossible and the possible - that is determination.”,1,human_quotes,“A fine line separates the impossible from the possible—it’s called determination.”
"“Each day gives the opportunity for you to be treated right, to feel worthy, and to be successful. It’s a choice you have to make, a faith you have to embrace, and a standard you have to set.”",1,human_quotes,"""Every day offers you the chance to be respected, to feel valued, and to achieve success. It's a decision you must make, a belief you must hold, and a benchmark you must establish."""
"“When someone we know is afraid of judgment, we can provide a safe haven for their hopes by telling them first and foremost that we are proud of their efforts.”",1,human_quotes,"“When a person we care about fears being judged, we can offer a secure space for their aspirations by emphasizing, above all, that we are proud of their endeavors.”"
"“Yet how hard most people work for mere dust and ashes and care, taking no thought of growing in knowledge and grace, never having time to get in sight of their own ignorance.”",1,human_quotes,"“Yet how many toil merely for dust and ashes and worry, giving no heed to increasing in wisdom and virtue, never finding the moment to glimpse their own ignorance.”"
“It so happens that at times your desires tend to disagree with the reality and this is due to the fact that you have not let the two elements complement each other.”,1,human_quotes,"""Sometimes your wishes clash with reality because you haven't allowed them to work together harmoniously."""
“An empowered life begins with serious personal questions about oneself. Those answers bare the seeds of success.”,1,human_quotes,“A life of empowerment starts with profound self-inquiry. The responses to these questions hold the seeds of success.”
"“Forgive to forget, do not forget to forgive”",1,human_quotes,"""Forgive in order to forget, but never forget to forgive."""
“Every challenge in life is an opportunity to polish your skills.”,1,human_quotes,"""Each obstacle we face offers a chance to refine our abilities."""
“Life seems to be fashioned and formed best out of the obstacles that seem unbearable.”,1,human_quotes,"""Life appears to be shaped and molded most effectively from the challenges that feel insurmountable."""
"“When someone who is suffering looks to you for compassion, it's indeed a blessing; you are chosen to be their Light in a moment of sorrow.”",1,human_quotes,"""When a person in pain turns to you for comfort, it is truly a gift; you are selected to serve as their Light in a time of grief."""
"“To believe in miracles in one thing...to know what miracle you want to manifest right now, and accept it, is another.”",1,human_quotes,"""Believing in miracles is one matter...yet recognizing which miracle you wish to bring forth at this moment, and embracing it, is quite another."""
"“A Master Jedi feels emotions, but they do not allow them to influence their reasoning. Yoda told Luke that he would know the good from the bad when he was 'calm, at peace.”",1,human_quotes,"“A true Jedi Master experiences emotions, yet they never let these feelings cloud their judgment. Yoda advised Luke that he would distinguish right from wrong only when he was ‘calm and at peace.’”"
“How we relate with other people is dependent on how we rate ourselves and what we think about ourselves.”,1,human_quotes,"""Our interactions with others are shaped by how we value ourselves and our self-perceptions."""
"“I figure, sometimes, bad things happen to us so we can achieve a higher purpose and attain greater happiness and fulfillment in life.”",1,human_quotes,"""Sometimes, I believe that unfortunate events occur to guide us toward a deeper purpose, leading to increased joy and satisfaction in our lives."""
"“We do not observe reality, we observe our REACTIONS to it.In other words:Reality is, in essence, neutral. YOU give it meaning.”",1,human_quotes,"""We do not perceive reality directly, but rather our RESPONSES to it. Put simply: Reality is fundamentally neutral. It is YOU who assigns it significance."""
“One often has to do what they have to do in order to do what they want to do; however if you only do what you want to do then you will never do what you have to do!”,1,human_quotes,"""Sometimes we must fulfill our obligations to pursue our desires; yet if we only follow our wishes, we may neglect our duties entirely!"""
“Live Life Fully & Abundantly”,1,human_quotes,"""Live Life to the Fullest and in Abundance"""
“It's not always what we don't know that gets in our way; sometimes it's what we think we know that keeps us from learning.”,1,human_quotes,"""Often, it's not ignorance that hinders us, but rather the certainty of what we believe that blocks new understanding."""
"“The smell of the sweat is not sweet, but the fruit of the sweat is very sweet.”",1,human_quotes,"""The scent of sweat may not be pleasant, yet the rewards it yields are truly sweet."""
“Always make your future bigger than your past.”,1,human_quotes,"""Ensure your future always surpasses your past."""
“Recovery is full of ups and downs.There is no such thing as a linear life.But you can always turn your setbacks into setups to come back stronger.”,1,human_quotes,"""Recovery is a journey with highs and lows. Life never follows a straight path. Yet, you can always transform your setbacks into stepping stones to return even stronger."""
“Changing a Habit is Never Difficult.Difficult is to Address Your Unwillingness to do it”,1,human_quotes,"""Altering a habit is never the challenge. The true difficulty lies in confronting your reluctance to change."""
"“Jedi act with confidence, move with confidence, and breathe with confidence. Jedi possess a confident calmness in their looks, attitude andbehaviour.”",1,human_quotes,"“Jedi conduct themselves with assurance, proceed with certainty, and breathe with self-assurance. Jedi exhibit a serene confidence in their appearance, demeanor, and actions.”"
“Make peace with your past so you don't mess up the present!”,1,human_quotes,"""Accept your past to avoid disrupting the present!"""
"“For young adults,the growth from silly to serious can be very fast, indeed.”",1,human_quotes,"“For young adults, the transition from frivolous to earnest often happens remarkably quickly.”"
“Every minute doing one thing is a minute not doing something else. Every choice is another choice not made another path grown over lost.”,1,human_quotes,"""Each moment spent on one task is a moment lost to another. Every decision made is another path left untaken, another way overgrown and forgotten."""
“A champion is someone who gets up when he can't.”,1,human_quotes,"""A champion is one who rises even when it seems impossible."""
"“Today is a special day that will go by very fast, so let’s take every second to make the most out of every moment.”",1,human_quotes,"""Today is a unique day that will pass quickly, so let's use each second to fully embrace every moment."""
"“Just be happy that it is what it is and not what it could be because after all, it could always be worse”",1,human_quotes,"""Be content with what is, not what might have been, for things could always be worse."""
"“If the fire in your heart is strong enough, it will burn away any obstacles that come your way.”",1,human_quotes,"“When the fire within your heart burns fiercely enough, it can consume any barriers that stand before you.”"
“The lion never fears to walk alone.”,1,human_quotes,“The lion never fears to walk by itself.”
“It takes understanding to be outstanding”,1,human_quotes,"""To excel, one must first comprehend."""
“Sometimes we have to soak ourselves in the tears and fears of the past to water our future gardens.”,1,human_quotes,"“At times, we must immerse ourselves in the sorrows and anxieties of yesterday to nurture the gardens of tomorrow.”"
“Holding on to the past will hold you down in life. Learn from it but move on.”,1,human_quotes,"""Clutching the past will keep you anchored in life. Take its lessons, then let go and move forward."""
“Pure happiness and peace are at their peak when your body is in harmony with itself.”,1,human_quotes,"""True joy and tranquility reach their height when your body is in perfect harmony."""
"“Let people be the pursuits of happiness, you be the pursuit of perfection.”",1,human_quotes,"""Let others chase happiness; you should strive for perfection."""
"“There are two kinds of leaders, cowboys and Shepherds. Cowboys drive and Shepherds lead.”",1,human_quotes,"“Leaders come in two types: cowboys and shepherds. Cowboys push, while shepherds guide.”"
“Your environment will eat your goals and plans for breakfast.”,1,human_quotes,"""Your surroundings will devour your ambitions and strategies before you even begin."""
“Your only limitations are the ties you allow to bind you.”,1,human_quotes,"""Your sole constraints are the bonds you permit to hold you."""
"“On the other hand, if the future is not the one you chose then you may have to use your willpower to obtain the future of your liking.”",1,human_quotes,"“Conversely, if the future does not align with your choice, you might need to exercise your willpower to achieve the future you desire.”"
“Best Way to Stay Happy is to be busy.”,1,human_quotes,"""The most effective path to happiness is to remain occupied."""
"“If it doesn’t excite me, I do not pursue it.”",1,human_quotes,"""Unless it truly inspires me, I will not chase after it."""
“Feelings are real. They often become one’s reality. But they are not always based on truth.”,1,human_quotes,"""Emotions are genuine. They frequently shape one's perception of reality. Yet they do not always reflect the truth."""
“What is done is done for the love of it- or not really done at all.”,1,human_quotes,“What is accomplished is accomplished out of passion—or it is hardly accomplished at all.”
"“Jedi are conversationalists and negotiators, bringing people together and solving problems. Jedi listen and feel to what others are saying.”",1,human_quotes,"""Jedi serve as mediators and peacemakers, uniting individuals and resolving conflicts. They attentively hear and sense the words of others."""
"“It's better to do something with quality, no matter how long it takes you rather than do something mediocre, with constant quantity.”",1,human_quotes,"“It’s preferable to produce work of high quality, regardless of the time required, rather than to generate mediocre output consistently and in large amounts.”"
"“One sure way to kill a dream, is to suffocate it with worry.”",1,human_quotes,“A certain method to destroy a dream is to smother it with anxiety.”
"“There is no real world, just the one you create.”",1,human_quotes,"“The world you perceive is not an objective reality, but rather one you construct.”"
"“I have not learned a single lesson, been inspired or impacted by another person’s life void of negative experiences.”",1,human_quotes,"“I have never gained insight, felt motivated, or been influenced by anyone’s life that lacked hardship.”"
“Our own self-esteem is something we can actually twist in whatever way we want.”,1,human_quotes,“We can actually shape our own self-esteem in any manner we choose.”
“The most unlucky generation is the one which couldn't produce a hero to look upto.”,1,human_quotes,"""The most unfortunate generation is that which fails to produce a hero to admire."""
“One of the origins of poverty is lack of respect for time.”,1,human_quotes,"""Poverty often stems from a disregard for the value of time."""
"“If the painter wishes to see beauties that charm him, it lies in his power to create them, and if he wishes to see monstrosities that are frightful, ridiculous, or truly pitiable, he is lord and God thereof.”",1,human_quotes,"“Should the artist desire to behold beauties that enchant him, he possesses the ability to fashion them, and if he wishes to witness monstrosities that are terrifying, absurd, or genuinely pitiable, he is master and creator of these as well.”"
“You do not become outstanding by working on your weaknesses.You become outstanding by focusing entirely on your strengths.”,1,human_quotes,"""You don't achieve excellence by fixing your flaws. You achieve it by dedicating yourself fully to your strengths."""
"“The decision is your own voice, an opinion is the echo of someone else's voice.”",1,human_quotes,"""Your decision is your own voice, while an opinion is merely the echo of another's."""
“Some of the most powerful speeches I have given have been delivered in the dedicated silence of my actions.”,1,human_quotes,"""Some of my most impactful words have been spoken through the quiet dedication of my deeds."""
"“Without adversity, there would be no growth, and without growth, there would be no lesson to be learned.”",1,human_quotes,"“Without hardship, there can be no progress, and without progress, no wisdom to be gained.”"
“Coming to the END of MYSELF and all SELF effort...seems to be the very point that God steps in and shows HIMSELF to be more than ENOUGH.”,1,human_quotes,"""Reaching the LIMIT of MY own strength and ceasing all SELF-reliance...appears to be precisely when God intervenes and reveals HIMSELF as completely SUFFICIENT."""
"“When life's got you down, keep your head up... you can't see the ground anyway”",1,human_quotes,"""When life gets tough, keep your chin up... you can't see the floor regardless"""
"“I m human, I m not perfect. Although, I make mistakes all the time.”",1,human_quotes,"""I am human, I am not perfect. I make mistakes all the time."""
“Father has a strengthening character like the sun and mother has a soothing temper like the moon.”,1,human_quotes,"""Father possesses a robust nature akin to the sun, while mother has a gentle disposition reminiscent of the moon."""
"“Never think twice, when you have decided once.”",1,human_quotes,"""Once you've made a decision, never look back."""
“A warrior sharpens his blade even in times of peace.”,1,human_quotes,“A warrior keeps his blade sharp even during peace.”
“You can'tstop dreamingjust becausethe night neverseems toend.”,1,human_quotes,"""You cannot cease to dream simply because the night appears endless."""
"“Get off the treadmill of consumption, replication, and mediocrity. Begin lifting the weights of creativity, originality, and success.”",1,human_quotes,"""Step away from the cycle of consumption, imitation, and average results. Start building strength through creativity, uniqueness, and achievement."""
"“If someone does not consider those around them to be valuable and hold only themselves in high regard, they too have a very bad self-esteem.”",1,human_quotes,"“When a person fails to recognize the worth of others and esteems only themselves, they too suffer from deeply poor self-regard.”"
"“Most people know the physical senses, but a lot of people don’t know the soul’s senses: empathy, trust, intuition, love and harmony”",1,human_quotes,"“Many are familiar with the five physical senses, yet numerous individuals remain unaware of the soul’s faculties: empathy, trust, intuition, love, and harmony.”"
“mereka tidak dapat mengambil harga diri kita kalau kita tidak memberikannya kepada mereka”,1,human_quotes,"""mereka tak bisa merampas harga diri kita kecuali kita sendiri yang menyerahkannya"""
“Reach for the sky but keep your feet on the ground”,1,human_quotes,"""Aim high while staying firmly rooted in reality."""
"“The time is now, the person is you; better your life and become a name to conjure with in this day and age.”",1,human_quotes,"""The moment is here, the individual is you; enhance your existence and make yourself a force to be reckoned with in this era."""
"“To become, you must first believe.”",1,human_quotes,"“To achieve, you must first have faith.”"
“Yawns are not the only infectious things out there besides germs.Giggles can spread from person to person.So can blushing.But maybe the most powerful infectious thing is the act of speaking the truth.”,1,human_quotes,“Yawns aren't the sole contagious phenomena aside from germs. Laughter can travel between people. So can a blush. Yet perhaps the most potent contagion is the act of speaking truthfully.”
"“If thinking should precede acting, then acting must succeed thinking.”",1,human_quotes,"""Action must follow thought, just as thought must precede action."""
"“Not matter what your sacred or religious book is, it's not how well you know the book, it's how well you're in alignment with the author.”",1,human_quotes,"“Regardless of which sacred or religious text you follow, it isn't about how thoroughly you know the book, but how closely you align with its author.”"
“Killing a cruelty is not a cruelty.”,1,human_quotes,"""To end cruelty is not itself an act of cruelty."""
“They don’t give Olympic medals out for talking a good game.”,1,human_quotes,"""Olympic medals aren't awarded for just talking a good game."""
"“Well, if it can be thought, it can be done, a problem can be overcome,”",1,human_quotes,"“If it can be imagined, it can be achieved; any obstacle can be surmounted.”"
“I don't give up. That makes me incredibly resilient or maybe stupid or just plain stubborn. Whichever...”,1,human_quotes,"""I never surrender. That renders me remarkably tough, or perhaps foolish, or simply obstinate. Take your pick..."""
"“The greatest support you can get from a well-wisher is one question, “do you THINK you can do it""?”",1,human_quotes,"""The strongest encouragement a supporter can offer is a single question: 'Do you BELIEVE you can achieve it?'"""
"“If we can acquire an attitude of self-belief, then we will surely determine our future actions and our future life opportunities.”",1,human_quotes,"""With an attitude of self-belief, we can decisively shape our future actions and the opportunities that life presents."""
“One of the Secrets in Life is to Make Stepping Stones out of Stumbling Blocks.”,1,human_quotes,"""One of life's secrets is to turn stumbling blocks into stepping stones."""
“Pivoting does not mean changing your goal but rather changing your strategy to realize that goal.”,1,human_quotes,"""Pivoting isn't about altering your objective, but adjusting your approach to achieve it."""
“Acceptance makes an incredible fertile soil for the seeds of change.”,1,human_quotes,"""Acceptance creates an exceptionally fertile ground for the seeds of transformation."""
“Leaders in OVER their heads is the mere result of getting ahead of their intended SEASON.”,1,human_quotes,"""Leaders who are OVER their heads often arise from advancing beyond their designated SEASON."""
"“North Carolina has a monument to [Peter Francisco], and no one knows that. That's the kind of stuff that drives me.”",1,human_quotes,"“North Carolina has a memorial dedicated to [Peter Francisco], yet hardly anyone is aware of it. That’s precisely the sort of thing that frustrates me.”"
“Never miss an opportunity to incorporate learning into life.”,1,human_quotes,"""Always seize the chance to weave learning into everyday moments."""
“I must always write this way. I must always feel – and deeply.”,1,human_quotes,“I must always write like this. I must always feel – and profoundly.”
"“jika sebuah mata harus dibalas dengan sebuah mata, hanya akan membuat seluruh dunia ini buta”",1,human_quotes,"""“jika mata dibalas dengan mata, dunia akan berakhir dalam kebutaan”"""
“Trust in your own beliefs or succumb to the influence of others’.”,1,human_quotes,"""Have faith in your convictions or yield to the sway of others' opinions."""
“The real architect of a life is the hard and almost impossible circumstances one faces.”,1,human_quotes,“The true builder of a life is the difficult and nearly insurmountable situations one encounters.”
“Momentum builds success.”,1,human_quotes,"""Success is fueled by momentum."""
"“If you believe ,you can.""But work hard to believe"".”",1,human_quotes,"""Believe, and you can achieve. Yet strive earnestly to maintain that belief."""
“Our perceptions are influenced by our surroundings.”,1,human_quotes,“Our surroundings shape what we perceive.”
“PDA untuk mengurus masa”,1,human_quotes,"""PDA untuk mengatur waktu"""
"“To deliver your own personal maximum, you’ll realise there are no shortcuts; if you want to be a champion it is all about rolling your sleeves up and getting stuck in.”",1,human_quotes,"""To achieve your personal best, you'll find there are no easy paths; becoming a champion requires rolling up your sleeves and diving in wholeheartedly."""
"“You're going to find the people that make it work NEVER quit, quitting is NOT an option.”",1,human_quotes,"""You'll discover that those who succeed never give up; quitting simply isn't a choice for them."""
"“If you can show people how to build castles, make sure you do not neglect building and nurturing your own.”",1,human_quotes,"“When you teach others to construct castles, be certain not to overlook building and tending to your own.”"
“laughing is good. so long as you are not insulting anyone.”,1,human_quotes,"""Laughter is beneficial, provided it does not offend anyone."""
"“If you can't impress them with your argument, impress them with your actions.”",1,human_quotes,"""If your words fail to convince, let your deeds make the impression."""
“We don't have to take our personality so personally.”,1,human_quotes,"""We need not treat our personality as a personal affront."""
"“Once to live, once to die; while you're living, live a memorable life.”",1,human_quotes,"""Live once, die once; while alive, make your life worth remembering."""
"“When YOU choose to change, your reality must change accordingly. It simply has no other choice.”",1,human_quotes,"“Once you decide to change, your reality inevitably shifts in response. It truly has no alternative.”"
“Take care of your gut. This will help with your intuition.”,1,human_quotes,"""Look after your digestive health. This can enhance your intuitive abilities."""
"“Taking the decision-making process away from people disempowers them. It also makes them much less likely to buy into the decision, however right it may be. One’s own conscience remains the ultimate arbiter.”",1,human_quotes,"""Removing individuals from the decision-making process strips them of their agency. It also significantly reduces their willingness to accept the outcome, no matter how correct it might be. Personal conscience continues to serve as the final judge."""
“Athletes who are able to stay completely focused in pursuit of their dreams are the ones that are most likely to become champions.”,1,human_quotes,"""Those athletes who can maintain total concentration while chasing their aspirations stand the greatest chance of achieving championship success."""
"“So in life, sometimes we have to stay alone, but never give up our path to glory.”",1,human_quotes,"""In life, we may often find ourselves alone, yet we must never abandon our journey toward greatness."""
"“The higher you fly; the higher they look up to you, fly up for their sake.”",1,human_quotes,"""The higher you soar, the more they gaze upward; ascend for their benefit."""
“Embrace who you areand blossom as you are.”,1,human_quotes,"""Accept yourself fully and flourish in your own unique way."""
“Small thinking and big dreams is an oxymoron”,1,human_quotes,"""Thinking small while dreaming big is a contradiction."""
“Maintain an undying relationship with God and enjoy all of His benefits; do not run to Him only when you feel you need Him; you may be disappointed.”,1,human_quotes,"""Keep a constant connection with God and receive all His blessings; don't turn to Him only in times of need, or you might face disappointment."""
"“Nothing is permanent in my mysterious world, even my moments of belief - Jenifer”",1,human_quotes,"""Nothing endures in my enigmatic world, not even my moments of faith - Jenifer"""
“The amount and the way I love myself is my superpower.”,1,human_quotes,“The depth and manner in which I cherish myself is my greatest strength.”
"“If I quit now, I will soon be back to where I started. And when I started I was desperately wishing to be where I am now.”",1,human_quotes,"""If I give up at this point, I'll quickly return to my starting place. Back then, I was longing intensely to reach where I stand today."""
"“When you think a positive thought, you become positive.”",1,human_quotes,"""Thinking positively transforms your outlook into a positive one."""
“All work and no play will make you sad and grey!”,1,human_quotes,"""Constant toil without leisure leaves you dreary and cheerless!"""
"“Compromise brings harmony to both, happiness to none.”",1,human_quotes,"""Compromise fosters harmony for all, yet yields joy for none."""
"“Jedi are always assessing situations, actions and possibilities. Jedi don’t just think outside of the box with the help from the Force, they also adapt to situations outside of the box!”",1,human_quotes,"""Jedi constantly evaluate circumstances, decisions, and potential outcomes. They don't merely rely on the Force to think unconventionally; they also adjust to scenarios that are beyond conventional boundaries!"""
"“I kissed your fist, and now you're healed.”",1,human_quotes,"“I pressed my lips to your hand, and now you are whole.”"
"“Where do they go, these dreams of mine? Do they live? Do they die? Do they fall? Do they fly?”",1,human_quotes,“Where do my dreams wander? Do they endure? Do they perish? Do they stumble? Do they soar?”
"“Do I wither up and disappear, or do I make the best of my time left?""-Morrie”",1,human_quotes,"“Should I fade away into nothingness, or should I seize what remains of my days?”—Morrie"
"“You and your reality are ONE. When YOU change, everything changes.”",1,human_quotes,"""Your reality is a reflection of you. As YOU transform, so does everything around you."""
“You have tried to be superior in an ordinary realm. Now you must learn to be ordinary in a superior realm.”,1,human_quotes,"""You have sought to stand out in a common world. Now you must learn to blend in within an exceptional one."""
“One piece of revelation can turn a man into a success story.”,1,human_quotes,"""A single insight can transform a man into a success."""
"“Mixing old wine with new wine is stupidity, but mixing old wisdom with new wisdom is maturity.”",1,human_quotes,"""Combining aged wine with fresh wine is foolish, yet blending ancient wisdom with modern insight signifies maturity."""
"“Between natural ability and education choose natural ability, as it will keep you happy and will fetch you the glory sooner.”",1,human_quotes,"""Choose natural ability over education, for it brings happiness and swifter glory."""
“The gratitude that you feel leads to faith in the abundance and with every resonance that radiates from your mind more strong feelings of faith start to reside in you.”,1,human_quotes,"""Your sense of gratitude fosters a belief in abundance, and as each thought resonates from your mind, deeper feelings of faith begin to take root within you."""
“You don’t get what you wish for; you get what you work for.”,1,human_quotes,"""You don't receive what you desire; you earn what you strive for."""
“Just one small positive thought in the morning can change your whole day.”,1,human_quotes,"""Starting your day with a single optimistic thought can transform your entire day."""
"“You’re only responsible for yourself, Jess. And that’s the only person you can control. Other people will either get it or they won’t but you can’t define yourself by their opinions.”",1,human_quotes,"""You're accountable only for yourself, Jess. That's the one person you can truly manage. Others may understand or not, but you shouldn't shape your identity by their views."""
"“Stop allowing your outdated ideas to hinder your progress. How would your life be different if you became open to new information that can refine, improve, enhance your way of thinking, and empower your way of living?”",1,human_quotes,"""Cease letting your antiquated notions obstruct your advancement. How might your life change if you embraced fresh insights that could polish, better, elevate your mindset, and strengthen your lifestyle?"""
"“Greatness comes from the inside and once you believe you have it, it's yours to share with the world.”",1,human_quotes,"""True greatness originates within, and once you recognize it in yourself, it becomes yours to give to the world."""
"“If humans can live for 100 years, why do companies die so young.”",1,human_quotes,"“If humans can live to 100, why do companies have such short lifespans?”"
"“How far can your imagination take you? I don't know. That's up to you, but I think you should find out.”",1,human_quotes,"""How far can your imagination go? I'm not sure. That's for you to decide, but I believe you ought to discover it."""
“You can't control how you're loved. Otherwise you will only get the control and not the love.”,1,human_quotes,"""You cannot dictate how you are loved. If you try, you'll end up with control, not love."""
"“When you see something wrong happening in the world, you can do nothing about it, or you can do something about it.”",1,human_quotes,"“When you witness injustice in the world, you may choose to ignore it, or you can take action to address it.”"
"“In your name, the family name is at last because it's the family name that lasts.”",1,human_quotes,"""Your surname comes last because it's the name that endures through generations."""
“Don't let him take who you are. Make him fear who you'll become.”,1,human_quotes,"""Do not allow him to strip away your identity. Force him to dread the person you are destined to be."""
"“It is not about hate,It is about Time....”",1,human_quotes,"“This isn’t about hatred, it’s about the moment…”"
“Fear is the Fatal killer of Desire.”,1,human_quotes,"""Fear is the fatal destroyer of desire."""
“Are you living in the moment?”,1,human_quotes,"""Are you truly present in the here and now?"""
"“Don't violate the law, but don't reject an idea because it's illegal. You might be able to get the law changed.”",1,human_quotes,"""Don't break the law, but don't dismiss a concept just because it's unlawful. You could work to change the legislation."""
"“If you've delayed achieving your goals, have you ever asked yourself, ""What's stopping you?”",1,human_quotes,"“If you’ve put off reaching your aims, have you ever wondered, ‘What’s holding you back?’”"
“Life from the other end.”,1,human_quotes,"""Life from a different perspective."""
“A life without regret can be attained by full awareness of one's actions in their present moment.”,1,human_quotes,“A life free of regret is achieved through complete mindfulness of one’s actions in the present moment.”
“Success is not a question of how much power or money you have acquired. It is a question of how satisfied you are with WHO YOU ARE.”,1,human_quotes,"""Success is not measured by the power or wealth you've gained. It is determined by how content you are with YOUR OWN IDENTITY."""
“Self -pity is the worst form of poison. It kills a person without the person realizing it ~ Aarush Kashyap”,1,human_quotes,"""Self-pity is the most toxic poison. It destroys a person without their awareness ~ Aarush Kashyap"""
"“To achieve anything, you must be prepared to dabble on the boundary of disaster.”",1,human_quotes,"“To accomplish anything significant, you must be willing to venture near the edge of catastrophe.”"
“Faith is the poetry of our dreams; action is the builder of our reality.”,1,human_quotes,“Faith gives wings to our dreams; action constructs the foundation of our reality.”
"“By being kind, you have already begun your journey to the self.”",1,human_quotes,"""Kindness marks the start of your journey toward the self."""
“Today’s work is the key to tomorrow’s happiness. Yesterday’s regret is the lock to today’s potential.”,1,human_quotes,"""Today's efforts unlock tomorrow's joy. Yesterday's remorse holds the key to today's possibilities."""
"“Shame and blame should have no place in our body, mind, or spirit.”",1,human_quotes,"""Shame and blame have no rightful place within our body, mind, or spirit."""
"“Always be happy, you never know how happy you can make another by just being happy.”",1,human_quotes,"""Stay joyful always, for you may never realize how much your happiness can brighten someone else's day."""
“I'm not talented at all. It's just that I spend more time thinking about art than others.”,1,human_quotes,"""I have no special talent. I simply dedicate more time to contemplating art than most people do."""
"“The greatest reward for a man's failure is not necessarily the consequent success, but what he becomes by it.”",1,human_quotes,"""The greatest prize for a man's failure may not be the success that follows, but the person he becomes through it."""
"“Hopes, wants and wishes, all cast across the night sky with my heart in tow.”",1,human_quotes,"""Dreams, desires, and longings, all scattered through the night sky with my heart in hand."""
“Nothing enriches our life more than the moments we share with our family. They inspire us to work harder and dream bigger every day.”,1,human_quotes,“Nothing enriches our lives more than the time spent with family. These moments motivate us to strive harder and aspire higher each day.”
"“There was a running theme through my friendships, and it was that of anarchy. I just loved people who were clear and definite in the proposition of life.”",1,human_quotes,“A common thread ran through my friendships: anarchy. I simply adored people who were clear and resolute in their approach to life.”
“I can only strive for what is important”,1,human_quotes,"""I can only pursue what truly matters"""
“That failure serves a purpose!”,1,human_quotes,“That failure serves a purpose!”
"“POEMINHA DO CONTRATodos estes que aí estãoAtravancando o meu caminho,Eles passarão.Eu passarinho!”",1,human_quotes,"""“POEMINHA DO CONTRATodos esses que ali estãoA obstruir minha passagem,Eles passarão.Eu, passarinho!”"""
“Shrug off the no’s – they are temporary. This is your world. In your world there is only yes.”,1,human_quotes,"""Dismiss the rejections—they are fleeting. This is your domain. In your realm, there exists only affirmation."""
"“Motivate yourself by practicing positive self discipline. Without self discipline, there is no self motivation.”",1,human_quotes,"""Drive yourself forward by cultivating positive self-discipline. Without self-discipline, self-motivation cannot exist."""
"“Through my choices and actions, I have learned the most effective way of speaking to God is without saying a word.”",1,human_quotes,"“By my decisions and deeds, I have discovered that the most powerful way to commune with God is in silence.”"
"“Humans, unlike Jedi, are powerfully afraid of rejection. We do not survive well alone, so humans as a species are especially vulnerable to thoughts that make us afraid the rest of the “tribe” will desert us to die a sad, lonely death.”",1,human_quotes,"""Unlike Jedi, humans are deeply fearful of rejection. As a species, we do not thrive in isolation, making us particularly susceptible to fears that the rest of the 'tribe' might abandon us, leaving us to perish in sorrowful solitude."""
“Every Thick woman say yes on solid and balance shoes sole for a firm legs.”,1,human_quotes,"""Every curvy woman agrees that sturdy, well-balanced shoe soles are essential for strong legs."""
"“Instead of bracing yourself for the perils of the unknown, embrace the joy that is here, in your present moment.”",1,human_quotes,"""Rather than steeling yourself against the unknown's dangers, welcome the happiness that exists right now, in your current moment."""
“Every single ONE of us is a unique VIBRATION in a beautiful Symphony of Infinite CREATION.”,1,human_quotes,"""Each of us is a distinct vibration within the magnificent symphony of endless creation."""
“Put into the world the beauty of being yourself and the healthy energy you bring.”,1,human_quotes,"""Share with the world the beauty of your true self and the positive energy you radiate."""
“The bank of knowledge is a sure bank of success; for it can birth any imagined good endeavor.”,1,human_quotes,"""The treasury of wisdom is a reliable vault of achievement; it can give rise to any envisioned noble pursuit."""
"“If you are not able to see your goals, they will take longer to achieve, and sometimes “longer” is ""never.”",1,human_quotes,"""If you cannot envision your goals, they will take longer to accomplish, and often 'longer' means 'never.'"""
“To think is good. To obsess is bad.”,1,human_quotes,"""Thinking is beneficial. Obsessing is harmful."""
“Live as many lives as you can.”,1,human_quotes,"""Live as many lives as you possibly can."""
“Give service and meditate if you can.”,1,human_quotes,"""Offer help and reflect when possible."""
“It’s been said that legends are those who shape change into greatness; shaping change is one of the hallmarks of genius.”,1,human_quotes,"""Legends are often described as those who transform change into greatness; molding change is a defining trait of genius."""
"“Healthy food that you feed your spirit, mind and body keep you long enough to reach your destination.”",1,human_quotes,"“Nourishing meals for your spirit, mind, and body sustain you long enough to arrive at your destination.”"
“How would your life be different if...you had a plan of action towards your goals? Let today be the day...You stop allowing your days to be stolen by busy nothingness and take calculated steps towards your goals.”,1,human_quotes,“What if your life changed because...you pursued your goals with a clear plan? Make today the moment...You cease letting your time be taken by empty busyness and start moving deliberately toward your aims.”
"“Darling, buoys can't confine the sea.”",1,human_quotes,"""Sweetheart, the ocean cannot be contained by buoys."""
“I never realised power of x of function f(x) when I was in school.”,1,human_quotes,“I never grasped the potency of x in the function f(x) during my school years.”
“No one can teach you the better than adversity.”,1,human_quotes,"""Adversity is the finest teacher anyone can have."""
"“Being in a toxic relationship is a drug, and it needs to be treated like any other drug.”",1,human_quotes,"""Toxic relationships are like an addiction, and they should be approached with the same seriousness as any other dependency."""
"“Like everything else, we know the futility of money only when we have more than enough of it.”",1,human_quotes,"“Just as with all things, we recognize the emptiness of wealth only once we possess it in abundance.”"
"“Sometimes you aren’t meant to worry about the 'how'. Instead, you are being called to focus on taking things step-by-step. One foot in front of the other. It’s all coming together.”",1,human_quotes,"""At times, you shouldn't dwell on the 'how'. Rather, you are meant to concentrate on moving forward gradually. One step at a time. Everything is falling into place."""
“History is written by the winners; strife to be one at all legitimate cost possible.”,1,human_quotes,"""History is penned by the victors; strive to become one by any legitimate means necessary."""
"“When you practice leadership,The evidence of quality of your leadership, Is known from the type of leaders that emerge out of your leadership”",1,human_quotes,“The true measure of your leadership is revealed by the caliber of leaders who develop under your guidance.”
“Confident Assured Posture: Foundation of Powerful Style”,1,human_quotes,"""Assured Confidence in Posture: The Core of a Powerful Style"""
"“Holding on, holding out and holding fast when the going is tough constitutes a winning mindset.”",1,human_quotes,"""Persisting, enduring, and standing firm in difficult times defines a victorious mentality."""
"“It’s hard, until it’s not.”",1,human_quotes,"""It's difficult, until it becomes easy."""
“Contribute. Be bold!”,1,human_quotes,"""Contribute boldly!"""
"“With a decision and a defined purpose, you can begin work.”",1,human_quotes,"""Once you have made a decision and set a clear goal, you can start working."""
“Without inspiration the best powers of the mind remain dormant. There is a fuel in us which needs to be ignited with sparks.”,1,human_quotes,"""Without inspiration, the mind's greatest abilities lie dormant. Within us exists a fuel that must be kindled by sparks."""
“No one ever gets anywhere by being mentally weak.”,1,human_quotes,“Achieving success is never possible with a feeble mind.”
“Perform your task and I shall know you. Perform your task and your genius shall befriend the more.”,1,human_quotes,"""Carry out your duty and I will recognize you. Fulfill your task and your talent will become a greater ally."""
“You cannot ‘fit yourself in’ to greatness. This can only be done by embracing and pursuing your biggest dreams and desires.”,1,human_quotes,"""You cannot 'squeeze yourself into' greatness. This is only achieved by wholeheartedly embracing and chasing your grandest dreams and desires."""
"“Learning to read and write is like sailing on a sea of knowledge, where every wave is a new opportunity and every shore is a new achievement. Happy International Literacy Day”",1,human_quotes,"""Mastering reading and writing is akin to navigating an ocean of wisdom, where each wave brings fresh chances and every coastline marks a new success. Happy International Literacy Day."""
"“Spirituality is for people. It’s not just for those who you might have read about in books, it’s for people.”",1,human_quotes,"""Spirituality is meant for everyone. It isn't only for those you might encounter in books; it's truly for all people."""
"“Despite the despair and suffering still on our planet, humanity is moving toward unity, justice, love, and peace.”",1,human_quotes,"""Even amid the ongoing despair and suffering across our world, humankind is progressing toward unity, fairness, compassion, and harmony."""
"“Tell me your thinking, and I’ll tell you what your life looks like.”",1,human_quotes,"""Share your thoughts with me, and I will reveal the shape of your life."""
“Live by your own conventions.”,1,human_quotes,"""Live according to your own rules."""
"“What you wish to be, be.”",1,human_quotes,"""Be what you desire to become."""
"“We find total peace when we accept that, due to our karma, we deserve the good and the bad that is happening in our lives.”",1,human_quotes,"“We achieve complete peace by embracing that, through our karma, we are worthy of both the good and the bad unfolding in our lives.”"
“You doubt your value. Do not run from who you are.”,1,human_quotes,"""You question your worth. Do not flee from your true self."""
"“Being alone, helps you, find you.”",1,human_quotes,"""Solitude assists you in discovering yourself."""
“Invest your energy in the things you can control.”,1,human_quotes,"""Focus your efforts on what lies within your control."""
“The whole world's a canvas for our sketchesHorizons as far as the mind stretchesA work of art with soft edgesWaiting to come aliveNow's the time”,1,human_quotes,"""The world is our canvas for drawing dreams,  
Horizons that stretch as far as thought gleams.  
A masterpiece with gentle seams,  
Ready to awaken and beam.  
The moment has come, it seems."""
"“some people live for themselves, good people live for others, successful people live for the present and others to come.”",1,human_quotes,"""Some individuals live for themselves, kind people live for others, while successful ones live for both the present and future generations."""
“On your quest to spirituality it is often required to suspend your rationality; but true spirituality asks that you enhance your rationality.”,1,human_quotes,"""In your spiritual journey, you may need to set aside reason at times; yet genuine spirituality demands that you deepen your rational understanding."""
"“Life calls us to where we need to be, and not where we want to be. It's that simple.”",1,human_quotes,"""Life leads us to where we must be, not where we wish to be. It's that straightforward."""
“Life Is Meant To Realize Yourself as a Divine Being.”,1,human_quotes,"""Life is intended for discovering your true nature as a spiritual essence."""
"“Easily mistaken, it is not about a love for adversity, it is about knowing a strength and a faith so great that adversity, in all its adverse manifestations, hardly even exists.”",1,human_quotes,"“Often misunderstood, this is not about embracing hardship, but about possessing a strength and faith so profound that adversity, in all its challenging forms, scarcely seems to matter.”"
"“The battle for a greener future begins within each individual, through conscious choices made daily.”",1,human_quotes,"""The fight for a more sustainable future starts with every person, through deliberate decisions we make each day."""
"“If all your weekends are the same, that means you're not collecting experiences.”",1,human_quotes,"""If every weekend feels identical, it suggests you aren't gathering new experiences."""
“What is an unconditional state?”,1,human_quotes,“What constitutes an unconditional state?”
“Confidence can be learned - but not from a book. Confidence comes from from living.”,1,human_quotes,"""Confidence is something you can acquire—though not through reading. It emerges from the experience of living."""
"“Like everything in life, it is not what happens to you but how you respond to it that counts.”",1,human_quotes,"“As with all things in life, it’s not what occurs to you but how you react to it that truly matters.”"
“Your mind is a garden filled with beautiful ideas. Make time to nurture them.”,1,human_quotes,"""Your mind is a garden of beautiful ideas. Take time to cultivate them."""
“Be as successful as a Smith.”,1,human_quotes,"""Strive to achieve the success of a Smith."""
“Don't wait for somebody to give you something. You're strong. You're intelligent. Go out and earn it and work for it.”,1,human_quotes,"""Don't expect others to hand you anything. You possess strength and intelligence. Go out, earn it, and work for it yourself."""
“Tomorrow will never call to ask your opinion; you don't control it. Stop allowing today's possibilities to be robbed by tomorrow's insecurities.”,1,human_quotes,"""Tomorrow won't seek your approval; you can't command it. Cease letting today's potential be stolen by tomorrow's fears."""
"“It's not about what I SEE for our future, or humanity; It's about what I DO for our future and humanity.”",1,human_quotes,"""It's not about what I envision for our future or humanity; it's about what I actively contribute to our future and humanity."""
“Those who win never give up.Those who give up never win.”,1,human_quotes,"""Winners never quit, and quitters never win."""
"“Those who don't value their words, will never value your wishes.”",1,human_quotes,"""Those who disregard their own words will never honor your desires."""
"“If one million of you give assent to the one thousand who participate in the murder of a child, then one million of you are a million times guilty.”",1,human_quotes,"“Should a million of you consent to the thousand who slay a child, then a million of you bear guilt a millionfold.”"
"“Trust your passion, identify your dreams, and find the courage to share them with others, no matter how many times they call you a fool.”",1,human_quotes,"""Follow your passion, recognize your dreams, and gather the bravery to express them to others, regardless of how often they dismiss you as foolish."""
"“Strive to make small changes and learn something new daily, because there is always these experiences you have had to tap into for the future.”",1,human_quotes,"""“Aim to implement minor adjustments and acquire fresh knowledge each day, as you can always draw upon these past experiences for what lies ahead.”"""
“Personal growth happens when you transform your potential into action.”,1,human_quotes,"""Personal development occurs as you convert your potential into tangible steps."""
“Thank you for believing that all humans have intrinsic value and that our job has society is to ensure that all are empowered and have enough.”,1,human_quotes,"""Thank you for believing that every person holds inherent worth and that our societal role is to empower everyone and ensure they have sufficient resources."""
“The results of knowledge without application results in nothing at all. Do what you know better to do.”,1,human_quotes,"""Knowledge without application yields nothing. Act on what you know best."""
"“It's the days you have every right to breakdown and fall apart, yet choose to show up anyway that matter most. Don't diminish the small steps that others can't see.”",1,human_quotes,"""Those are the days that truly count—when you have every reason to crumble but decide to show up regardless. Never underestimate the quiet, unseen efforts you make."""
"“Your youth is certainly finished and old age has definitely arrived if you feel that you are losing enthusiasm, excitement and energy towards your dreams and goals.”",1,human_quotes,"""You know your youth is truly over and old age has surely set in when you sense your passion, zeal, and drive for your dreams and ambitions fading."""
“We are never fucking brave enough.”,1,human_quotes,"""We are never goddamn courageous enough."""
“There is nothing that works out for the worst that won't work out for the better.”,1,human_quotes,"""Even the most unfavorable outcomes can ultimately lead to something better."""
“If you have positive energy you will always attract positive outcomes.”,1,human_quotes,"""With a positive mindset, you consistently draw favorable results toward yourself."""
“Dare to live completely. I dare you.”,1,human_quotes,"""Live fully, without reservation. I challenge you."""
“A Leo is not after a status. A Leo is the status.”,1,human_quotes,"""A Leo doesn't seek status. A Leo embodies status."""
"“Since love is the fundamental energy of the universe, aiming to expand love grows us—not just ourselves personally, but everyone and everything around us.”",1,human_quotes,"""Love, as the universe's essential force, expands not only our personal growth but also enriches all people and things surrounding us."""
“You are more than your ADHD. Believe in your talents and abilities.”,1,human_quotes,"""Your identity extends beyond ADHD. Have faith in your unique skills and capabilities."""
"“Milo's Way- A HaikuStrength sought in small steps,Like Milo's calf on shoulders,Grow with steady will.”",1,human_quotes,"""Milo's Path - A Haiku
Power found in small strides,
As Milo's calf upon shoulders,
Grow with steadfast resolve."""
“There is nothing impossible to they who will try.”,1,human_quotes,"""Nothing is impossible for those who dare to attempt."""
“Lucky people will focus on what’s in front of them rather than scrabbling about for what they’re searching for.”,1,human_quotes,"""Fortunate individuals concentrate on what lies before them instead of frantically seeking what they desire."""
"“Don't be indifferent about any random idea that occurs to you, because each and every idea is for a particular purpose. it may not be beneficial to you, but can be what others are craving for”",1,human_quotes,"""Do not dismiss any fleeting thought, as every idea serves a distinct purpose. It might not aid you, yet it could be precisely what someone else is seeking."""
"“ADHD is a challenge, not a curse. Find your strengths and let them shine.”",1,human_quotes,"""ADHD presents difficulties, not a condemnation. Discover your talents and allow them to radiate."""
“Mm.. I see you wondering how to take good care of your feet. Walk the journey that you’ll never regret.”,1,human_quotes,“Hmm... I can tell you're pondering how to properly care for your feet. Embark on a path you’ll never look back on.”
"“Reading will give you happiness, happiness will lighten up your face, and lightened face will attract favor.”",1,human_quotes,"""Reading brings joy, joy brightens your countenance, and a bright countenance draws goodwill."""
“Your days are numbered. Change your ways before it’s too late.”,1,human_quotes,"""Your time is running out. Alter your course before it's too late."""
“The moon stared at me through sprinkled nighttime stardust and I alone smile.”,1,human_quotes,"“The moon gazed upon me through scattered starlight in the night, and I alone am smiling.”"
"“Do not be petrified while looking behind; burn all the bridges! The only correct path is always, ever forward.”",1,human_quotes,"""Never look back in fear; burn every bridge behind you. The only true way is always, and forever, forward."""
“What do you want to do with your life?”,1,human_quotes,“What do you aim to achieve in your life?”
“In what worldTo live?What loveTo give?Is it worthy?Or will it breakMy heart?EveryoneSeems to beSecretly evilAnd to tryTo disguiseThe truthWith lies;It’s disappointingBut stillI seeSomething differentIn you;I find hopeAnd I fallIn love”,1,human_quotes,"""In what world
To live?
What love
To give?
Is it worthy?
Or will it shatter
My heart?
Everyone
Appears to be
Secretly wicked
And attempts
To conceal
The truth
With lies;
It’s disheartening
Yet still
I perceive
Something distinct
In you;
I discover hope
And I tumble
In love"""
“You can start to change your luck today. Begin believing that you can have what you desire and superior things will arrive.”,1,human_quotes,"""You can begin transforming your fortune now. Start by trusting that you can attain your desires, and better things will come your way."""
“Nature offers us a limitless source of inspiration and resources; it is our duty to protect and preserve them for the generations to come.”,1,human_quotes,"""Nature provides an endless wellspring of inspiration and materials; we have a responsibility to safeguard and conserve them for future generations."""
“A successful man is the one who does more of all he does in other to service humanity”,1,human_quotes,"""A successful individual is someone who dedicates greater effort in all their endeavors to serve humanity."""
“Hello read and buy this book is always ready to contribute a great impact in your life.”,1,human_quotes,"""Hello, read and purchase this book—it is always prepared to make a significant difference in your life."""
“Dare to be a fool in the face of impossibilities.”,1,human_quotes,"""Have the courage to play the fool when confronted with the impossible."""
“It is our action that determines the viability of our dream.”,1,human_quotes,"""Our actions define whether our dreams can become reality."""
“Don't let the past determine the present moment because it has no power over it.”,1,human_quotes,"""Don't allow the past to define the present, for it holds no sway over the now."""
"“Over the years, I've come to realize that determination makes one to punch above one's weight.”",1,human_quotes,"""Over time, I've learned that determination allows a person to exceed their perceived limits."""
“The thrust of continuous action is the firewood which fuels motivation.”,1,human_quotes,"""The momentum of ongoing effort serves as the fuel that sustains motivation."""
"“Dušo,me mogu bove,ograničiti more.”",1,human_quotes,"""Dušo, mogu me bove, ograničiti more."""
“Start small and keep going.”,1,human_quotes,"""Begin modestly and persist steadily."""
“Learning to focus on the big picture will help you keep things in a proper perspective.”,1,human_quotes,"""Focusing on the broader view will help you maintain a balanced perspective."""
"“Words are very good, but it is actions going forward that count!”",1,human_quotes,"""Words are commendable, but it is future actions that truly matter!"""
“Success is virulent. Once you get the bug then it’s in you.”,1,human_quotes,"""Success is infectious. Once you catch it, it stays with you."""
"“Be the change, then lead the change.”",1,human_quotes,"""Lead by example, then drive transformation."""
“I hope that your problems are fewer and less painful than mine.”,1,human_quotes,"""May your troubles be fewer and less painful than my own."""
“The people and successes in your life mirror your beliefs.”,1,human_quotes,"""Your beliefs are reflected in the people and achievements that surround you."""
“Dreams are nothing if not acted upon and turned into reality.”,1,human_quotes,"""Dreams remain mere fantasies unless they are pursued and made real."""
“The greatest happiness is a quiet kind. It’s the tender understanding that we’re living in a very strange place full of strange creatures. And there’s quite a bit of wonder in that.”,1,human_quotes,"""The deepest joy is a gentle sort. It's the soft awareness that we inhabit an odd world teeming with peculiar beings. And there is much marvel in that."""
“Sustainable living is the key to unlocking a harmonious coexistence between humanity and the environment.”,1,human_quotes,"""Sustainable living is essential for achieving a balanced relationship between people and the natural world."""
"“The challenge for you is to decide not what is important, but what is most important and then focus your attention on that.”",1,human_quotes,"""Your challenge lies in determining not merely what matters, but what matters most, and then directing your focus accordingly."""
"“It is never about who is right or wrong, it is about what is best.”",1,human_quotes,"“The focus is never on who is correct or incorrect, but on what is most beneficial.”"
“Man is not merely born to make money. But to fulfill is mission.”,1,human_quotes,"“Man is not born solely to earn money, but to fulfill his mission.”"
"“When God opens that door of opportunity, run through it full speed.”",1,human_quotes,"“When God opens a door of opportunity, sprint through it with all your might.”"
“Be patient and gentle with yourself. Some days will be tougher than others.”,1,human_quotes,"""Be kind and patient with yourself. Some days will be harder than others."""
“Live! Don't just Exist!!! Don't drag through Life...Live each day as a Celebration.-RVM”,1,human_quotes,"""Live! Don't merely exist!!! Avoid drifting through life...Treat each day as a celebration.-RVM"""
“Don’t hide what you have just because people tell you it’s not normal. I have known normal people...and guess what? They are as boring as hell...”,1,human_quotes,"""Don't conceal your true self simply because others deem it unusual. I've encountered so-called normal individuals...and you know what? They're utterly dull."""
“Continue on doing pedicures detox and treatment as you see it on my blogs out there don’t forget to do manicures on your short hands nails as well that will be extremely gorgeous”,1,human_quotes,"""Keep up with the pedicure detox and treatments as shown on my blogs, and remember to also do manicures on your short nails—it will look absolutely stunning."""
“Let's always try to paint the truth ... our art must be made to mean something.”,1,human_quotes,"""Let us consistently strive to depict reality ... our art should carry significance."""
“The Sun never sets. It is we who rise think to shine. ”,1,human_quotes,"""The Sun never sets. It is we who rise believing we shine."""
“What I've realised is that each event in our lives brings us closer to who we're supposed to be and to what we're supposed to do.”,1,human_quotes,“I’ve come to understand that every experience in life draws us nearer to our true selves and our destined path.”
"“Bukan seberapa lama umat manusia bisa bertahan hidup sebagai ukuran kebahagiaan, tapi seberapa besar kemampuan mereka memeluk erat-erat semua hal menyakitkan yang mereka alami.”",1,human_quotes,"""Kebahagiaan bukan diukur dari berapa lama manusia dapat bertahan hidup, melainkan dari seberapa kuat mereka mampu merangkul erat setiap penderitaan yang dialami."""
“Winter is coming! Follow these rules for a disciplined mind and positive changes.”,1,human_quotes,"""Winter approaches! Adhere to these guidelines for a focused mindset and constructive transformation."""
“Popularity is no guarantee of truth and human flattery does not bring God’s approval.”,1,human_quotes,"""Popularity does not ensure truth, and human praise does not secure divine favor."""
"“Identifying your motivation as a writer serves as a compass, guiding the creative journey with purpose and clarity.”",1,human_quotes,"""Recognizing your motivation as a writer acts as a compass, steering the creative process with purpose and clarity."""
"“In meetings philosophy might work,on the field practicality works.”",1,human_quotes,"""In meetings, philosophy may hold sway, but on the ground, practicality prevails."""
“So begins a new process designed to wake up your creative impulse.”,1,human_quotes,“Thus initiates a fresh procedure aimed at awakening your creative drive.”
“Life isn't a struggled to know what's right. It's a struggle to do it.”,1,human_quotes,"""Life isn't about struggling to know what's right. It's about struggling to do it."""
“Are you seeking to be offended?”,1,human_quotes,"""Are you looking for something to take offense at?"""
“Negative and positive energy thrives; the different area we channel our energy is the issue and not the energy itself.”,1,human_quotes,"""Negative and positive energies both flourish; the problem lies in where we direct our energy, not in the energy itself."""
“Your greatness is measured by your horizons.”,1,human_quotes,“Your horizons define the measure of your greatness.”
“The words of the Qur’an are omnipresent—yet its spirit lies dormant.”,1,human_quotes,"""The words of the Qur’an are ever-present—yet its essence remains asleep."""
“Not all things that fall down break. Some develop wings.”,1,human_quotes,"""Not everything that falls shatters. Some grow wings."""
"“First, you have to push people’s boundaries and not feel bad about it. No one is going to give you anything if you don’t ask for it.”",1,human_quotes,“You must challenge others’ limits without remorse. Nothing will be handed to you unless you demand it.”
“It is often the seemingly least significant details of each day that turn out to shape our most life-altering events.”,1,human_quotes,"“Often, it is the seemingly trivial daily details that ultimately shape our most transformative life events.”"
"“The word ""seek"" is a verb. Are you treating it as such in your life? If you seek change, success, or love, DO it - BE it!”",1,human_quotes,"""The term 'seek' is a verb. Do you apply it that way in your own life? If you pursue change, success, or love, ACT on it - LIVE it!"""
"“You can keep pondering on which thing to do first or which path to take or by simply taking action now of most any kind, you may just find yourself on the way to where you most needed to go.”",1,human_quotes,"""You can either keep deliberating over what to do first or which direction to choose, or by taking action now—almost any action—you might just discover you're heading exactly where you needed to go."""
“No crime is a means to an end. No crime can be rationalized.”,1,human_quotes,“No offense serves as a means to an end. No offense can be justified.”
"“Rather than seeing each departure as permanent goodbyes, treat them as natural farewells.”",1,human_quotes,"""Instead of viewing every parting as a final goodbye, consider them as natural farewells."""
"“Once, I was flying as usual.Some people called me ill.I, too, for a while, Believed them...Then I saw,Their sophisticated cage!”",1,human_quotes,"""Once, I was soaring as I always did. Some called me sick. For a time, I also believed them... Until I glimpsed their intricate cage!"""
"“Progress, not perfection. Take small steps forward each day.”",1,human_quotes,"“Move forward, not toward flawlessness. Advance gradually every day.”"
“I never realised power of x for a function f(x) when I was in school.”,1,human_quotes,"""I never grasped the significance of x's power in a function f(x) during my school years."""
"“The critics...have it backward: The Qur’an is not the source of the Muslim world’s problems, but its untapped solution.”",1,human_quotes,"""Critics have it backwards: The Qur’an is not the root of the Muslim world's issues, but its overlooked remedy."""
“Maybe the secret to continued success is as simple as knowing that your past successes could be done so much better now.”,1,human_quotes,"""Perhaps the key to ongoing achievement lies in recognizing how your past triumphs could be vastly improved upon today."""
“En la vida se tienen pretextos o resultados. Hay quienes piensan que ambas cosas valen lo mismo.”,1,human_quotes,"""En la vida hay pretextos o resultados. Algunos creen que ambos tienen el mismo valor."""
“Small acts of kindness and love rippled out and had more of an impact than they ever could have imagined.”,1,human_quotes,"""Minor gestures of compassion and affection spread outward, creating a greater effect than anyone could have foreseen."""
"“For many, lack of achievement is more a consequence of fear of taking a chance and getting uncomfortable.”",1,human_quotes,"""Many people's lack of success stems more from a fear of taking risks and stepping out of their comfort zone."""
“I've had many dreams useless dreams while sleeping. Priceless are those that guide me while awake.”,1,human_quotes,"""I've had countless dreams in sleep, worthless ones. But those that guide me awake are truly priceless."""
"“On the road to your life purpose, you will hit bumps and potholes along the way. So buckle up, grip the wheel with both hands and keep your foot on the gas! Enjoy the ride.”",1,human_quotes,"""On the journey toward your life's purpose, you'll encounter bumps and potholes. So fasten your seatbelt, hold the wheel firmly, and keep accelerating! Savor the drive."""
"“Every time a champion makes a decision they have a chance to learn something new, regardless of the outcome.”",1,human_quotes,"""With each choice a champion makes, there is an opportunity to gain fresh insight, no matter the result."""
"“Get a grip on yourself. there's only one god here on earth, and that's you. If you don't like the world, make one you like better.”",1,human_quotes,"""Get a hold of yourself. There is just one deity on this earth, and that is you. If the world displeases you, create one that suits you more."""
“I am not happy because I have it ALL. I am happy because I have ALL that some don't have.”,1,human_quotes,"""I am not happy because I possess everything. I am happy because I have all that others may lack."""
“A mind filled with negative thoughts makes you feel miserable and inadequate and will lead to failure after failure no matter how hard you try to succeed.”,1,human_quotes,"""A mind consumed by negative thoughts breeds misery and inadequacy, inevitably leading to repeated failures despite your best efforts to succeed."""
"“Let us strive to be the change-makers who steer our planet towards a sustainable future, where both humanity and nature thrive.”",1,human_quotes,"""Let us endeavor to become the architects of change, guiding our world toward a sustainable tomorrow where both people and the natural world flourish."""
"“From the ability to fail. Not a conscious fear of failure, just terror of everyday life.”",1,human_quotes,"""“From the capacity to fail. Not a deliberate dread of failure, but sheer terror of ordinary existence.”"""
“Wisdom comes from knowing the order of things...and you are the first order of your business.”,1,human_quotes,"""Wisdom arises from understanding the sequence of things...and your own being is the primary sequence to attend to."""
"“In the light of your success, they see you. In the shadows of your struggle, you see them.”",1,human_quotes,"""Amidst your triumphs, they notice you. Within the struggles you face, you notice them."""
"“Never write people off. Surprisingly, it could be your worst enemy that saves your life.”",1,human_quotes,"""Never dismiss anyone. Unexpectedly, your greatest adversary might be the one to rescue you."""
"“Busca, descubre, innova, conoce, encuentra... y sigue buscando.”",1,human_quotes,"""Explora, halla, crea, aprende, localiza... y continúa explorando."""
“The collective action of spiritual entrepreneurs and their allies can contribute to creating a world that feels like heaven on earth.”,1,human_quotes,"""Through the combined efforts of spiritual entrepreneurs and their supporters, we can help shape a world that resembles heaven on earth."""
"“Your rebel soul shines like a diamond pulled from dust: bright, clear and flawless.”",1,human_quotes,"“Your defiant spirit gleams like a gem unearthed from the dirt: brilliant, pure, and perfect.”"
"“We put great expectations on our tomorrows when we truly need to rely on ourselves. Far too many overlook personal action, as a means to get things done. Blame is easily passed if one does not hold themselves accountable.”",1,human_quotes,"""We place high hopes on the future, yet we must truly depend on ourselves. Too often, people neglect personal initiative as a way to achieve results. Without self-accountability, fault is readily shifted elsewhere."""
"“When you hide from responsibilities, you hide from greatness and you hide from progress”",1,human_quotes,"“By evading your duties, you also evade greatness and hinder advancement.”"
“There is only one thing that is more natural than thinking: breathing. And it is in breathing that we find the door to happiness.”,1,human_quotes,"""“Only one act feels more instinctive than thinking: breathing. And within that breath lies the gateway to happiness.”"""
"“External failure has no real correlation to spiritual failure. For a spiritual entrepreneur, external failure is often essential for spiritual success.”",1,human_quotes,"""External setbacks do not truly reflect spiritual defeat. For a spiritual entrepreneur, such external failures are frequently vital for achieving spiritual success."""
"“Bukan melupakan yang jadi masalahnya. Barangsiapa yang bisa menerima, maka dia akan bisa melupakan, hidup bahagia. Tapi jika dia tidak bisa menerima, dia tidak akan pernah bisa melupakan.”",1,human_quotes,"""Bukan soal melupakan yang menjadi masalah. Siapa pun yang mampu menerima, akan dapat melupakan dan hidup bahagia. Namun, jika tidak bisa menerima, dia takkan pernah bisa melupakan."""
"“The more you try, the more you learn. The more you learn, the more you grow. The more you grow, the closer you get to your destination. Don't let failure stop you from trying again.”",1,human_quotes,"""The more you attempt, the more you discover. The more you discover, the more you develop. The more you develop, the nearer you come to your goal. Don't allow setbacks to halt your efforts to try once more."""
"“Keep fixed on the important things like love, loving and being loved.”",1,human_quotes,"""Stay focused on what truly matters: love, loving, and being loved."""
"“When you start to accept responsibility for the results you get in life, you also take back the power to change your future outcome.”",1,human_quotes,"""By embracing accountability for the outcomes you experience, you reclaim the ability to shape what lies ahead."""
"“Education provides the key, but it's your responsibility to unlock the door to your career”",1,human_quotes,"""Education offers the key, yet it's up to you to turn it and open the door to your career."""
"“A full heart can enrich your life in ways that a full wallet cannot. Money can only satisfy your needs, but love can fulfill your desires. Love is the true wealth that money cannot buy.”",1,human_quotes,"“A heart filled with love can enrich your life in ways that a wallet filled with money cannot. Money may meet your needs, but only love can fulfill your deepest desires. True wealth lies in love, which no amount of money can purchase.”"
"“The Qur’an was not a book per se or any other kind of physical object, but rather an unfolding experience—its own unique category of living being.”",1,human_quotes,"""The Qur'an was not merely a book or physical object, but a dynamic experience—a distinct category of living entity unto itself."""
"“Education is the key to unlock the doors of opportunity and prosperity. It elevates your mind and your income, allowing you to use your brain instead of your brawn, and enjoy the benefits of time and self-improvement”",1,human_quotes,"""Education unlocks doors to opportunity and prosperity. It elevates both mind and income, enabling you to rely on intellect over physical labor, and to reap the rewards of time and personal growth."""
“The victory over our inner self is a daily struggle. Be strong and do not give up.”,1,human_quotes,"""Conquering our inner self is a constant battle. Stay resilient and never surrender."""
“Failing to make it to the list of the best 5 students in class or not being named the team captain should not make anyone feel like they have failed.”,1,human_quotes,"""Not ranking among the top five students in class or being chosen as team captain shouldn’t lead anyone to believe they have failed."""
"“We cannot walk alone. And as we walk, we must make the pledge that we shall always march ahead. We cannot turn back.”",1,human_quotes,"“We cannot journey alone. And as we move forward, we must vow to always advance. We cannot retreat.”"
"“Your core, lying deep within you, is what makes you what you are. Some call it the soul, the Higher Self, the true self, the being and so on. The name is unimportant once you realize that you are more than your looks and outward appearance.”",1,human_quotes,"“Your essence, residing at your deepest center, defines who you truly are. It has been called the soul, the Higher Self, the authentic self, the inner being, and more. The label matters little once you understand that you are far more than your physical form and external facade.”"
"“If you decide not to take action, you are going to fail, and even if you do take action, if you can’t keep up your motivation, you will simply end up back where you started.”",1,human_quotes,"""If you choose not to act, failure is certain, and even if you act, without sustained motivation, you'll inevitably return to your starting point."""
"“I acquired courage from the masterpieces of sages. I came of age by their instructions to keep going, even in hard times. Then I learnt not to despair, even when it seemed that my world is falling apart. I learnt to possess fortitude.”",1,human_quotes,"“I drew courage from the wisdom of the sages. Their teachings guided me to persevere through adversity. In time, I learned not to lose hope, even when my world appeared to crumble. I learned to cultivate resilience.”"
“A man who has come to the full realization of his responsibility to men won't stick to one man. It will be foolhardy if he does that.”,1,human_quotes,"""A man fully aware of his duty to others will not remain devoted to a single person. It would be reckless for him to do so."""
"“It was in 2020 that I started posting my poetry online. The world was too lonely and scared then, and I wanted to see if my words could be of any help.”",1,human_quotes,"“I began sharing my poetry online in 2020. At that time, the world felt so isolated and fearful, and I hoped my words might offer some comfort.”"
"“Along our chosen paths, we all meet up with demons. We must meet them, and battle them, even when they are nothing but mist in the night.”",1,human_quotes,"""On our chosen journeys, we all encounter demons. We must face them, and fight them, even when they are merely shadows in the dark."""
"“The way forward is to stop pestering yourself for answers and let it, the creative part of your mind, come up with the solution when the time is right.”",1,human_quotes,"""The path ahead involves ceasing to badger yourself for solutions and allowing your creative mind to present the answer when the moment is appropriate."""
"“Jenifer always taught me that starting a job was one thing―—and admirable―—but that following through and completing―—well, that’s where the bravery is.”",1,human_quotes,"“Jenifer always said that beginning a task was one thing—and commendable—but that persevering and finishing—now, that’s where true courage lies.”"
"“My passion shone through my words, captivating the reader’s attention and fostering a connection.”",1,human_quotes,"“My enthusiasm radiated through my words, seizing the reader’s focus and building a bond.”"
“Failure does not connote that you achieved nothing. It denotes that you are on an adventure towards finding what will eventually advance you to the realization of your goals.”,1,human_quotes,"""Failure does not mean you have accomplished nothing. It signifies that you are on a journey to discover what will ultimately lead you to achieve your aspirations."""
"“If you are paying someone to motivate you (seriously), you should rather pay to a psychiatrist.”",1,human_quotes,"""If you're paying someone to motivate you (seriously), you might as well pay a psychiatrist instead."""
"“Fear and failure are inevitable in life, but those who face them with courage and perseverance transform their lives and inspire others with their actions.”",1,human_quotes,"""Fear and failure are unavoidable in life, yet those who confront them with bravery and persistence reshape their own lives and motivate others through their deeds."""
"“Anytime you're afraid to try something new...just remember, amateurs built the ark, professionals built the Titanic.”",1,human_quotes,"""Whenever you hesitate to attempt something unfamiliar...keep in mind, the ark was constructed by amateurs, while professionals built the Titanic."""
"“Failure should not be a giving up point, it should give room for a restructured process”",1,human_quotes,"""Failure should not mark the end of effort, but rather create space for a redesigned approach."""
"“Success is not a food to be consumed by all, but for those who can pay the price, bear the risk, and dare the unbearable challenges; those who dare to surmount staring obstacles.”",1,human_quotes,"""Success is not a feast meant for everyone, but for those willing to pay the price, embrace the risks, and confront daunting challenges; those who dare to overcome formidable obstacles."""
"“Create something out of nothing. You are a vessel and your vessel is important. But if you don’t treat it like it’s important, then you’re not gonna have what it is you want to have. You’ll always be so close but no cigar.”",1,human_quotes,"""Bring forth something from emptiness. You serve as a container, and this container matters greatly. Yet if you fail to honor its significance, you will never attain what you seek. You'll remain ever near, yet never quite reaching the prize."""
"“Don’t forget to collect the memories on your journey. Remember, if you only focus on your destination, you will miss out on the benefits of the journey.”",1,human_quotes,"""Remember to gather the moments along your path. Keep in mind that fixating solely on the endpoint means you'll overlook the journey's rewards."""
"“If one thousand of you participate in the murder of one child, then one thousand of you are a thousand times guilty.”",1,human_quotes,"“Should a thousand of you take part in killing a single child, then each of you bears a thousandfold guilt.”"
"“A lazy hand cannot smell true success, no matter his level of faith, hope, and or aspiration.”",1,human_quotes,"“True success eludes the idle hand, regardless of the depth of its faith, hope, or aspiration.”"
“These are the people who will encourage you to go after your dreams and will inspire you to succeed. Stick to them like a barnacle to a rock.”,1,human_quotes,"""These are the individuals who will motivate you to pursue your aspirations and drive you toward achievement. Cling to them as firmly as a barnacle clings to a rock."""
"“Enoughness isn’t necessarily about getting rich; it’s about the idea that God provides for our needs, and it is our responsibility to share with those who don’t have enough any abundance God has blessed us with.”",1,human_quotes,"“Enoughness is not just about becoming wealthy; it’s the belief that God supplies what we need, and we are called to share any extra blessings we receive with those in need.”"
“Pay no attention to the rules – be anarchic. My definition of anarchy is 'do what you want but don't hurt anyone in the doing’.”,1,human_quotes,"“Ignore the rules—embrace anarchy. To me, anarchy means ‘act as you wish, just avoid harming others in the process’.”"
“Let's bend this voices beyond around us and choose to be brave!”,1,human_quotes,"""Let's twist these voices surrounding us and decide to be courageous!"""
"“Make your lives a masterpiece, you only get one canvas.”",1,human_quotes,“Craft your life as a masterpiece; you have but one canvas to paint.”
“Explore. Train your conscious mind and your subconscious mind to start working for you by getting those great powers to move in a new direction. Start creating your own good luck today.”,1,human_quotes,"""Discover. Teach both your conscious and subconscious minds to begin serving you by guiding those immense forces toward a fresh path. Begin crafting your own fortune now."""
"“But there is value in telling a story from the perspective of the mundane, from the real perspective that many of us are in for most of our lives.”",1,human_quotes,"“Yet there is merit in narrating a tale from an ordinary viewpoint, from the genuine stance that most of us occupy throughout much of our existence.”"
“The rise of spiritual entrepreneurship will bring massive innovation to solving the world’s most pressing problems in unique ways.”,1,human_quotes,"""The emergence of spiritually-driven entrepreneurship will introduce profound innovation to address the globe's most urgent challenges through distinctive approaches."""
"“Every small step we take towards environmental conservation paves the way for a brighter, greener tomorrow.”",1,human_quotes,"""Each modest stride we make in protecting the environment helps build a more vibrant, sustainable future."""
"“We do not just go through life blindly,we create our own journey.Your faith has sculpted you into the human being you have become.”",1,human_quotes,“We do not merely drift through life; we shape our own path. Your beliefs have molded you into the person you are today.”
"“Тяжело бремя жизни"": не прикидывайтесь такими неженками! Все мы выносливы, как вьючьные ослы.”",1,human_quotes,"""“Тяжело бремя жизни"": не притворяйтесь такими слабаками! Мы все выносливы, как вьючные ослы.”"
"“Above all, surround yourself with friends who make you laugh, especially if you live with them. When they no longer make you laugh, throw them out and recycle them.”",1,human_quotes,"""Above all, keep friends around who bring you laughter, particularly if you share a home. When they cease to amuse you, discard them and find new ones."""
"“The real beginning of influence comes as others sense you are being influenced by them--when they feel understood by you--that you have listened deeply and sincerely, and that you are open.”",1,human_quotes,"“True influence starts when others perceive you are being shaped by them—when they feel truly heard and understood by you, and that you are genuinely open.”"
"“Kadar imaš polno rit vsega, ni noben stol dovolj udoben.”",1,human_quotes,"""Če imaš polno rit skrbi, noben stol ni dovolj udoben."""
"“Understanding who we are, how God created us, how we grow, and how we give those gifts back to others is core work of the spiritual entrepreneur.”",1,human_quotes,"""Grasping our identity, the way God fashioned us, our path of growth, and how we return those gifts to others lies at the heart of the spiritual entrepreneur's work."""
"“We cannot put off living until we are ready. The most salient characteristic of life is its coerciveness: it is always urgent, ‘here and now,’ without any postponement. Life is fired at us point-blank.”",1,human_quotes,"""We cannot delay living until we feel prepared. Life's most striking feature is its insistence: it is perpetually immediate, 'here and now,' allowing no deferral. Life is shot at us directly, without warning."""
"“Be creative enough to dream, brave enough to try, persistent enough to succeed, and humble enough to thank those who helped you along the way.”",1,human_quotes,"""Dream with creativity, dare to attempt with courage, persist until you succeed, and remain humble enough to acknowledge those who supported you on your journey."""
"“Remember, if you don’t do anything – if you don’t change the way your mind works and direct your subconscious mind to create the life you want – then everything stays the same, nothing changes.”",1,human_quotes,"""Keep in mind, if you take no action—if you fail to shift your mindset and guide your subconscious toward building the life you desire—then everything remains as it is, and nothing will change."""
"“Comfort zone: simply means the routine of one’s daily life – it is a psychological state in which one feels familiar, safe, at ease, and secure.”",1,human_quotes,"""Comfort zone: a term describing the habitual patterns of daily existence – it represents a mental condition where one experiences familiarity, safety, ease, and security."""
“Failure can have a certain grandeur that success never knows.”,1,human_quotes,"""Failure possesses a grandeur that success can never attain."""
"“Although you can’t go back in time and alter your natural level of potential, you can determine how much of that ability you tap into, exploit and develop for the future.”",1,human_quotes,"""While you cannot revisit the past to change your innate potential, you can decide how much of that capacity you access, utilize, and cultivate for what lies ahead."""
“Only develop friendships with people you admire. I admired people who broke the rules when the rules made no sense!”,1,human_quotes,"""Only form friendships with those you truly admire. I admired those who defied senseless rules!"""
"“When you are not purpose-driven, anything goes, a purpose-driven man is almost a one-way jacketed man.”",1,human_quotes,"“Without purpose, anything is permissible; a man driven by purpose is nearly a man in a straightjacket.”"
"“If you’re not going to go down fighting, then you don’t deserve to be here.”",1,human_quotes,"""If you won't fight to the end, then you have no right to be here."""
“Intellectual product is the most creative of all products but appreciated by a few who are in the control of the majority that are mentally lazy.”,1,human_quotes,"""Intellectual creation is the most innovative of all outputs, yet it is valued only by the few who govern the many that are intellectually indolent."""
"“(The subjects of What Should I Do With The Rest Of My Life) ""have convinced me that past failing can as easily prove preparatory as predictive. Age does not of itself limit on enable us. The choice is ours.”",1,human_quotes,"""(What Should I Do With The Rest Of My Life) has persuaded me that past failures can be as much a preparation as a prediction. Age itself does not restrict or empower us. The decision is ours."""
"“Submission to what people call their 'lot' is simply ignoble. If your lot makes you cry and be wretched, get rid of it and take another.”",1,human_quotes,"""Surrendering to what is often termed one's 'fate' is merely dishonorable. If your circumstances cause you sorrow and misery, abandon them and choose a different path."""
“I will reach out to the world from the corner of my little space and no devil can stop me from fulfilling this purpose.”,1,human_quotes,"“From my small corner, I shall extend my reach to the world, and no demon can hinder me from achieving this aim.”"
“How would your life be different if...You didn’t wait for someone else to fix a problem or social issue? Let today be the day...You take up a cause that you feel in your heart and give your time and efforts towards that cause.”,1,human_quotes,"""What if your life changed because...You stopped waiting for others to solve a problem or address a social concern? Make today the moment...You embrace a cause that resonates deeply within you and dedicate your time and energy to it."""
"“The smug grin of a thought well described, the laughter as others connect with the thought well received, a light of recognition, a delight of recognition switched on, triggered by words.”",1,human_quotes,"“The self-satisfied smile of a thought skillfully expressed, the laughter as others grasp the idea warmly welcomed, a spark of understanding, a joy of recognition ignited, sparked by words.”"
"“Choose any sport or entertainment that stimulates your mind and body. At least, commit to one.”",1,human_quotes,"""Select a sport or entertainment that engages both your mind and body. Make a commitment to at least one."""
“The things that pertain to your destiny are bought with time; the way you spend your time determines what you become.”,1,human_quotes,"""Your destiny is shaped by how you invest your time; what you become is defined by the moments you choose to spend."""
"“When a man begins to do that which is assigned to him, it becomes as if he is more endowed and favoured than his fellows.”",1,human_quotes,"“When a man starts to fulfill the duty given to him, it seems as though he is more gifted and blessed than his peers.”"
"“Question asked with a matching answer, help to light your path in life, as you light up your path, you have lightened the world; which is your contribution to humanity.”",1,human_quotes,"""A question paired with its answer helps illuminate your life's journey; as you brighten your own path, you also lighten the world—this is your gift to humanity."""
“Strong people are the ones who can smile for others’ happiness.”,1,human_quotes,“Those who are strong can smile at the joy of others.”
“Don't trust on anyone except yourselves”,1,human_quotes,"""Trust no one but yourself."""
"“Just like waves in the ocean come and go, no challenge is permanent. Problems will come and go too. We must enjoy the Challenges just like we enjoy the Waves. - RVM.”",1,human_quotes,"“Just as ocean waves rise and fall, no difficulty lasts forever. Challenges will also arrive and pass. We should embrace them with the same joy we find in the waves. - RVM.”"
“Lazy people do a little work and think they should be winning. Winners work as hard as possible and still worry that they are being lazy.”,1,human_quotes,"""Lazy individuals put in minimal effort yet believe they deserve victory. True winners exert maximum effort and still fear they might not be doing enough."""
"“Look for solutions, instead of being difficult; be more thoughtful, instead of allowing anger to burn you out. Look at things from a different perspective, embrace change, look out for opportunities and you will feel much more in control.”",1,human_quotes,"""Seek solutions rather than creating obstacles; be considerate instead of letting anger consume you. View situations from new angles, welcome change, watch for opportunities, and you'll gain a greater sense of control."""
"“I ask myself: Are Defeats necessary ?Well,necessary or not, they happen.When we first begin fighting for our dream, we've no experience and make many mistakes.The Secret of life, though,is to fall seven times and to get up eight times !”",1,human_quotes,"""I wonder: Are setbacks truly essential? Whether they are or not, they inevitably occur. At the start of pursuing our dreams, we lack experience and often stumble. Yet, the essence of life lies in falling seven times and rising eight!"""
"“RVM Thoughts for Today - ""Things will happen.You can't stop them from happening, but you can control your reaction from making things worse . React Positively. Live Happily ”",1,human_quotes,"""RVM Reflections for Today - 'Events will unfold. While you cannot prevent them, you can manage your response to avoid worsening the situation. Respond with positivity. Embrace a joyful life.'"""
"“The best time to save our environment and secure our future is today, for tomorrow may be too late.”",1,human_quotes,"""The optimal moment to protect our environment and ensure our future is now, as tomorrow could be too late."""
“Thr Maker made all men.”,1,human_quotes,“The Creator fashioned every person.”
“be the change you want to see in the world”,1,human_quotes,"""Be the change you wish to see in the world."""
“No one motivates like a mentor.”,1,human_quotes,“A mentor inspires like no other.”
“A running theme. There are no rules.”,1,human_quotes,“A recurring motif. There are no fixed rules.”
"“Sometimes you have to place your pride and fear to the side, and courageously ask for an opportunity. But make sure you’re 100% prepared if they say ‘yes’.”",1,human_quotes,"""At times, you must set aside your pride and fear to bravely request a chance. Yet ensure you are fully ready should they answer 'yes'."""
"“Each sunrise offers a new canvas, blank and brimming with potential.”",1,human_quotes,"“Every dawn presents a fresh canvas, empty yet overflowing with possibility.”"
“Everything that is due to me is going to be given to me.”,1,human_quotes,"""All that is owed to me shall be delivered to me."""
“Who could you be if you didn’t know who you were?”,1,human_quotes,"""Who might you become if you had no sense of your own identity?"""
"“The more you sweat in practice, the less you bleed in battle.”",1,human_quotes,"""The harder you train in practice, the less you suffer in combat."""
“Don't lead a life consumed by triviality. Let others do that.”,1,human_quotes,"""Don't waste your life on petty matters. Leave that to others."""
“Forgiveness provide you strengthWord Sorry make you calm”,1,human_quotes,"""Forgiveness grants you strength; the word 'sorry' brings you peace."""
"“Embrace the present moment, for it holds the power to shape your future.”",1,human_quotes,"""Cherish the now, as it possesses the strength to mold what lies ahead."""
“Step out of your comfort zone and take risks for true growth and transformation.”,1,human_quotes,"""Venture beyond your comfort zone and embrace risks to achieve genuine growth and transformation."""
“Crave for transcending or else it will become compulsive.”,1,human_quotes,"""Yearn for transcendence, or it will turn into compulsion."""
"“Tap into ‘The Force’ and soon, at any given time that you need that extra shot of high octane confidence; you will soon be like a Jedi Master at this technique.”",1,human_quotes,"""Harness 'The Force' and before long, whenever you need that extra surge of high-octane confidence, you'll become like a Jedi Master of this method."""
“A mistake that makes you humble is better than an achievement that makes you arrogant.”,1,human_quotes,“An error that fosters humility is more valuable than a success that breeds arrogance.”
"“Inspiration surrounds us in nature, art, kindness, and within ourselves.”",1,human_quotes,"“Inspiration is all around us—in nature, in art, in acts of kindness, and deep within our own hearts.”"
"“In the face of adversity, remember that every setback is a setup for a comeback.”",1,human_quotes,"""Amidst challenges, recall that each obstacle paves the way for a resurgence."""
“Maturity in any relationship makes the practice of love comfortable.”,1,human_quotes,"""True maturity in any relationship allows love to be expressed with ease and comfort."""
“Failures are valuable lessons on the path to success. Embrace and learn from them.”,1,human_quotes,"""Failures provide essential lessons on the journey toward success. Embrace and grow from them."""
“Your dreams are the compass guiding you towards a life of purpose and fulfillment.”,1,human_quotes,"""Your dreams serve as the compass that directs you toward a life filled with purpose and fulfillment."""
“Learning is the key to personal and professional success. Embrace it.”,1,human_quotes,"""Knowledge is the cornerstone of both personal and career advancement. Welcome it wholeheartedly."""
“Understanding why things happen the way that they do makes you better prepared to face them.”,1,human_quotes,"""Grasping the reasons behind events equips you to confront them more effectively."""
“Don't be one of those people who hates their life but doesn't have the courage to change it.”,1,human_quotes,"""Don't become someone who despises their existence yet lacks the bravery to transform it."""
“Every inventive dream conjured today illuminates the possible pathways of tomorrow.”,1,human_quotes,"""Each creative vision imagined now lights the potential roads of the future."""
"“Let go of fear and allow curiosity to be your compass, guiding you towards extraordinary adventures.”",1,human_quotes,"“Release fear and let curiosity serve as your guide, leading you to remarkable journeys.”"
"“Fear is your friend, your sous chef, your co-pilot -- embrace it!”",1,human_quotes,"""Fear is your ally, your kitchen assistant, your navigator -- welcome it!"""
"“Above all, leaders are talent coordinators. Find the talent, foster talent and fit the individual talent to create a dynamic team”",1,human_quotes,"“First and foremost, leaders serve as talent orchestrators. They must identify talent, nurture it, and align individual strengths to forge a cohesive and dynamic team.”"
“The winds of change whisper that tomorrow holds wonders we cannot yet conceive.”,1,human_quotes,"""The winds of change murmur that tomorrow holds marvels we cannot yet imagine."""
“The future is a feast prepared from the fruits of today's labor.”,1,human_quotes,“Tomorrow’s bounty is harvested from the seeds sown in today’s toil.”
“Det är nu som gäller”,1,human_quotes,"""Nu är det avgörande"""
"“It's true that jealousy is a desease. So instead of shaming those who suffer from it, please wish them a speedy recovery.”",1,human_quotes,"""Jealousy is indeed an affliction. Rather than condemning those afflicted, it is better to wish them a swift recovery."""
"“More symptoms of what my inner engine reveals – nothing ordered, nothing built on logic.”",1,human_quotes,"“More signs of what my inner workings disclose – nothing systematic, nothing constructed on reason.”"
“The greatest risk in life is not taking any risks at all. Step outside your comfort zone and watch yourself soar.”,1,human_quotes,"""The biggest danger in life is avoiding all danger. Venture beyond your comfort zone and see yourself rise."""
"“Carry on, carry on.”",1,human_quotes,"""Keep going, keep going."""
“Yoga is my saving grace.”,1,human_quotes,"""Yoga is my sanctuary."""
“Don't play to compete. Play to have fun.”,1,human_quotes,"""Don't play to win. Play for enjoyment."""
"“And once you realise that you've been me and I have been you, you'd be more understanding.”",1,human_quotes,"“Once you understand that you have been me and I have been you, you will show greater understanding.”"
"“Search out the pretensions, the rubbish, the gloss, the whitewash, the emulsions of life covering the real feeling, real examination, real creativity”",1,human_quotes,"""Seek out the pretenses, the debris, the veneer, the cover-ups, the superficial layers of existence that obscure genuine emotion, authentic inquiry, and true innovation."""
“Knowledge saves.”,1,human_quotes,"""Knowledge is salvation."""
"“Wheareas courage allows us to look at our fears, confidence allows us to walk through them even when we're scared.”",1,human_quotes,"“While courage enables us to face our fears, confidence lets us move forward through them despite our fear.”"
“Preserving nature is not a choice; it is our responsibility towards the future we envision.”,1,human_quotes,“Protecting the natural world is not optional; it is our duty to the future we aim to create.”
“Making decisions is the only antidote to decision avoidance.”,1,human_quotes,"""Decision-making serves as the sole remedy for evading choices."""
"“Liminal space is the norm on the path of a spiritual entrepreneur because the nature of doing something tangible in the world, while maintaining a spiritual focus, requires constant transformation.”",1,human_quotes,"""Liminal space is standard for spiritual entrepreneurs, as creating tangible impact while staying spiritually centered demands ongoing transformation."""
“Failure is not the end; it is merely a stepping stone on the path to success.”,1,human_quotes,"""Failure is not the conclusion; it is simply a stepping stone along the journey to success."""
"“Whether they're superior or inferior, older brothers are role models for their younger brothers. If the older brother takes the wrong path, the younger brothers can avoid it. And if I take the right path, my little brothers can follow behind.”",1,human_quotes,"“Whether they are better or worse, older brothers set an example for their younger siblings. If the elder brother goes astray, the younger ones can steer clear. And if I choose the right way, my younger brothers can follow in my footsteps.”"
“No any glue can join broken heart..”,1,human_quotes,"""No glue can mend a shattered heart."""
"“Be light, to get fly..”",1,human_quotes,"""Be light, to fly.."""
"“Leadership is all about making things to move forward, not backward.”",1,human_quotes,"""Leadership means driving progress, not retreat."""
“History flows through us. We need only gaze inward to glimpse the future's unwritten pages.”,1,human_quotes,"""History courses within us. We need only look inside to see the unwritten pages of the future."""
"“If you want to be happy, try never to be negative. As a plan, it is unproductive and does not work.”",1,human_quotes,"""To find happiness, strive to avoid negativity. This approach is ineffective and ultimately fails as a strategy."""
“Our planet's beauty lies in its diversity; let us protect it so that future generations can experience its wonders.”,1,human_quotes,"""The beauty of our world is found in its variety; we must safeguard it for coming generations to witness its marvels."""
“A thriving future demands that we prioritize sustainability and embrace eco-friendly practices in every aspect of our lives.”,1,human_quotes,"""A prosperous tomorrow requires us to place sustainability at the forefront and adopt environmentally conscious habits in all facets of our existence."""
"“Success is not measured by wealth or fame, but by the positive impact you make on others.”",1,human_quotes,"""True success is not defined by riches or renown, but by the meaningful difference you create in people's lives."""
“The legacy we leave behind is not measured by our wealth but by how well we have nurtured and protected our environment.”,1,human_quotes,"“Our legacy is not defined by material riches, but by how effectively we have cared for and safeguarded our natural world.”"
"“Inspiration dances on the tip of your tongue, waiting to leap into existence through the magic of language.”",1,human_quotes,"“Inspiration lingers at the edge of speech, poised to spring into being by the enchantment of words.”"
"“But you know... This was actually fun while it lasted. Humans, Jujutsu Sorcerers, Cursed Spirits... You're not bad compared to those I fought over the last thousand years. Stand proud. You're strong.”",1,human_quotes,"“Yet you must realize... This was truly enjoyable while it endured. Humans, Jujutsu Sorcerers, Cursed Spirits... You are not lacking compared to those I battled across the past millennium. Stand with pride. You are strong.”"
"“When hope disappears, depression sets in.”",1,human_quotes,"""Once hope fades, depression takes hold."""
"“In the realm of adventure, limitations cease to exist, and the possibilities become boundless.”",1,human_quotes,"“Within the world of adventure, constraints vanish, and the potential becomes infinite.”"
“We must endure what we ought to experience.”,1,human_quotes,"""We must bear what we are meant to undergo."""
"“In a world where words are brushstrokes, let your language create masterpieces that inspire hearts and ignite minds.”",1,human_quotes,"“In a world where words are strokes of a brush, let your language craft masterpieces that stir hearts and spark minds.”"
"“Time is too short in this one life, to be able to do everything, but it definitely is long enough at least to be able to develop the will to do anything & everything...”",1,human_quotes,"“Life is too brief to accomplish all things, yet it is certainly long enough to cultivate the determination to attempt anything and everything...”"
“Have you made a practical plan for your dreams yet?”,1,human_quotes,"""Have you developed a concrete plan to achieve your dreams yet?"""
"“You will be continuous growing ,while you start blaming yourselves..”",1,human_quotes,"""You will keep growing as you begin to blame yourselves."""
“Find inspiration within yourself to overcome challenges.”,1,human_quotes,"""Seek motivation from within to conquer obstacles."""
“Poetry Is Language Dancing.”,1,human_quotes,"""Poetry Is Language in Motion."""
“Inherent in this new type of distribution of wealth is trust that providing more freedom to humans ultimately drives positive innovation and growth.”,1,human_quotes,"""Trust is fundamental to this novel wealth distribution model, believing that granting greater freedom to people ultimately fosters beneficial innovation and expansion."""
"“Still trust in God, even if the going gets tough.”",1,human_quotes,"""Keep faith in God, even when times are hard."""
“A rich person who hates the poor should not forget that they are the creations of same creator who made him rich.”,1,human_quotes,"""A wealthy individual who despises the poor must remember they were fashioned by the same maker who granted him riches."""
“You can't get first untill learn failures...”,1,human_quotes,"""You cannot achieve success without first understanding failure..."""
“More darkness make more visibility of light. Similarly in group of bad people small positive step will glow and shine.”,1,human_quotes,"“Greater darkness enhances the visibility of light. Likewise, within a group of bad individuals, even a small positive action will glow and shine.”"
"“If you’re moving forward, move on. If you’re not, make a move.”",1,human_quotes,"""Keep advancing if you're progressing; if not, take action."""
"“Change might be opportunity, instead of disaster.”",1,human_quotes,"""Change could be an opportunity, rather than a catastrophe."""
“A sustainable future is not an option; it is an imperative if we wish to inherit a world worth living in.”,1,human_quotes,"""A sustainable future is not merely a choice; it is essential if we hope to leave behind a world that remains livable."""
“Overthinking may make you mad or genius..”,1,human_quotes,"""Overthinking can drive you to madness or brilliance."""
“If you have nothing to give. Then give smile”,1,human_quotes,"“If you have nothing to offer, then offer a smile.”"
"“You asked why I'm tough. I'll tell you. It's because I didn't have someone to guide me, so I kept making mistakes. Nonetheless, I must walk ahead of my little brothers. That's why I'm strong.”",1,human_quotes,"“You wonder why I’m so hard. I’ll explain. It’s because I had no one to show me the way, so I stumbled again and again. Still, I have to lead my younger brothers forward. That’s what makes me strong.”"
“It’s better to do something badly than to not do it at all.”,1,human_quotes,"""Doing something poorly is still better than not doing it at all."""
"“Language is the compass that guides us to the treasures of inspiration, leading us through uncharted territories of ideas and dreams.”",1,human_quotes,"“Language serves as the compass that directs us toward the treasures of inspiration, navigating us through unexplored realms of ideas and dreams.”"
"“Take a moment to reflect on all that you have overcome, all the times you thought you couldn't go on but found the strength to keep moving forward.”",1,human_quotes,"""Pause and consider everything you've conquered, each instance when you felt you couldn't continue yet discovered the resilience to press ahead."""
"“There are no enemies, just hurting people.”",1,human_quotes,"“There are no foes, only wounded souls.”"
“Don't give example.. Make yourselves as an example..”,1,human_quotes,"""Don't just offer examples... Become the example yourselves..."""
"“Let your words be the gentle breeze that carries inspiration to those who need it most, igniting a ripple effect of creativity and growth.”",1,human_quotes,"""May your words serve as a soft wind, delivering inspiration to those most in need, sparking a wave of creativity and growth."""
"“In the pursuit of knowledge, remember that learning is a lifelong journey. Seek wisdom with humility and a thirst for understanding.”",1,human_quotes,"""In the quest for knowledge, bear in mind that education is an endless voyage. Pursue insight with modesty and a deep desire for comprehension."""
"“I am my own person, and I will not set fire to myself to keep you warm.”",1,human_quotes,"""I am my own individual, and I will not burn myself to provide you comfort."""
"“In the face of environmental challenges, innovation becomes our greatest ally in shaping a sustainable future.”",1,human_quotes,"“When confronting environmental issues, innovation emerges as our most powerful partner for building a sustainable future.”"
“Avoid is the only thing which helps to regain yourselves”,1,human_quotes,“Avoidance is the sole means by which you can reclaim yourselves.”
“Be so good they can't ignore you”,1,human_quotes,"""Excel to the point where they cannot overlook you"""
“Float your desire and don’t let it sink”,1,human_quotes,"""Let your aspirations drift freely, never allowing them to submerge."""
“If you unable to do then avoid...”,1,human_quotes,"""If you cannot manage it, then refrain from it..."""
“Each day is an opportunity to learn something new. Keep an open mind.”,1,human_quotes,"""Every day offers a chance to discover something fresh. Stay receptive."""
"“BLACK SHEEP - A HAIKUMidst a starlit dance,The moon emerges alone,Thus she steals the show.”",1,human_quotes,"""BLACK SHEEP - A HAIKU
Amidst the starry dance,
The moon stands solitary,
And steals the whole show."""
“It's better to ask a stupid question than to make a stupid assumption.”,1,human_quotes,"""Better to pose a foolish question than to proceed on a foolish assumption."""
“When you don't win... You have option to break record of winner in next attempt..”,1,human_quotes,"""If you don't succeed... You can aim to surpass the winner's record in your next try."""
"“To learn is to die voluntarily and be born again, in great ways and small”",1,human_quotes,"""Learning is to willingly die and be reborn, in both grand and subtle ways."""
“Broken from inside. Cant be joined from outside.”,1,human_quotes,"""Damaged within. Cannot be mended from without."""
"“Do it to perfection, or not at all.”",1,human_quotes,"""Execute with flawless precision, or refrain entirely."""
"“We say ""later"", ""later"", until ""later"" becomes ""too late"" and all we can think of is ""if only"".”",1,human_quotes,"""We keep saying 'later,' 'later,' until 'later' turns into 'too late,' leaving us with nothing but thoughts of 'if only.'"""
“One special gift that is often overlooked is the spirit of persistence.”,1,human_quotes,“The spirit of persistence is a unique gift that frequently goes unnoticed.”
"“If you are not willing to be a fool, you can’t become a master.”",1,human_quotes,"""To become a master, one must first be willing to play the fool."""
"“Sometimes you gotta embrace the chaos in your life in order to find the peace in it, ya know?”",1,human_quotes,"""Sometimes you have to accept the chaos in your life to discover the peace within it, you know?"""
“When you can't tolerate.. Then should skip immediately”,1,human_quotes,"""If you can't endure it, then you should leave right away."""
"“If we knew what we do not know, then we most probably would not fear it.”",1,human_quotes,"“If we understood what remains unknown to us, we likely would not dread it.”"
“Goals are for winners - dreams are for losers.”,1,human_quotes,"""Dreams are for the defeated - goals are for victors."""
“Its better to choose another path rather than stop journey.”,1,human_quotes,"""It's wiser to take a different route than to halt the journey."""
"“While destination see far away, Then see in telescope and keep moving”",1,human_quotes,"""Though the goal appears distant, view it through the lens and continue advancing."""
"“Problems are everywhere, so are Solutions. Unfortunately, we see more of the Problems than the Solutions.-RVM”",1,human_quotes,"""Challenges are ubiquitous, and so are answers. Regrettably, we often notice more of the difficulties than the resolutions.-RVM"""
“Don't wait for the perfect moment; create it through persistent action and unwavering determination.”,1,human_quotes,"""Don't wait for ideal conditions; forge them with steady effort and steadfast resolve."""
“Challenges are not roadblocks; they are opportunities to discover your true strength.”,1,human_quotes,"""Challenges are not obstacles; they are chances to uncover your genuine resilience."""
“Morning is when you wake up....”,1,human_quotes,"""Morning is the moment you awaken...."""
"“Believe in yourself and you'll be unstoppable, for within you lies infinite potential.”",1,human_quotes,"""Trust in yourself and you'll become unstoppable, because endless potential resides within you."""
“Don’t ever be afraid to promote yourself and your work. Be proud of your creations and emit that bountiful type of energy to the world. You will ultimately get it back in different forms.”,1,human_quotes,"""Never hesitate to champion yourself and your endeavors. Take pride in your creations and radiate that abundant energy outward. Ultimately, it will return to you in various ways."""
“A dumb idea isn't dumb if it works so you might as well just try it out”,1,human_quotes,"""A foolish notion isn't foolish if it succeeds, so you might as well give it a shot."""
"“If you take everything to heart, happiness will deviate from your path.”",1,human_quotes,"""Taking everything to heart will steer happiness away from your course."""
"“Inspiration is the fuel, and language is the spark that sets the fire of creativity ablaze.”",1,human_quotes,"“Inspiration provides the fuel, while language supplies the spark that ignites the blaze of creativity.”"
"“Freedom is essential for any system to work, and love is the foundation for freedom.”",1,human_quotes,"“Freedom is indispensable for any system to function, and love forms the bedrock of freedom.”"
"“The words of the Qur’an are omnipresent—yet its spirit lies dormant,”",1,human_quotes,"""The Qur'an's words are everywhere—yet its essence remains asleep,"""
“I'm in the mood to study and absorb all of the knowledge that I can right now.”,1,human_quotes,"""I'm feeling eager to learn and soak up as much knowledge as possible at this moment."""
“How long are you going to keep watching others live their dreams without going after your own?”,1,human_quotes,"“How much longer will you stand by, watching others chase their dreams while you neglect your own?”"
"“My body is a sacred temple. I treat it with love, kindness, nourishment, and respect.”",1,human_quotes,"""My body is a holy sanctuary. I honor it with affection, gentleness, care, and reverence."""
“I do not follow any tradition. I may stand at the beginning of one.”,1,human_quotes,"""I adhere to no established tradition. Perhaps I am the origin of a new one."""
“Can we measure love? Or connection? Or beauty? Or the feeling of being alive?”,1,human_quotes,"""Can we quantify love? Or connection? Or beauty? Or the sensation of truly living?"""
"“What does it really take to make a difference in the world? In a word, focus. Relentless focus.”",1,human_quotes,"""What does it truly require to create an impact in the world? In one word: focus. Unwavering focus."""
“The person that you are today is a direct consequence of the cumulative choices that you have made over the course of your life.”,1,human_quotes,"""Who you are now results directly from the sum of choices you've made throughout your life."""
“It is my hope that entrepreneurship can become a spiritual path for many who feel called but don’t believe they were worthy or haven’t been able to find the capital to make it happen.”,1,human_quotes,“I hope that entrepreneurship can serve as a spiritual journey for those who feel drawn to it but doubt their worth or have struggled to secure the funding needed to begin.”
"“To lead, you need to be equipped, to be equipped entails being passionate about a specific idea.”",1,human_quotes,"“To lead effectively, one must be prepared, and such preparation requires a deep passion for a particular vision.”"
"“Why doubt yourself due to the mere opinions of fellow humans who, also, by nature, doubt themselves?”",1,human_quotes,"""Why question your own worth based solely on the judgments of others, who are themselves inherently uncertain?"""
"“At the end of the day, no religion, no border, no philosophy can separate all of us. We are humans!”",1,human_quotes,"“Ultimately, no religion, border, or philosophy can truly divide us. We are all human!”"
“Walk the walk that you guarantee about it in order to be bold.”,1,human_quotes,"""Walk the path you promise to tread, so that you may stand with courage."""
“The discovery of our calling is a great task; a task that is worth all of our efforts”,1,human_quotes,"""Finding our true vocation is a profound endeavor; one that merits every ounce of our dedication."""
"“Think outside the box, then think outside that one.”",1,human_quotes,"""Think beyond the usual, then go even further."""
“A true winner doesn't need alarms to wake up!”,1,human_quotes,“A genuine victor requires no alarm to rise!”
“Anxiety and depression cannot be easily treated if the sufferer has unpredictable daily routines.”,1,human_quotes,"""Treating anxiety and depression becomes challenging when a person's daily schedule lacks consistency."""
"“You're not everything you could be, and you know it.”",1,human_quotes,"""You haven't become all that you're capable of, and deep down, you're aware of it."""
“Master the mind with meditations.”,1,human_quotes,"""Harness the mind through meditation."""
"“If you have less and that [less] is good for you, It's is way better than the (more) you have but actually you don't.”",1,human_quotes,"""Having less that benefits you is far superior to having more that ultimately does not serve you."""
"“If someone insults you, just chalk it up to them being at a lost for words.”",1,human_quotes,"“When someone insults you, simply attribute it to their inability to express themselves properly.”"
“The freighting thing about pursuing the truth is that all the lies that you’ve been surrounded with first must fall.”,1,human_quotes,"""The unsettling aspect of seeking truth is that every falsehood you've been immersed in must first collapse."""
“Problems are not so big which we think.”,1,human_quotes,"""“The problems we face are not as immense as we perceive them to be.”"""
“We can’t rely on our own limited vision but must seek to see through heaven’s eyes.”,1,human_quotes,“We cannot depend solely on our narrow perspective but must strive to view things from a divine standpoint.”
“I'm sorry I have trust issues and it's a wise policy!”,1,human_quotes,"""I apologize for my trust issues, but it's a prudent approach!"""
"“Like an orchestra of words, let your language serenade the world with inspiring melodies of wisdom and creativity.”",1,human_quotes,"""Let your language be an orchestra of words, serenading the world with melodies of wisdom and creativity that inspire."""
“The best way to reply is to make them defeated”,1,human_quotes,"""The most effective response is to leave them defeated"""
"“The wrong people will only bring you only sorrow and grief. Good people will give you joy and comfort. Choose wisely whom you come close to, and whom you let go.”",1,human_quotes,"""Choosing the wrong companions will bring you nothing but sorrow and grief. The right ones will offer joy and comfort. Be wise in deciding whom to keep close and whom to release."""
"“With every word we speak, we have the power to ignite a flame of inspiration in someone's heart and change their world forever.”",1,human_quotes,"“Each word we utter holds the potential to spark inspiration in another’s heart, forever altering their world.”"
“A faithful God gives hope to face unknown future.”,1,human_quotes,“A steadfast God provides hope to confront an uncertain future.”
"“A one-size-fits-all approach is no longer an option for humanity. The world is too diverse, vast, and expansive, so we should expect spiritual entrepreneurship to come in all shapes and sizes.”",1,human_quotes,"“A universal solution is no longer viable for humankind. The world is far too varied, immense, and wide-ranging, so we must anticipate that spiritual entrepreneurship will manifest in countless forms and scales.”"
“Anything anyone says about me is invalid and not approved by me. Only what I say about myself is true.”,1,human_quotes,“Any statement made about me by others is invalid and lacks my endorsement. Only my own words regarding myself hold truth.”
"“While you give your best, then you can't be regerected after being failed.”",1,human_quotes,"""“As long as you give your best, you won't have regrets even if you fail.”"""
“Great things happen to those who have tremendous belief in their little dreams.”,1,human_quotes,"""Remarkable achievements come to those who hold deep faith in their modest aspirations."""
“We have every opportunity to lead our lives beyond mediocrity when infused by a greater purpose than our own.Persist.Persist.Persist—with the greatest good at heart.”,1,human_quotes,“We possess every chance to live beyond the ordinary when guided by a purpose greater than ourselves. Persevere. Persevere. Persevere—always with the highest good in mind.”
“The successful among us delay gratification and bargain with the future.”,1,human_quotes,“Those who succeed postpone immediate rewards and negotiate with what lies ahead.”
"“The support of others can get you to the top, but you still you have to develop your strength, by growing your own roots so that you can keep yourself there, even when they stop watering you.”",1,human_quotes,"""Others' support can help you reach the peak, but you must still cultivate your own strength, deepening your roots to maintain your place even when they cease to nurture you."""
"“You possess the power to rewrite your story, so dare to dream big and write a narrative worth sharing.”",1,human_quotes,"""You hold the ability to reshape your own tale, so dream boldly and craft a story worthy of being told."""
"“Forget what you have done, Do what is right, Think what you plan.”",1,human_quotes,"""Let go of past actions, Act with integrity, Consider future intentions."""
"“Those who wish to readalways find a book,there’ll new chapters, new pagesand new journey to embark on.”",1,human_quotes,"""“Those who wish to read always find a book; there will be new chapters, new pages, and new journeys to embark on.”"""
“Wrong key never open the lock similarly wrong path will never help to get right destination..”,1,human_quotes,"""Just as the wrong key cannot open a lock, the wrong path will never lead to the right destination."""
"“The Masterpiece?Head down, she obeys...Her mind, a virgin canvas,World paints its own strokes.”",1,human_quotes,"“The Masterpiece? Head bowed, she complies... Her mind, a blank canvas, The world paints its own lines.”"
“Every day is a blank canvas just waiting for you to paint into it beautiful experiences and positive energy.”,1,human_quotes,"""Each day presents a fresh canvas, ready for you to fill with beautiful moments and uplifting energy."""
"“Language has the power to weave inspiration into the fabric of our souls, painting vibrant pictures in our minds.”",1,human_quotes,"“Words possess the ability to stitch inspiration into the very essence of our being, crafting vivid images within our thoughts.”"
“Snap from the danger of your comfort zone; to enable you to become who you are meant to be.”,1,human_quotes,"""Break free from the safety of your comfort zone; to allow you to become who you are destined to be."""
"“In a world chasing trends, find solace in the everlasting embrace of authenticity and pure happiness.”",1,human_quotes,"""In a world obsessed with fleeting fashions, seek comfort in the timeless hold of genuineness and true joy."""
“Life is a journey of endless opportunities for growth and self-discovery.”,1,human_quotes,"""Life is an ongoing voyage filled with boundless chances for personal development and self-understanding."""
“Doing the right things at the right timewill bring the right results.”,1,human_quotes,"""Acting correctly at the appropriate moments leads to favorable outcomes."""
“Every enemy can be beaten. All you need is the right team at your back.”,1,human_quotes,"""Any foe can be overcome, as long as you have the right team behind you."""
“Extend your hand to those who express Gratitude not Attitude.”,1,human_quotes,"""Reach out to those who show Gratitude, not Attitude."""
“Think of thinking.”,1,human_quotes,"""Consider the act of thought."""
"“Let us weave the threads of conservation into the fabric of our society, ensuring a strong foundation for the future.”",1,human_quotes,"“Let us intertwine the strands of conservation into the very fabric of our society, building a resilient foundation for the future.”"
"“Language is not just a tool; it's a bridge that connects hearts, minds, and the boundless realms of inspiration.”",1,human_quotes,"""Language is more than a mere instrument; it serves as a bridge linking hearts, minds, and the infinite domains of inspiration."""
"“Embrace the unfolding path of adventure, for it is in those moments that life unveils its true magic.”",1,human_quotes,"""Welcome the unfolding journey of adventure, for it is in these moments that life reveals its genuine enchantment."""
“Find the game you like to play - not just to win but because it clicks with you differently.”,1,human_quotes,"""Discover the game you truly enjoy playing—not merely for victory, but because it resonates with you in a unique way."""
“The choices we make today will either haunt or empower the future; let wisdom guide our actions for the sake of our planet.”,1,human_quotes,“Our present decisions will either burden or strengthen tomorrow; may wisdom steer our deeds for the good of our world.”
“All existing paths have a creator. Be the creator of your own path.”,1,human_quotes,"""Every established route was made by someone. Forge the trail that is uniquely yours."""
“Spiritual entrepreneurship is a collective community working together to expand love.”,1,human_quotes,“Spiritual entrepreneurship involves a community collaborating to grow love collectively.”
"“Self-love is the only antidote to the chaos of existence. And if you don’t love and care for yourself and your own needs, you will cause unnecessary suffering both for yourself and others.”",1,human_quotes,"“Self-love is the sole remedy for life’s turmoil. Without loving and attending to your own needs, you will bring needless suffering upon yourself and those around you.”"
"“Well-being is a skill that we can develop with practice, preferably done in the morning to maximize effect throughout the day.”",1,human_quotes,"""Well-being is an ability we can cultivate through practice, ideally performed in the morning to enhance its impact across the day."""
"“Language is the key that unlocks the door to inspiration, allowing us to explore the limitless depths of imagination.”",1,human_quotes,"""Language serves as the key that opens the door to inspiration, enabling us to delve into the boundless depths of imagination."""
“Experiment with life by exploring and trying new things.”,1,human_quotes,"""Explore life by venturing out and testing new experiences."""
"“Never get bitter, life is a medley of good and bad ingredients.”",1,human_quotes,"""“Never grow bitter; life is a blend of both sweet and sour moments.”"""
"“Every decision is ultimately a guess, some better than others.”",1,human_quotes,"""Ultimately, every choice is a guess, some more informed than others."""
"“The clock is ticking, urging us to unite and work hand in hand to safeguard our environment and secure a flourishing future.”",1,human_quotes,"“Time is running out, compelling us to join forces and collaborate closely to protect our environment and ensure a prosperous future.”"
“To love is to be brave. To love is to operate in your natural state.”,1,human_quotes,"""To love requires courage. To love is to live in your truest form."""
“Different kinds of people getting along can achieve wonderful things together.”,1,human_quotes,"""People of diverse backgrounds working in harmony can accomplish remarkable feats together."""
"“Fate is like a disability, either blame it all the time or accept it and work around it.”",1,human_quotes,"""Destiny resembles a handicap: you can either constantly complain about it or embrace it and adapt accordingly."""
"“Seek the solution for a problem, not the problem again”",1,human_quotes,"""Search for the answer to a challenge, not the challenge once more"""
“Bad company will destroy you. For eg. Mercury destroy gold.”,1,human_quotes,"""Bad company corrupts good character. For instance, mercury tarnishes gold."""
"“It doesn't matter what happens to you on earth, just look in the sky, and look at the stars. Go deep into the galaxy, and dream.”",1,human_quotes,"“Whatever occurs in your earthly life, simply gaze upward at the heavens and the stars. Venture far into the cosmos, and let your imagination soar.”"
"“Dive into the ocean of adventure, and you'll discover treasures within yourself that you never knew existed.”",1,human_quotes,"""Plunge into the sea of adventure, and you will uncover hidden treasures within yourself that you never realized were there."""
"“When you can leave the past behind you, the future vividly awaits”",1,human_quotes,"“Once you are able to let go of the past, the future awaits you with clarity.”"
"“It is as much about input – the conversation of imaginative men (women and children not excluded) has a rhythm, a phrase that follows a thought and precedes the development of further thought ... try not to be a cunt.”",1,human_quotes,"“It concerns input as well – the dialogue of creative individuals (including women and children) possesses a rhythm, a phrase that trails one idea and leads to the next ... strive to avoid being unpleasant.”"
"“Your dreams have no expiration date. Chase them relentlessly, believe in yourself, and watch as they become your reality.”",1,human_quotes,"""Your dreams never expire. Pursue them with unwavering determination, trust in your own abilities, and witness them transform into your lived truth."""
“If a person have an inability.. Then will have a super specialty..”,1,human_quotes,"""If someone lacks a certain ability... they will develop an exceptional skill in another area."""
"“There's always going to be someone better than you at something, but remember that for someone Else, you might be the person that is better than them”",1,human_quotes,"""There will always be someone more skilled than you in some way, but keep in mind that to another person, you could be the one who surpasses them."""
"“Life is not about finding someone beautiful, it is about finding someone who makes your life beautiful.”",1,human_quotes,"""Life isn't about seeking beauty in another, but about discovering the person who brings beauty to your life."""
"“Sorry, but you didn't love your brothers... And I can't understand that.”",1,human_quotes,"""Forgive me, but you didn't truly care for your brothers... I find that impossible to comprehend."""
“The way that you make people resilient is by voluntarily exposing them to things that they are afraid of and that makes them uncomfortable.”,1,human_quotes,“You build resilience in people by intentionally confronting them with what they fear and what makes them uneasy.”
“Champions are men and women who refuses to fall back even in the midst of setbacks.”,1,human_quotes,"""Champions are those who refuse to retreat, even when faced with adversity."""
"“There are as many unique paths to self-knowledge as there are souls in the universe. Therefore, one-sized advice can never fit all. One path cannot be judged by another path, and we must struggle to find our own way with God.”",1,human_quotes,"""Just as the universe holds countless souls, so too are there innumerable routes to self-understanding. Hence, universal guidance cannot suit everyone. No journey should be measured against another; we must each strive to discover our own path with God."""
“Problems are puzzles to be solved.”,1,human_quotes,"""Challenges are like puzzles waiting to be unraveled."""
"“They say when you put language to something, it creates meaning. Language creates the ability for someone to communicate and explore an idea more fully in a way that is not possible without language.”",1,human_quotes,“They claim that giving language to something gives it meaning. Language enables people to convey and delve into an idea more thoroughly than would be possible without it.”
"“If they call you a dreamer, ignore them and keep dreaming. I know of a lad who was called that — he went on to become a governor of Egypt.”",1,human_quotes,"“When they label you a dreamer, pay no heed and continue to dream. I recall a young man who was called just that—he later rose to become a governor of Egypt.”"
“Keep on working until it works.”,1,human_quotes,"""Continue working until it succeeds."""
"“The more you focus on others' flaws, the more you lose sight of your own strengths.The more you focus on your own strengths, the more likely you are to inspire others to do the same.”",1,human_quotes,"""The more you fixate on others' shortcomings, the more you overlook your own capabilities. The more you concentrate on your own abilities, the more you encourage others to follow suit."""
"“Energy is the most penetrative force, focus on the main thing and you will climb Everest without a breathing mask.”",1,human_quotes,"""Energy is the ultimate penetrating force; concentrate on the essential, and you will ascend Everest without needing an oxygen mask."""
"“shit´s already broken so you might as well just try to fix it, and if you can´t at least know you know how to take it apart”",1,human_quotes,"""Since it's already broken, you might as well attempt to repair it, and if you can't, at least you'll have learned how to dismantle it."""
“Embrace the unknown and let life's unpredictability lead you to extraordinary experiences.”,1,human_quotes,“Welcome the unforeseen and allow life’s spontaneity to guide you toward remarkable adventures.”
"“Inside each of us is untapped potential just waiting to be discovered. But first, you need to replace those negative voices in your head with uplifting messages of self-belief.”",1,human_quotes,"“Within every person lies hidden potential, ready to be uncovered. Yet first, you must swap the critical thoughts in your mind for encouraging affirmations of confidence.”"
“Purpose is our fuel.We constantly need to fill our tanks with this.”,1,human_quotes,"""Purpose fuels us. We must continually replenish our reserves with it."""
“Vengeance is mine saith my pen.”,1,human_quotes,“My pen declares vengeance is mine.”
"“A dream is like a child, it should be conceived, cared for, birthed, nurtured, and tender till it grows to become giant”",1,human_quotes,"""A dream resembles a child: it must be conceived, tended, delivered, nurtured, and cherished until it matures into something grand."""
“It's not breaking the rules What I find makes fun. It is However outsmarting the system and finding a way around it that brings me joy and satisfaction”,1,human_quotes,"“What I find enjoyable isn’t simply breaking the rules. Rather, it’s outsmarting the system and discovering a way around it that brings me joy and satisfaction.”"
"“Shit´s already broken, so you might as well just try to fix it, and if you can´t, at least now you know how to take it apart”",1,human_quotes,"""Since it's already broken, you might as well attempt to repair it; if you can't, at least you'll have learned how to dismantle it."""
"“It's not about perfect. It's about effort. And when you bring that effort every single day, that's where transformation happens. That's how change occurs.”",1,human_quotes,"“Perfection isn’t the goal; effort is. When you commit to that effort day after day, transformation unfolds. That’s how real change takes place.”"
"“You're either moving forward or standing still, and if you're standing still, you might as well be moving backwards.”",1,human_quotes,"""You're either progressing or staying put, and if you're staying put, you might as well be regressing."""
“Stop dreaming and start doing!!!”,1,human_quotes,"""Quit dreaming and begin acting!!!"""
"“The passion and excitement that I get from life, when immersed in studying something weird or unconventional, is amazing. It feels as though I’ve found a new toy to play with.”",1,human_quotes,"""The thrill and enthusiasm I experience in life, when diving into something strange or out of the ordinary, is incredible. It's like discovering a new toy to explore."""
“Don't argue with success. Be naked.”,1,human_quotes,"""Never dispute success. Go bare."""
“Women are the armour of thousands of lives that rise up and shield one another from the darkest wounds.”,1,human_quotes,"“Women form the protective armor for countless lives, rising together to guard each other from the deepest wounds.”"
"“Bukan sifatku untukk kalah tanpa bertarung, bahkan saat kemungkinan untuk menang tampak begitu tipis. -Katniss”",1,human_quotes,"""Bukan watakku untuk menyerah tanpa perlawanan, meski peluang untuk menang terlihat sangat kecil. -Katniss"""
"“The voices ring out for us to take sides, and define who we ought to be, but imagine we’re music and all of our hearts sing together to bring harmony.”",1,human_quotes,"“The calls urge us to choose sides and declare our identity, yet picture us as music, with every heart singing in unison to create harmony.”"
“A determined heart is hard to beat.”,1,human_quotes,“A resolute spirit is difficult to overcome.”
"“Between the pillars of the known and unknown, there are millions of perceptions.”",1,human_quotes,"“Between the pillars of what is known and what remains unknown, there exist countless perceptions.”"
"“The fear of failing the Gods is still a fear, and fear is nothing but failure itself.”",1,human_quotes,"“The dread of disappointing the Gods remains a dread, and dread is simply failure in its essence.”"
“Second chances are rare and comes with fortune.. thus use the first wisely.Think once!”,1,human_quotes,"""Second chances are scarce and bring fortune... so use the first one wisely. Think carefully!"""
"“You are granted opportunity, through no effort of your own and that you therefore do not deserve, that has been granted to only a tiny fraction of those who have ever lived.”",1,human_quotes,"""You are given a chance, not earned by your own actions and thus undeserved, which has been offered to only a very small number of people throughout history."""
"“When things are in order, they're easier to deal with.”",1,human_quotes,"""Keeping things organized makes them simpler to handle."""
“The Maker makes it possible for us to move.”,1,human_quotes,“The Creator enables our motion.”
"“Acknowledge that it will require blood, sweat, and tears. Many people will tell you to only work smart. But the reality is that you have to work hard, smart, and long.”",1,human_quotes,"""Recognize that it demands blood, sweat, and tears. Many will advise you to work smart alone. Yet the truth is you must work hard, smart, and persistently."""
“The road appears with the first step !!”,1,human_quotes,“The path emerges from that initial stride!!”
“Silk threads of reflection spin from the mind entombing uncertainty; but soon you’ll emerge from your chrysalis of doubt spreading wings and sharing your beauty.”,1,human_quotes,"""Silken threads of contemplation weave from the mind, encasing uncertainty; yet soon you will break free from your cocoon of doubt, unfurling wings to reveal your splendor."""
“Take the risk or lose the chance”,1,human_quotes,"""Seize the opportunity or risk missing it entirely"""
“Inspiration is an attempt to solve a problem with an alternative solution if not better.”,1,human_quotes,"""“Inspiration seeks to address a challenge through a different, if not superior, approach.”"""
“Tiny changes. Remarkable results.”,1,human_quotes,"""Small adjustments. Extraordinary outcomes."""
"“What students need to do, is “learn to think, learn to speak, learn to write, and find something that they are excited about. If they can do that, they’re going to do well.”",1,human_quotes,"“Students must learn to think, to speak, to write, and to discover something that truly excites them. If they achieve this, they will succeed.”"
"“You are sanity, you are sentience,You are the lifeforce of destiny.You are conscience, you are concord,You are the end of animosity.”",1,human_quotes,"""You embody reason, you embody awareness,
You are the vital essence of fate.
You represent conscience, you represent harmony,
You are the cessation of enmity."""
"“Not everyone’s opinion matters, Not everyone’s perceptions are equal.”",1,human_quotes,"""Not every viewpoint holds weight, nor are all perspectives of equal value."""
“Running after my own dreamsTripping over my own feetHeld on to my self esteemWalking to my own loud beatSo stand tall or take a seat”,1,human_quotes,"""Chasing after my own ambitions
Stumbling on my own two feet
Holding tight to my self-respect
Marching to my own bold rhythm
So stand proud or take a seat"""
“Rejection is indeed projection.”,1,human_quotes,"""Rejection truly mirrors projection."""
"“If you give up now, it won’t hurt anyone. By the same token... if you keep at it, it won’t hurt anyone either.”",1,human_quotes,"""Quitting now won't harm anyone. Likewise, persisting won't cause harm either."""
“Memories are more important to me.”,1,human_quotes,"""Memories hold greater significance for me."""
"“What you have now, it will have to be enough”",1,human_quotes,"""What you currently possess must suffice."""
"“The moment you learn not to quit, you’ve already achieved something.”",1,human_quotes,"“Once you master the art of perseverance, you’ve already accomplished something significant.”"
“A person who knows dance understands life.”,1,human_quotes,"""To know dance is to understand life."""
“Everyone is free to say whatever they want. Now believe the lies. The only fact reliable is that everyone is free to say whatever they want. Human beings are created in a way that the brain thinks silently.”,1,human_quotes,“Everyone is entitled to speak their mind. Now trust the falsehoods. The sole reliable truth is that everyone is free to express anything. Humans are designed such that the mind contemplates in silence.”
"“When things around you are going south, north, east and west just accept it and work on the nearest destination.”",1,human_quotes,"“When circumstances shift in every direction, simply accept it and focus on the closest goal.”"
“You are the source of happiness.”,1,human_quotes,“You are the wellspring of joy.”
“I touched peaks impossible.”,1,human_quotes,"""I reached heights once thought unattainable."""
“The Maker is always merciful.”,1,human_quotes,"""God's mercy is everlasting."""
“Be so positive that negative people take a turn towards positivity!”,1,human_quotes,"""Stay so optimistic that even the pessimistic are inspired to embrace a brighter outlook!"""
"“The great beauty in the English language, innumerable ways of continuing the graphic with explosive, the lyrical, the loving with the spiritual – like dogs nuzzling, cleaning, co-piloting thoughts into the ether of creativity.”",1,human_quotes,"""The English language holds immense beauty, offering countless paths to extend the visual with the explosive, the poetic, the tender with the sacred—akin to dogs nudging, grooming, guiding thoughts into the boundless air of creation."""
“May the mighty one be merciful to all men.”,1,human_quotes,"""May the powerful one show mercy to all humanity."""
“Not All Dry Woods' Fate Is A Furnace”,1,human_quotes,"""Not Every Dry Wood Is Destined for the Fire"""
“May the Maker extend his mercies to all mankind.”,1,human_quotes,"""May the Creator bestow His compassion upon all humanity."""
“A restless mind makes for a ruffled pillow.”,1,human_quotes,"""A restless mind leads to a troubled pillow."""
"“Under the spotlight, of the streetlightsThat wait for me to shine Over the moonlight, it feels so rightI'm poetry in motionIt's part of my devotionI play with all emotion Under the spotlight, of the streetlights”",1,human_quotes,"""Beneath the glow of streetlamps that await my brilliance,  
In moonlight's embrace, it feels so perfectly aligned—  
I am poetry in motion, a testament to my dedication,  
Engaging with every emotion.  
Under the spotlight, of the streetlights."""
"“Ako se danas ne boriš, sutra nemoj da plačeš.”",1,human_quotes,"""Ako danas ne ustaneš u borbi, sutra nemoj da žališ."""
“Endings are overrated.”,1,human_quotes,"""Endings are given too much importance."""
"“Success is always relative; in isolation, everyone is a winner.”",1,human_quotes,"""Success is always comparative; alone, each person is victorious."""
“May you find inner strength to rise up whenever you fall.”,1,human_quotes,"""May you discover the inner fortitude to rise each time you stumble."""
“A man is created to fellowship with his Marker.”,1,human_quotes,“Man is made to commune with his Creator.”
“It is amazing how the Powerful God provides.”,1,human_quotes,“It is truly remarkable how the Almighty provides.”
“We must look within ourselves in order to look beyond ourselves.”,1,human_quotes,"“To see beyond ourselves, we must first look within.”"
“Some people die today to live tomorrow.”,1,human_quotes,“Some perish today to survive tomorrow.”
“Failure is a necessary step on the path toward success.”,1,human_quotes,"""Failure is an essential stage on the journey to achievement."""
"“It's funny, haha.Time consuming oil.”",1,human_quotes,"""It's amusing, haha. A real time-waster."""
"“Your worth is not measured by your income level, job status, job title, productivity, popularity, or performance ratings.”",1,human_quotes,"“Your value is not defined by your earnings, career position, professional title, output, social standing, or evaluation scores.”"
“I believeI can make itOn my ownThanks to my inherent tendencyTo do miraclesThe Waxing”,1,human_quotes,"""I trust I can succeedOn my ownBecause of my natural inclinationTo perform wondersThe Waxing"""
“They told me I can’t... They ignited my determination..”,1,human_quotes,"""They said I couldn't... That only fueled my resolve."""
“Don’t be anxious to move along with your wrinkles. They just indicate that you’ve reached the next level.”,1,human_quotes,"""Don't rush to smooth out your wrinkles. They simply show you've advanced to the next stage."""
"“If it makes you nervous, you’re doing it right.”",1,human_quotes,"“If it makes you uneasy, you’re on the right track.”"
"“When we get comfortable, we stop growing. When we stop growing, we start dying.”",1,human_quotes,"""Comfort leads to stagnation, and stagnation leads to decline."""
"“If you want success then you have to be a risk bearer in life, take that courageous step and go on until you achieve it.Go ahead!”",1,human_quotes,"""To achieve success, you must embrace risk in life. Take that bold step and persist until you reach your goal. Move forward!"""
“Do not be afraid to start something new and be a beginner/student again.”,1,human_quotes,"""Embrace the chance to begin anew and return to being a learner."""
"“Svemir neće sve sam, moraš i ti malo.”",1,human_quotes,"""Svemir neće sve sam, trebaš i ti malo doprinijeti."""
“You can pray wherever you are; God hears every prayer.”,1,human_quotes,"“Wherever you pray, God hears every word.”"
"“If you fall, do not forger stay down. May you find inner strength to rise again.”",1,human_quotes,"""If you stumble, do not linger in defeat. May you discover the fortitude within to stand once more."""
“The endurance of the Moon pays the best result. The obscure moon by the cloud never stops the glory of the moon.”,1,human_quotes,"""The Moon's persistence yields the finest outcome. A cloud-veiled moon never dims its radiance."""
“To love dance is to learn how to live life.”,1,human_quotes,"""To love dance is to understand how to embrace life."""
“The best shield a girl or a woman can have is courage.”,1,human_quotes,“Courage is the finest shield any girl or woman can possess.”
“Living From Your Art is POSSIBLE!!!”,1,human_quotes,"""Making a Living Through Your Art is ACHIEVABLE!!!"""
“Aim higher. You're thinking too small.”,1,human_quotes,"""Set your sights higher. You're limiting your vision."""
"“In the end, it came down to tea and talking just as much as bullets and butchery.”",1,human_quotes,"“Ultimately, it was as much about tea and conversation as it was about bullets and bloodshed.”"
“Every child born in Afghanistan is a child who comes into life a victim of war. And every parent too often puts those they love most to sleep with the uncertainty that one or all may not rise to the shards of peeping pink light again.”,1,human_quotes,"""Every child born in Afghanistan enters life as a casualty of conflict. And each parent too often tucks their loved ones into bed, uncertain whether one or all will awaken to the fragile glow of dawn again."""
“Always believe in your dreams and never give up!”,1,human_quotes,"""Never stop believing in your dreams and always persevere!"""
"“Why” precedes “How” in all places other than the dictionary. If your why is strong enough, you will figure out how in one way or another.”",1,human_quotes,"“Why” comes before “How” everywhere except in the dictionary. If your reason is compelling enough, you will find a way to achieve it, one way or another."
“The Best Way to Predict Your Future is to .....Create It”,1,human_quotes,"""The most effective method to foresee your future is to actively shape it."""
“Dance elevates the calm and drowns the chaos.”,1,human_quotes,“Dance lifts the serene and submerges the turmoil.”
“Our independence lies on total dependent on Almighty God.”,1,human_quotes,"""Our freedom rests entirely in reliance upon the Almighty God."""
“A man should seek mercy only from his Maker.”,1,human_quotes,“A man ought to seek mercy solely from his Creator.”
“People who don't know driving can only blow horns.”,1,human_quotes,"""Those who can't drive just honk their horns."""
"“If someone else can do it, why can't you?”",1,human_quotes,"""If others are capable, what prevents you from achieving the same?"""
"“Spend time with people who encourage you to grow, to explore new things, and who take joy in your successes.”",1,human_quotes,"""Surround yourself with those who inspire your growth, urge you to discover new horizons, and delight in your achievements."""
"“Don't be intimidated by your opponents, be driven by your own strength.”",1,human_quotes,"""Let your own power motivate you, not your rivals' intimidation."""
“Do the work with due diligence.”,1,human_quotes,"""Perform the task with careful attention."""
"“Unless humanity invents a device that can expose all the information in the world, there can be no justice, because no human can be a reliable source. Every human can be manipulated trough money, deceit, threats.”",1,human_quotes,"""Without a mechanism to reveal all global information, justice remains unattainable, as no person can serve as a trustworthy authority. Anyone may be swayed by wealth, deception, or intimidation."""
“Your comfort zone isn't nourishing you anymore. What are you going to do about this?”,1,human_quotes,"""Your comfort zone no longer sustains you. How will you respond to this?"""
“Life is a crash test.”,1,human_quotes,"""Life is a trial by fire."""
"“People call me a redneck engineer because I make things that they say barely work, but I see it as finding unorthodox ways of getting things to work as I need them to”",1,human_quotes,"""They call me a redneck engineer since I build stuff they claim hardly functions, but I view it as discovering unconventional methods to make things operate just as I require."""
"“Exude power when you should, not when you can !!”",1,human_quotes,"""Display strength when it is necessary, not merely when it is possible !!"""
“Not All Dry Woods' Fate Is A Funance”,1,human_quotes,"""Not Every Dry Wood Meets the Furnace's Flame"""
“Adopting the right attitude can convert a negative stress into a positive one.”,1,human_quotes,"""Choosing the proper mindset can transform adverse stress into a beneficial force."""
"“The support of others can get you to the top, but you still have to develop your strength, by growing your own roots so that you can keep yourself there, even when they stop watering you.”",1,human_quotes,"“The encouragement of others can help you reach the peak, but you must still cultivate your own resilience, by deepening your roots so you can remain there, even when they cease to nurture you.”"
“Meaningless thoughts come at a price.”,1,human_quotes,"""Thoughts without purpose carry a cost."""
“Things aren't always as they appear. We must realize the bigger picture.”,1,human_quotes,"""Appearances can be deceiving. It's crucial to see the broader perspective."""
“The outcome of a day with white spaces is far greater than a packed day extending to long working hours.”,1,human_quotes,"""A day with white spaces yields far greater results than one packed with extended working hours."""
“Don’t allow your mind to tell your heart what to do. The mind gives up easily.”,1,human_quotes,“Never let your head dictate to your heart. The mind surrenders too quickly.”
“Being free of hesitation is the greatest feeling in the world. Detach it and take a bigger step.”,1,human_quotes,"""To act without hesitation is the finest sensation one can experience. Let go of doubt and stride forward with greater confidence."""
"“If love does not arrive, sing and dance with melodies by your side.”",1,human_quotes,"“If love has not yet come, sing and dance with melodies as your companion.”"
"“THE MOMENT YOU GIVE UP YOUR OWN TRUTH, YOU BECOME LIKE EVERYONE ELSE.”",1,human_quotes,"""THE INSTANT YOU ABANDON YOUR OWN TRUTH, YOU TURN INTO JUST ANOTHER FACE IN THE CROWD."""
“Embrace the feeling of healing as you dance.”,1,human_quotes,“Let the sensation of healing flow through you as you dance.”
"“Keep trying until you reach the thought of giving up, its only then that if you try a little more will you achieve success.”",1,human_quotes,"""Persist until you feel like quitting; it's only then that pushing a bit further will lead you to success."""
“Very few people try to know themselver. And those who have been able to know themselves even a little. That peoples great. The whole world knows him.”,1,human_quotes,"""Very few individuals seek to understand themselves. Those who manage even a glimpse of self-knowledge are remarkable. The entire world recognizes them."""
"“If you have a broken heart or a sorrowful soul, dance will bring you joy once more.”",1,human_quotes,"“When your heart is broken or your spirit is heavy, dance can restore your joy.”"
“The simple ineluctable truth is that desire has no bearing on our duties.”,1,human_quotes,"""The undeniable fact remains that desire holds no relevance to our obligations."""
“Do not be afraid to start something new and become a beginner/student again.”,1,human_quotes,"""Don't hesitate to embark on new beginnings and embrace the role of a novice once more."""
“What makes you different is your golden ticket.”,1,human_quotes,"""Your golden ticket is what sets you apart."""
"“Genius doesn't wait for moments,they create it.”",1,human_quotes,"""Genius does not await opportunities; they forge them."""
“Don’t give away what you stand for.. It is who you are .. So do not lose yourself”,1,human_quotes,"""Never surrender your principles... They define your essence... So remain true to yourself."""
“Shoot your shot when it comes to your career. Don't be afraid of rejection. You have to move past that fear.”,1,human_quotes,"""Take your chance in your career. Don't fear rejection. You must overcome that fear."""
"“Find what you love and go after it. Know where you would love to build your strength. Pursue what keeps you excited for longer than anyone else, for that’s the thing where you will start to have an added advantage over everyone else.”",1,human_quotes,"""Discover your passion and chase it. Identify where you want to grow your capabilities. Follow what sustains your enthusiasm longer than others, as that is where you'll begin to gain a distinct edge over everyone else."""
“Life cannot be a fun ride for everyone.”,1,human_quotes,"""Life isn't always a joyride for all."""
"“Dance is the language that all souls speak, connecting them as one humanity.”",1,human_quotes,"“Dance is the universal tongue of the soul, uniting all of humanity as one.”"
“Naivety can lead to disillusionment. But disillusionment can lead to learning.”,1,human_quotes,"“Naivety may result in disillusionment. Yet from disillusionment, wisdom can emerge.”"
"“The wise person does not become involved in the multiplication of things, knowing that all phenomena are like a dream, an illusion, a bubble, and a shadow.”",1,human_quotes,"""The wise individual avoids entanglement in worldly affairs, recognizing that all phenomena are akin to a dream, an illusion, a bubble, or a shadow."""
“To be distracted by the agendas or opinions of others is to keep us at a distance from our dreams.”,1,human_quotes,"""Being diverted by the aims or views of others only pushes our dreams further away."""
"“Feel the feeling not felt before, express and allow it to come forth when dance is your mentor.”",1,human_quotes,"""Experience emotions previously untouched, let them surface and flow freely as dance becomes your guide."""
“Have you ever reached a truly quiet state of mind?”,1,human_quotes,"""Have you ever attained a state of genuine mental stillness?"""
“If you have a destination in mind. Start taking minor steps everyday.Leaving too much distance to cover before the deadline will leave you grasping for breath and neither here nor there.”,1,human_quotes,"""If you have a goal in sight, begin with small daily actions. Waiting until the last moment will leave you overwhelmed and stuck in between."""
“Stress is a consequences of negative happenings or impact in life. But important is how to overcome it.”,1,human_quotes,"""Stress results from adverse events or influences in life. The key lies in how to overcome it."""
"“Never compromise, but improvise; at this stage of life, showcase your dance.”",1,human_quotes,"""Never settle, but adapt; at this point in life, display your dance."""
“No leader can take the company forward if the company remains stuck in its past glories.”,1,human_quotes,“A company cannot advance under any leader if it clings to its former achievements.”
"“This night is young, made of many stars, and unravels destiny only when you dance.”",1,human_quotes,"""This evening is fresh, woven from countless stars, and destiny unfolds solely as you move to the rhythm."""
“We are a shrine to our destiny. What we achieve depends on what we do”,1,human_quotes,“We are a temple to our fate. What we accomplish is determined by our actions.”
“It is far better to fail while trying new things than to succeed doing nothing.”,1,human_quotes,"""“It is far more valuable to attempt new things and fail than to achieve success by doing nothing.”"""
"“Find what you love, find it for a long, and don’t settle until you find it. Find something you would love to fail in – because that’s where you will have the most chance (in each successive attempt) to make a big win.”",1,human_quotes,"""Discover what you truly love, pursue it persistently, and never settle for less. Seek out something you would be passionate about even in failure – for there lies your greatest opportunity to achieve significant success through repeated efforts."""
“Every day you have the choice of how you want to start your day.”,1,human_quotes,"""Each morning presents you with the opportunity to decide how your day will begin."""
"“Embody what you most want to impart, and keep your mouth shut.”",1,human_quotes,"""Live the lessons you wish to teach, and speak only when necessary."""
"“On the verge of tears or about to break down, dance will rescue you from frowns.”",1,human_quotes,"“When tears threaten or collapse looms, dance will lift you from despair.”"
“The moment today is a memory tomorrow.”,1,human_quotes,"""Today's moment becomes tomorrow's memory."""
"“And to have a purpose, to be willing to die for a cause—was that the highest form of living?”",1,human_quotes,"“And to possess a purpose, to be ready to die for a cause—was that the ultimate form of existence?”"
"“Excitement spreads beneath when you lock your feet to the dancing beat,”",1,human_quotes,"“Thrills stir within as you anchor your steps to the rhythm’s pulse,”"
"“Little girls smile through their sadness, women weep, and hunger burns through the hollow lives of those who plead for someone, anyone, to listen to their misery.”",1,human_quotes,"“Young girls mask sorrow with smiles, women shed tears, and hunger gnaws at the empty existence of those begging for someone, anyone, to hear their anguish.”"
“...prizes are nothing. My prize is my work.”,1,human_quotes,“...awards mean little. My true reward lies in the work itself.”
"“Seek what you cannot achieve, and you will find what you can.”",1,human_quotes,"""Pursue what lies beyond your reach, and you will discover what is within it."""
“Drumul învingătorului e înainte! Chiar dacă ar călca pe cadavre.”,1,human_quotes,„Calea celui biruitor merge înainte! Chiar dacă ar trece peste trupuri moarte.”
"“When words are less through dance, we express the emotions hidden within.”",1,human_quotes,"“When words fall short, dance reveals the feelings kept inside.”"
"“The choreography of life makes us fall, only to teach us to rise through dance once more.”",1,human_quotes,"“Life’s choreography lets us stumble, so we may learn to rise again through dance.”"
“Your capacity to say ‘No’ determines your capacity to say ‘Yes’ to greater things.”,1,human_quotes,"""The ability to decline lesser things empowers you to embrace greater ones."""
“Dance with an energy that makes mountains move to your choreography.”,1,human_quotes,"""Dance with a force that compels mountains to follow your steps."""
"“It is OK not to be OK..It is ok to be tired, angry & sad..Then we reflect & decide to rise like a Phoenix!”",1,human_quotes,"""It's alright not to feel alright. It's fine to be weary, upset, or downhearted. Then we pause, reflect, and choose to rise again, like a Phoenix!"""
"“Without circumstances, there is no change.”",1,human_quotes,"""Change arises only from circumstances."""
“Confidence will take you places you never thought was possible to reach.”,1,human_quotes,"""Self-assurance can lead you to destinations you once believed were beyond your grasp."""
"“The sensation of dance guides and heals, and magnifies what you feel.”",1,human_quotes,"“Dance guides and heals, amplifying the sensations you experience.”"
"“Refuse to let yourself succumb to the irrelevant judgment of others, and do not let the fear of standing out from the crowd paralyze you into living a monotonous and average life.”",1,human_quotes,"""Do not allow the trivial opinions of others to define you, nor permit the dread of being different to trap you in a life of dull mediocrity."""
“Our thoughts have the energy to light the candle and burn the hand. It all depends on how we handle them.”,1,human_quotes,"""Our thoughts possess the power to ignite a candle or scorch a hand. Everything hinges on how we manage them."""
"“Just because you’re good at something, doesn’t mean you’re supposed to be doing it.”",1,human_quotes,"""Being skilled at something doesn't necessarily mean it's what you should be doing."""
“Believe in yourself that you can and you will! As there are no limits to what we as women can achieve.”,1,human_quotes,"""Trust in your own ability, and you will succeed! There are no boundaries to what we women can accomplish."""
“I don't like answerable questions. They produce questionable answers.”,1,human_quotes,"""I dislike questions that can be answered. They yield answers that are doubtful."""
"“If love is a city, to enter it, you must pass through the gates of dance.”",1,human_quotes,"“To enter the city of love, one must first cross the threshold of dance.”"
“Choose whether you'll approach life half-ass or kick-ass. There really is no in-between.”,1,human_quotes,"""Decide if you'll tackle life half-heartedly or with full force. There truly is no middle ground."""
"“Self-confidence will give you that success which no other way can help, it is the prime key. Look into the mirror, say- Yes! you canThink once!”",1,human_quotes,"""Self-confidence is the essential key to achieving success that cannot be attained through any other means. Look into the mirror and affirm: Yes, you can! Just think about it!"""
“Wrong assumptions occur from limited knowledge. A person should have a complete view before shaping an opinion about someone or something...”,1,human_quotes,"""Misconceptions often stem from incomplete understanding. One should gather comprehensive information before forming judgments about people or situations..."""
“Humans must be skeptics in order to find truth. Because there is always something that lies beneath...”,1,human_quotes,"“To uncover truth, humans must embrace skepticism. For there is always something hidden beneath the surface...”"
“We do have the option to make use of our time more intelligently.”,1,human_quotes,"""We can indeed choose to spend our time more wisely."""
"“I hug him hard, trying to wordlessly ask for forgiveness.”",1,human_quotes,"“I hold him tightly, silently seeking his pardon.”"
“All possibilities remain within grasp when you dance upon the stage of life.”,1,human_quotes,"""Every potential stays within reach as you move across life's stage."""
"“Call me exparagus! From head to toe, toe to head, head to toe; take your time, don't ever rush. Why rush? Time is valuable. Respect your time. Y'know what I'm sayin'?”",1,human_quotes,"""Call me asparagus! From top to bottom, bottom to top, top to bottom; take it slow, never hurry. Why hurry? Time is precious. Honor your time. You get what I'm saying?"""
"“Never engage in gossip, it kills your soul, and wounds another’s heart”",1,human_quotes,"""Refrain from gossip; it destroys your spirit and injures another's heart."""
“Brainstorming cannot be done until and unless an attitude becomes character”,1,human_quotes,"""Brainstorming is only possible once an attitude has solidified into character."""
“You create and define your own reality. You have more choice than what you have been taught.”,1,human_quotes,"""You shape and determine your own reality. You possess greater freedom of choice than you have been led to believe."""
"“Though I’m curious as hell, I’m also afraid of what the answer might be.”",1,human_quotes,"“I’m intensely curious, yet I also dread what the answer could reveal.”"
"“Don't be worrying about no wall. Your only concern is one brick."" (Will's dad)”",1,human_quotes,“Don’t fret over the whole wall. Just focus on laying one brick.” (Will’s father)
"“What you should be, you shall be.”",1,human_quotes,"“What you must become, you will become.”"
“Do you know how they make the strongest sword? They hammer it flat then hold it to the fire.”,1,human_quotes,“Do you understand how the finest sword is forged? It is flattened by hammering and then tempered in the flames.”
“Busyness draws more emotional energy from our reserves than it fills back.”,1,human_quotes,"""Busyness depletes our emotional reserves more than it replenishes them."""
“Say no to everything until you arrive at a definitive yes!”,1,human_quotes,"""Refuse all offers until you reach an unequivocal yes!"""
"“Don't be too stubborn to change, change is law of life.”",1,human_quotes,"""Do not resist change too rigidly, for change is the natural order of existence."""
"“With movements of dance, every uncertainty receives clarity.”",1,human_quotes,"“Through the motions of dance, every doubt finds resolution.”"
“Extremely complex individuals are not here to be understood. They are here to be felt on a profound level. Whether that's through their existence or their creations. That is something that they will have to come to terms with in their lifetime.”,1,human_quotes,"""Highly intricate people are not meant to be comprehended. They exist to be deeply experienced, whether through their being or their works. This is a realization they must accept within their own lives."""
“Your dreams have an expiration date if you don’t act on them.”,1,human_quotes,"""Your dreams will expire if you fail to pursue them."""
“Don't go by my wrinkles. They grew in years I did not.”,1,human_quotes,“Don’t judge by my wrinkles. They formed in years I never truly lived.”
“Bravery without sword is like slavery without lord.”,1,human_quotes,"""Courage without a weapon is akin to servitude without a master."""
“We can't see beauty. We have eyes!”,1,human_quotes,“We cannot perceive beauty. We possess eyes!”
"“Dance overwhelms you, as though an entire world moves within you.”",1,human_quotes,"“Dance consumes you, as if a whole universe stirs inside.”"
“They make you as they are because it’s the only thing they know and then they tell you it’s your fault because they are jealous you are better than them. But the truth is it’s never your fault. It’s their fault”,1,human_quotes,"""They shape you in their image because that's all they understand, then blame you for it out of envy for your superiority. Yet the reality is, it's never your responsibility. The fault lies entirely with them."""
"“We humans don't regret on what we have done, we regret of how foolish we were.”",1,human_quotes,“We humans don’t regret what we have done; we regret how foolish we were.”
“Sometimes all we need to do is simply remind ourselves of how good we have it right now and joy would naturally flow within us... Ingratitude is the result of forgetfulness.”,1,human_quotes,"""At times, merely recalling our present blessings allows joy to arise naturally within us... Forgetting leads to ingratitude."""
"“Start believing in conspiracies, because those who have the power conspire, and they keep their power by having people not believing in conspiracies”",1,human_quotes,"""Embrace belief in conspiracies, for those in power conspire to maintain control by ensuring people dismiss such ideas."""
“Sometimes what tortures us is in our own mind.”,1,human_quotes,"""Often, our own thoughts are what torment us."""
"“Everyday when I go to bed, it's my year end and when I wake up it's my new year”",1,human_quotes,"""Each night as I sleep marks the close of my year, and each morning I rise begins my new one."""
“Maybe prayer isn't just SOMEthing we can do in certain situations. Maybe it's the BEST thing.”,1,human_quotes,“Perhaps prayer isn't merely an option for specific moments. Perhaps it is the most valuable choice.”
"“Solitude is not loneliness. Instead, they are loving cousins that can both learn from one another.”",1,human_quotes,"""Solitude is not loneliness. Rather, they are affectionate relatives who can teach each other."""
“OPTIMIZE YOUR MIND”,1,human_quotes,"""REFINE YOUR THINKING"""
“Don't stop until you get five-finger clarity on your values and beliefs.”,1,human_quotes,"""Keep striving until you achieve crystal-clear understanding of your values and beliefs."""
"“Why be shy? Even if the audience does not applaud, dance your heart out?”",1,human_quotes,"""Why hold back? Even without applause, dance with all your soul?"""
"“Allow yourself the grace to change your mind, goals, and perspective whenever you feel called to.”",1,human_quotes,"“Grant yourself the freedom to shift your thoughts, aims, and outlook whenever you feel the need.”"
“Every celebration of life begins and ends with a dance.”,1,human_quotes,"""Every celebration of life starts and concludes with a dance."""
"“You are a princess. All our subjects watch us, observe us and follow the example we set. So, our behaviour should always be exemplary, as several people look up to us.”",1,human_quotes,"“As a princess, you are observed by all our subjects. They watch us, learn from us, and emulate our conduct. Therefore, our actions must always set a model, for many look to us as an example.”"
“I guess life is made of choices. We just make what seems to be the best decision at any given moment.”,1,human_quotes,"""Life is a series of choices. We simply choose what appears to be the best option at each moment."""
“The best utilization of gas in your car is to move in the direction of your destination.”,1,human_quotes,"""To make the most of your car's fuel, drive toward your intended destination."""
"“Be careful where you spend your time. Be careful what you allow your soul to be exposed to. The difference is palpable. You have a choice, and if you don't, create one”",1,human_quotes,"""Be mindful of where you invest your time. Guard what you let your soul encounter. The contrast is tangible. You possess a choice, and if you lack one, forge it."""
"“It’s important to think of what it means to powerfully and successfully rise to challenges, and all that it requires: determination, clarity, and steering clear of victim mentality”",1,human_quotes,"""To powerfully and successfully overcome challenges, it's crucial to consider what this entails: determination, clarity, and avoiding a victim mindset."""
“It does not matter if we do not have an immediate answer. What matters is if we have the right question.”,1,human_quotes,“It’s not essential that we possess an immediate answer. What truly matters is whether we are asking the right question.”
“Just leave the bedroom and live your life!”,1,human_quotes,"""Just step out of the bedroom and start living your life!"""
"“Those who practice it can’t get enough, whose expressions are countless; what else but dance?”",1,human_quotes,"“Those who perform it are never satisfied, their expressions beyond measure; what could it be if not dance?”"
“The time we spend here on earth is like a droplet in a pail of eternity. Yet that one droplet affects all the others in that bucket.”,1,human_quotes,“Our time on earth is but a drop in the endless ocean of eternity. Yet that single drop ripples through the whole sea.”
“I will not blink. I will not be intimidated.”,1,human_quotes,"""I will not flinch. I will not be cowed."""
"“Fitness is vital for sportsperson, I never take it for granted. My fitness mantra is healthy eating and daily exercise.”",1,human_quotes,"""Fitness is crucial for athletes, and I never take it lightly. My approach to staying fit revolves around nutritious eating and consistent daily workouts."""
"“It's not important whether you lose or win, what is that you participate and play, one fine day your experience will make you win.”",1,human_quotes,"""It matters less whether you win or lose; what counts is that you take part and compete. In time, your experience will lead you to victory."""
“Meditation is great motivation.”,1,human_quotes,"""Meditation serves as powerful inspiration."""
“find a way or make your own”,1,human_quotes,"""Discover a path or forge your own."""
"“What motivates us? Challenge. What moves us? Challenge. What makes us better and stronger and more courageous? Challenge. Embrace the challenge, people!”",1,human_quotes,"“What drives us? Challenge. What inspires us? Challenge. What builds our strength, courage, and growth? Challenge. Embrace it, everyone!”"
“Freedom will be within grasp when you take a chance and dance.”,1,human_quotes,"""Freedom is within reach when you dare to take a chance and dance."""
“Do not limit yourself to things that may lead you to successful path.The self-limiting beliefs will hinder you reaching to your goals. Think once!”,1,human_quotes,"""Do not confine yourself to paths that only seem to lead to success. Self-limiting beliefs can prevent you from achieving your goals. Consider this carefully!"""
“Bukan semua salah itu adalah salah dan bukan semua betul itu adalah betul. kita takkan selalu salah dan akan disalahkan dan kita juga tak akan selalu betul dan kita boleh diperbetulkan”,1,human_quotes,"""Tidak semua kesalahan itu salah, dan tidak semua kebenaran itu benar. Kita tidak akan selalu salah dan disalahkan, dan kita juga tidak akan selalu benar serta dapat diperbaiki."""
"“The dream is as a light, if you do not convert into ambition, then there will be no mission”",1,human_quotes,"""A dream is like a light; if it does not become ambition, then it will not become a mission."""
"“Jokes never exhaust, laughter does. Isn't that funny!”",1,human_quotes,"""Jokes never tire, but laughter can. Isn't that amusing!"""
"“Evil can be transmuted into tragedy, loss into gain, temporality into deathlessness, by creating beauty.”",1,human_quotes,"""Evil can be transformed into tragedy, loss into gain, the fleeting into the eternal, through the creation of beauty."""
"“No differences exist, as equals remain, the novice and the masters who practice the art of dance.”",1,human_quotes,"""“No distinctions exist, for equals persist, the novice and the masters who practice the art of dance.”"""
“Joy is like vapour. You can't save it for later.”,1,human_quotes,"""Joy is fleeting as mist. It cannot be stored for future use."""
"“If the busiest person in the office is the CEO, it only means that either the leadership has failed to create evolving systems or the leadership itself has failed.”",1,human_quotes,"“When the CEO is the busiest person in the office, it signals either a failure in leadership to build adaptive systems or a failure of leadership itself.”"
“SMILE! You are NOT on camera!”,1,human_quotes,"""GRIN! You are NOT being filmed!"""
"“Somehow, we must let go of the past and remember it at the same time. We must embrace the reality that is, not the reality we want to be, and do what we can to be a helping hand.”",1,human_quotes,"“We must somehow release the past while still holding it in memory. We need to accept the reality that exists, not the one we wish for, and strive to offer our support where possible.”"
"“She fell so many times that some of her friends decided that she and this whole tree climbing thing was a complete waste of time. ”She should give up, it's taken way too long”, said one friend.”",1,human_quotes,"“She tumbled so frequently that several friends concluded her tree climbing endeavors were utterly futile. ‘She ought to quit; it’s dragged on far too long,’ remarked one companion.”"
"“Seeing my book mentioned in different interviews and posts is an indescribable feeling. I’ll never take this love for granted.Whatever you’re creating right now, keep going. It is never too late.”",1,human_quotes,"""“It’s an indescribable feeling to see my book referenced in various interviews and posts. I’ll never take this affection lightly. Whatever you’re working on now, keep at it. It’s never too late.”"""
“Hold on; carry on; troubles shall disappear when you dance to your favorite tune.”,1,human_quotes,"""Keep going; press forward; your worries will fade as you move to the music you love."""
“Were you born to obey?”,1,human_quotes,"""Were you destined to follow orders?"""
"“When a heart breaks, the ointment of dance heals all the pain.”",1,human_quotes,"“When a heart shatters, the balm of dance mends every ache.”"
“EMBRACE THE NOW”,1,human_quotes,"""LIVE IN THE MOMENT"""
"“Release yourself from this static state, and dance without end when the melody plays.”",1,human_quotes,"""Free yourself from this stillness, and dance ceaselessly when the music begins."""
"“We are not judged by what we do, but by what we are capable of doing.”",1,human_quotes,"""We are assessed not by our actions, but by our potential for achievement."""
“We must master ourselves unless we'd prefer to be mastered by someone or something else.”,1,human_quotes,"""We must take command of ourselves, or else we risk being controlled by another person or force."""
“Democracy is not a shouting competition!”,1,human_quotes,"""Democracy is not a contest of who can shout the loudest!"""
“Sometimes what seems like a destination is actually a bridge to a new chapter.”,1,human_quotes,"""Occasionally, what appears to be an endpoint is truly a passage to the next phase."""
"“Once you are left with no hope, it is hope you are left with.”",1,human_quotes,"“When all hope seems lost, it is hope that remains.”"
“The goal of every great business leader should be to build products and services that they are proud of.”,1,human_quotes,"""Every great business leader should aim to create products and services they can take pride in."""
“My eyes tremble while my lips fight to hold the words that i'm too afraid to say”,1,human_quotes,“My gaze quivers as my lips struggle to contain the words I’m too frightened to speak.”
"“Deepen your understanding of life, expand your knowledge, and open your mind up to the unknown. You are ready to receive the wisdom and personal growth that comes with this evolution.”",1,human_quotes,"""Deepen your grasp of existence, broaden your awareness, and open your mind to the unfamiliar. You are prepared to embrace the wisdom and personal development that accompanies this transformation."""
"“It lightens the mood when you start to dance; it’s not about the feet, but what moves beneath.”",1,human_quotes,“Dancing lifts the spirit; it’s less about the steps and more about what stirs within.”
"“Really, it's newsletters and direct followings that are always the main determinant for winning anyway.”",1,human_quotes,"“Indeed, newsletters and direct followings consistently prove to be the key factors in securing victory.”"
"“You are only right when your timing is right, but you are never right when your timing is not right, no matter how hard you struggle to get your timing right.”",1,human_quotes,"""You are correct only when your timing is correct, but you are never correct when your timing is off, regardless of how much effort you put into getting it right."""
"“Create some commotion, like ripples in the ocean, shoeless or clueless, dance the dance of life.”",1,human_quotes,"""Stir up a bit of a stir, like waves on the sea, barefoot or bewildered, sway to life's rhythm."""
“Imagination comes alive when skates scar the ice to tell fairy tales.”,1,human_quotes,"""Skates etch stories into the ice, bringing fairy tales to life through imagination."""
"“Divided was man, but the thread of dance united us as one truth.”",1,human_quotes,"“Humanity stood fragmented, yet the thread of dance wove us into a singular truth.”"
"“Can there be one best way to tend a garden, one best way to love, one truest cause for love? No. It equates free will with submission.”",1,human_quotes,"“Is there a single perfect method for gardening, an ideal way to love, or one ultimate reason for love? No. It confuses free will with obedience.”"
"“They say my future is my choice, but it doesn’t feel like that.”",1,human_quotes,"“They claim my destiny is in my hands, yet it doesn’t seem that way.”"
"“Whether young or old, novice or pro, in the realm of dance, all are equals.”",1,human_quotes,"“In the world of dance, whether young or old, beginner or expert, everyone stands on equal ground.”"
“Shouldn’t plans be constantly under review?”,1,human_quotes,“Shouldn’t plans be subject to ongoing review?”
“Don’t be afraid of failure because it prepares you for success!”,1,human_quotes,"""Never fear failure, for it readies you for triumph!"""
"“Just be clear about your question, and I will give you the answer you are looking for.”",1,human_quotes,"""Simply state your question clearly, and I will provide the answer you seek."""
“What could be sillier than having an imaginary boyfriend?”,1,human_quotes,“What could be more absurd than pretending to have a boyfriend?”
"“People try to prevail their own truth. And they use evil means. Theytorture, they threaten. What they impose as truth keeps them in power, but it is fascistic. When the truth is a strategy or a pattern is not genuine truth.”",1,human_quotes,"“Individuals attempt to enforce their own version of truth, often resorting to malicious methods. They employ torture and threats. What they establish as truth serves to maintain their authority, yet it is fundamentally fascistic. When truth becomes a tactic or a predetermined scheme, it ceases to be authentic truth.”"
"“Stay close, don't go far, hold hands as dance heals all the scars.”",1,human_quotes,"""Stay near, don't wander away, join hands as dancing mends every scar."""
"“Let us leave no effort. let us give it our all we will chase our dreamlike mad men and mad women,who have the gall.”",1,human_quotes,"""Let us spare no effort. Let us give it our all, chasing our dreams like madmen and madwomen who have the courage."""
"“যে বিজ্ঞান স্রষ্টার তৈরি প্রকৃতির সব রহস্য ভেদ করতে অক্ষম, তাকে বাটখারা বানিয়ে সেই প্রকৃতির স্রষ্টাকে জাস্টিফাই করাটা কি নিছক ছেলে মানুষি নয়?”",1,human_quotes,"""যে বিজ্ঞান সৃষ্টিকর্তার সৃষ্ট প্রকৃতির সকল রহস্য উদ্ঘাটনে অসমর্থ, তাকে মাপকাঠি বানিয়ে সেই প্রকৃতির স্রষ্টাকে ন্যায্য প্রমাণ করার চেষ্টা কি শুধুই শিশুসুলভ আচরণ নয়?"""
"“Success is no accident.... It is hard work, perseverance , learning, studying, sacrifice and most of all... love of what you are doing.... Tribute to the legend Pele”",1,human_quotes,"""Success is never accidental... It demands hard work, perseverance, learning, study, sacrifice, and above all... a passion for what you do... Honoring the legend Pele."""
“Success is not a number. It's about accomplishing your mission. Noah spent years building a boat that was only used once. Ignore the critiques. Build your boat!”,1,human_quotes,"""Success isn't measured by numbers. It's about fulfilling your purpose. Noah dedicated years to constructing an ark that sailed just one time. Pay no mind to the critics. Build your ark!"""
“Feel the energy and rapture of dance as it heals the fallen and saves the lost.”,1,human_quotes,“Experience the vitality and ecstasy of dance as it mends the broken and redeems the wayward.”
"“Sleeping or awake, in reality, or the land of dreams, across realms, everywhere is the gossip of dance.”",1,human_quotes,"""Whether asleep or awake, in reality or the realm of dreams, across all worlds, dance is the universal language of gossip."""
"“No one can, or will, care more about your life than you do. So, it’s time to start acting like it.”",1,human_quotes,"“No one else can or will care more about your life than you do. Therefore, it’s time to begin acting accordingly.”"
"“Great entrepreneurs are the jack of all trades, master of some.”",1,human_quotes,"""Exceptional entrepreneurs are versatile generalists, yet specialists in certain areas."""
“Beautiful is this choreography of celestial entities dancing on the wings of cosmic melodies.”,1,human_quotes,"""Such beauty lies in this celestial choreography, as heavenly bodies dance upon the harmonies of the cosmos."""
"“The sounds of music have dimmed into a self-censored silence. We pause, we gaze for far too long at the markets from a broken window where Kabul's finest orchestras weeks ago were still learning to play. We linger, remembering what used to be.”",1,human_quotes,"“The melodies have faded into a hushed, self-imposed quiet. We hesitate, staring too long through a shattered pane at the markets, where Kabul’s most gifted musicians were, just weeks ago, still mastering their craft. We remain, recalling what once was.”"
"“In the storm of dreams, lightning feet, and thunderous heartbeats begin to dance.”",1,human_quotes,"“Amidst the tempest of dreams, lightning-quick steps and thunderous heartbeats start to sway.”"
"“Lucky for him, my lips are not smiling alone.”",1,human_quotes,"""Fortunately for him, my smile is not the only thing that's showing."""
“A crush for whom I’m saving my first kiss.”,1,human_quotes,“I’m saving my first kiss for the one I have a crush on.”
"“He makes a sharp maneuver, trying to hold my wrist for a better grip, but he fails.”",1,human_quotes,"""He executes a swift turn, attempting to secure my wrist for a firmer hold, yet he does not succeed."""
"“Time should never be killed, time must always be enjoyed.”",1,human_quotes,"""Time should never be wasted; it must always be savored."""
"“Even though my analysis is inconclusive, I decide to go with my gut on this one.”",1,human_quotes,"“Although my analysis remains uncertain, I choose to trust my instincts in this instance.”"
“Never give up on your goals or aspirations; approach them with a fighting spirit and determination to succeed.”,1,human_quotes,"""Never abandon your dreams or ambitions; pursue them with a resilient spirit and unwavering resolve to achieve success."""
"“I still have doubts about it, but I don’t want her to know.”",1,human_quotes,"“I remain uncertain about this, yet I wish to keep her unaware.”"
"“No one can, or will, care more about your life than you do. So, it’s time to start acting like it.”",1,human_quotes,"""Nobody else can, or will, value your life as much as you do. Therefore, it's time to begin living accordingly."""
"“When you are certain about your next moves, and aware of your surroundings, anxiety fades away.”",1,human_quotes,"""Once you are sure of your next steps and mindful of your environment, anxiety diminishes."""
“It depends on whether you seek to live your own life or somebody else’s.”,1,human_quotes,“It hinges on whether you aim to live your own life or that of another.”
"“Beautiful are dance styles, like counting the eternal, limitless stars.”",1,human_quotes,"""Graceful are the forms of dance, akin to numbering the infinite, everlasting stars."""
"“Seeing my book mentioned in various interviews and posts is an indescribable feeling. I’ll never take this love for granted.Whatever you’re creating right now, keep going. It’s never too late.”",1,human_quotes,"""To see my book referenced in interviews and posts is a feeling beyond words. I will always cherish this support. Whatever you are working on, don't stop. It's never too late to continue."""
"“Yes, my path was a rocky one, but now I can look down on it from the hill with a smile—that is the ether to fill you.”",1,human_quotes,"""Indeed, my journey was rugged, yet from this height I can gaze back with a smile—that is the essence that sustains you."""
"“Inspiration is found in the unknown, what you discover there is up to you.”",1,human_quotes,“Inspiration lies in the unknown; what you uncover there is yours to determine.”
“Man are the afflictions of a righteous person but the LORD shall deliver him from them all.”,1,human_quotes,"“Though the righteous face many troubles, the LORD delivers them from every one.”"
"“Knowing when to let go, and actually doing it, is an essential skill that can be developed. However, it requires you to have a lot of trust in yourself.”",1,human_quotes,"""Learning to release something at the right moment, and then following through, is a crucial ability that can be cultivated. Yet, it demands deep self-trust."""
"“He comes closer and embraces me, which soon turns into a lingering bear hug.”",1,human_quotes,"""He draws near and wraps his arms around me, quickly evolving into a prolonged, tight embrace."""
“What else ignites the blaze of miracles but the flame of dance?”,1,human_quotes,"""What else can spark the fire of wonders if not the dance's flame?"""
“Don't worry.' What is the point in worrying when there's nothing you can do?”,1,human_quotes,"""‘Don’t fret.’ Why worry when you can’t change a thing?"""
“I guess every friendship has its ups and downs.”,1,human_quotes,"""Every friendship, I suppose, has its highs and lows."""
“To whoever needs to hear this: It's never too late to change directions. Life isn't a linear path. So do not stifle your potential by staying in a lane that doesn't fit what you want for yourself anymore.”,1,human_quotes,"""To anyone who needs this reminder: It's never too late to shift course. Life doesn't follow a straight line. Don't limit your potential by remaining in a path that no longer aligns with your true desires."""
"“Eventually, they shrug their shoulders and go away, back to minding their own lives.”",1,human_quotes,"“In the end, they simply shrug and depart, returning to the concerns of their own lives.”"
"“When life seems hard, the courageous do not lie down and accept defeat; instead, they are all the more determined to struggle for a better future.”",1,human_quotes,"“In times of hardship, the brave refuse to surrender to despair; rather, they find renewed resolve to fight for a brighter tomorrow.”"
"“No such thing as spare time, no such thing as free time. No such thing as down time. All you got is life time”",1,human_quotes,"""There's no such thing as spare time, no such thing as free time. There's no such thing as down time. All you have is life time."""
"“Although it is not possible for everyone to be the best at everything, still the one who has the strong desire for it, that one is able to show the best that he has, but he should not forget to develop it in priority”",1,human_quotes,"""While not everyone can excel at all things, those with a strong desire to do so can still demonstrate their utmost potential, provided they prioritize its development."""
"“The worst enemy is the friend who is working in friendship to cheat you, the best friend is the friend who shows your faults to change you.”",1,human_quotes,"""The greatest adversary is a companion who feigns loyalty to deceive you, while the truest ally is one who reveals your flaws to help you grow."""
"“Just because you've presented yourself as this person for a large amount of time, doesn't mean that you have to remain that way. You have the freedom to completely transform in all ways.”",1,human_quotes,"""Having portrayed yourself as a certain individual for a long while does not obligate you to stay that way. You possess the liberty to entirely reinvent yourself in every aspect."""
"“Though we may impress by sharing the best versions of ourselves, it’s only with sharing authentic stories that we truly can connect as human beings with others.”",1,human_quotes,"“While showcasing our finest selves can leave an impression, it is through sharing genuine stories that we truly connect with others as human beings.”"
“Waste not a second of the day; count each blessing with dance and music.”,1,human_quotes,"""Never waste a moment of the day; celebrate every blessing with song and dance."""
"“Although it is not possible for everyone to be the best at everything, still the one who has the strong desire for it, is capable of showing the best that he has, but he should not forget to develop it as a priority”",1,human_quotes,"""While not everyone can excel at everything, those with a strong desire to do so are capable of giving their best effort, yet they must remember to prioritize its development."""
"“I am not choosing one of your paths, I am making one of my own.”",1,human_quotes,"“I am not selecting from your routes, I am forging my own.”"
“There is no great teacher like God.”,1,human_quotes,“There is no instructor greater than God.”
“You do not bother to think about the past or the future. Now is what really matters.”,1,human_quotes,"""You don't dwell on the past or worry about the future. The present is all that truly counts."""
"“If the people around us are supportive, life becomes easy. If they’re toxic, life becomes hard. Easy or hard, life can change in a moment and that moment may come anytime. Change claws its way out, anyhow. Nothing is constant here.”",1,human_quotes,"“When those around us are encouraging, life feels effortless. If they are harmful, it grows difficult. Effortless or difficult, life can shift in an instant, and that instant may arrive at any time. Change forces its way through, regardless. Nothing here remains fixed.”"
“If there is a winner. he cannot become a winner. Only one who was once a loser can become a winner.”,1,human_quotes,“A winner cannot emerge from one who has never lost. Only those who have known defeat can truly become victors.”
"“I try to curb my happiness, but a timid smile finds its way out still.”",1,human_quotes,"“I attempt to restrain my joy, yet a hesitant smile escapes all the same.”"
"“Who decided being eighteen years old was the perfect time to make this kind of decision, anyway?”",1,human_quotes,"""Who determined that eighteen was the ideal age to make such a significant choice, after all?"""
"“Making the news anchor resemble a puppet, if the puppeteer sucks at his job.”",1,human_quotes,"“When the news anchor looks like a puppet, and the puppeteer is terrible at their craft.”"
"“We can pontificate all day about statistics and percentages and death tolls and displacement numbers, easily forgetting that numbers have names and names have faces. Each face has wrinkles that make up a map filled with tragedies to tell.”",1,human_quotes,"""We can debate endlessly over statistics, percentages, death counts, and figures of displacement, often overlooking that behind every number is a name, and behind every name, a face. Each face bears lines that trace a map of sorrows waiting to be shared."""
“Freedom will finally be within grasp when you experience heaven on earth with a dance.”,1,human_quotes,"""True freedom is finally within reach when you find heaven on earth through the art of dance."""
"“The only thing we ever have less of is time."" - Jill Reid | Discover Your Personal Truth”",1,human_quotes,“Time is the sole resource we consistently have less of.” - Jill Reid | Find Your Authentic Self
"“Despite how hard I try to hide, my whole face gathers in a coup to let him know how much I fancy him.”",1,human_quotes,"“No matter how hard I try to conceal it, my entire face conspires to betray just how much I adore him.”"
"“Motivation is like bacteria. Positivity is good motivation, rarely found, the good bacteria. Negativity, the bad one, found everywhere. Culture good one.”",1,human_quotes,"""Motivation resembles bacteria. Positive motivation is beneficial, akin to good bacteria that is scarce. Negative motivation, the harmful kind, is ubiquitous. Cultivate the positive."""
"“What is a game? (Marx said) It's tomorrow, and tomorrow, and tomorrow. It's the possibility of infinite rebirth, infinite redemption. The idea that if you keep playing, you could win. No loss is permanent, because nothing is permanent, ever.”",1,human_quotes,"“What defines a game? (As Marx put it) It’s tomorrow, and tomorrow, and tomorrow. It’s the chance for endless renewal, for limitless redemption. The belief that if you continue playing, victory is possible. No defeat lasts forever, because nothing is permanent, ever.”"
"“Children still fly kites from high on the hilltop, shrieking in delight as the nylon floats off toward the sunshine as if it was the most magnificent thrill in the world. All I can think to say, hoping those small boys could hear me, is 'fly on.”",1,human_quotes,"""From the hilltop, children still send kites soaring, their joyful cries echoing as the nylon sails drift sunward, as though it were life's greatest wonder. All I wish to whisper, hoping those young boys might catch it, is 'fly on.'"""
"“It is very difficult and, in many cases, ultimately hopeless, to try to be kind to people who are unkind to you. But if you give it a try, it is not impossible and it is the noblest thing to do.”",1,human_quotes,"“Attempting to be kind to those who treat you unkindly is often very challenging and, in many instances, ultimately futile. Yet if you make the effort, it is not impossible, and it stands as the most noble action one can take.”"
“You can only be yourself.”,1,human_quotes,"""You must remain true to who you are."""
"“If you can begin to see your life as a feedbackmechanism that is reflecting who you are, with the ultimate goal to help you live better and more fully. All of a sudden you realize it was never the world standing in your way but your own mind.”",1,human_quotes,"“If you start viewing your life as a feedback mechanism that mirrors your true self, aiming to guide you toward a richer, more complete existence. Suddenly, you understand it was never the world blocking your path, but your own thoughts.”"
“People oppose you when you uncomfort them... When you don't reciprocate their actions. Or when you point their guilt. They tell bad things about you exaggerating. You can tell more bad things about them but you don't do it... to be positive”,1,human_quotes,"""People resist you when you make them uneasy... when you don't mirror their behavior, or when you highlight their faults. They spread exaggerated rumors about you. You could retaliate with worse, but you choose not to... to stay positive."""
“The clarity of purpose removes lots of nuances”,1,human_quotes,“A clear purpose eliminates many subtleties.”
“usually the threat of death makes people a lot more aware of their lives”,1,human_quotes,"""often, the prospect of dying sharpens one's appreciation for being alive"""
"“I look at him and see confidence. Well, okay. First, I see muscles, then...”",1,human_quotes,"“When I look at him, I see confidence. Alright, fine. First, I notice the muscles, then...”"
“The distance between dreams and reality is called Fate”,1,human_quotes,"""The gap separating aspirations from actuality is known as Destiny"""
“Treasure every moment as a miracle.”,1,human_quotes,"""Cherish each moment as if it were a wonder."""
“Profit begins with passion.”,1,human_quotes,"""Passion is the seed from which profit grows."""
"“When all else fails, go hiking.”",1,human_quotes,"“When everything else falls short, take a hike.”"
“The absent are always wrong and it is very convenient to lynch Satan in the public square in order to make him responsible for the dark parts of our souls!”,1,human_quotes,"""The absent are invariably at fault, and it is all too easy to condemn Satan in the public square, blaming him for the shadowy corners of our own souls!"""
“Only a dancer can sway the silk of her hair like the summer breeze.”,1,human_quotes,“Only a dancer can make her hair flow like silk in the summer breeze.”
"“To shift, drift, and move, most glorious, is the blessing of dance.”",1,human_quotes,"“To glide, wander, and flow, most splendid, is the grace of dance.”"
"“It not fashion make you feel good,it style you have.”",1,human_quotes,“It’s not fashion that makes you feel good—it’s the style you possess.”
"“Someone you know may tell you ""Why are you stressing out about it? My situation is worse"". But really, the truth is that everyone has their own struggles. Struggles are not something that can be compared.”",1,human_quotes,"“A person you know might say, ‘Why are you so worried? My situation is even harder.’ Yet in reality, everyone faces their own challenges. These difficulties cannot truly be measured against each other.”"
“There is only one thing that makes a dream impossible to achieve: fear of failure.”,1,human_quotes,“The sole obstacle to realizing a dream is the dread of failure.”
“Man is part of the mystery he tries to solve.”,1,human_quotes,"""Humanity is a piece of the enigma it seeks to unravel."""
“The treasure of life should motivate you to do your very best.”,1,human_quotes,"""Life's preciousness should inspire you to strive for your utmost potential."""
“95% of your actions are habitual”,1,human_quotes,"""Approximately 95% of your behaviors are driven by habit."""
“It doesn't matter how hard you fall but how quickly you bounce back.”,1,human_quotes,"""What matters isn't how hard you fall, but how fast you get back up."""
"“I want to mean something, to leave my mark, to rest in the assurance that people were better off having known me.”",1,human_quotes,"""I wish to matter, to make an impact, to find peace in knowing others' lives were improved by my presence."""
"“People don’t argue to find out the truth anymore. People will settle for winning momentary discussions, never minding the nuances within every topic they superficially defend with indomitable passion.”",1,human_quotes,"""Nowadays, people don't debate to uncover truth. They're content with winning fleeting arguments, ignoring the subtleties in each subject they defend with unwavering fervor."""
“Justice is a criminal circuit that rapes innocents with electricity framing them as guilty... Never take part in legal procedures! You do not need laws to be ethical! Only criminals need laws! To condemn innocents & break them invisibly!”,1,human_quotes,"""Justice is a corrupt system that assaults the innocent with electric charges, falsely branding them as guilty... Avoid legal proceedings at all costs! Morality requires no laws! Only the guilty rely on laws! To persecute the blameless and shatter them unseen!"""
"“Repent, be refreshed.”",1,human_quotes,"""Repent and be renewed."""
“Every set back is a setup for a GREAT Come back”,1,human_quotes,"""Every setback sets the stage for an extraordinary comeback."""
“The irresponsibility of others must not hinder us from doing what is right and good.”,1,human_quotes,“The recklessness of others should not prevent us from pursuing what is just and virtuous.”
“The world seems void of silence whenever footsteps are deprived of dancing shoes.”,1,human_quotes,“The world feels empty of quiet when feet lack the rhythm of dance.”
"“Immense and intense is the reach of dance, moving souls with its majestic trance.”",1,human_quotes,"""Vast and profound is dance's sway, stirring spirits with its majestic display."""
“THE END OF FAILURE IS BETTER THAN WINNING”,1,human_quotes,"""SUCCESS IS NOT AS VALUABLE AS THE LESSONS FROM DEFEAT"""
"“I am very aware of everything that I'm worthy of. Therefore I walk, talk, act, and emit that type of energy in my life. That is how you attract what you desire and what you're deserving of with ease.”",1,human_quotes,"""I know exactly what I deserve. So I move, speak, and carry myself with that confidence. That’s how you effortlessly draw in what you want and what you’re meant to have."""
“If you stay humble and keep your humility embedded in your behavior then no circumstances can erode your core. You will keep on shining evermore.”,1,human_quotes,"""Remaining humble and letting humility guide your actions ensures that no situation can diminish your essence. You will continue to shine brighter with time."""
“Nothing perishes... nothing dies.”,1,human_quotes,"""Nothing fades away... nothing ceases to be."""
"“By overcoming obstacles in practice, you make your learning perfect and by overcoming the hardships you experience in life, you become complete in your life.”",1,human_quotes,"""Through surmounting practical challenges, you refine your learning; by conquering life's adversities, you achieve wholeness in your existence."""
“Allow yourself to learn new things to be grow”,1,human_quotes,"""Embrace learning new things to foster personal growth."""
“Opportunity is where preparation meets toil”,1,human_quotes,"""Opportunity arises when preparation converges with diligent effort."""
"“I’ve had the whole world at my disposal,The seven wonders for my rehearsal,But that was not enough,It’s tough to describe you.”",1,human_quotes,"""I've held the entire globe in my hands,  
The seven wonders as my practice grounds,  
Yet that still fell short,  
It's hard to put you into words."""
“Fly low and feed with the chickens or soar high and dance with the eagles.”,1,human_quotes,"""Fly low and dine with the hens, or soar high and glide with the eagles."""
“Being original rescue you on being hunted to reveal your reality.”,1,human_quotes,"""Originality saves you when you are pursued to expose your truth."""
“In the name of look beautiful help the world by being beautiful inside and out to avoid confusion.”,1,human_quotes,"“To look beautiful, help the world by being beautiful inside and out, and avoid confusion.”"
"“If you can begin to see your life as a feedback mechanism that is reflecting who you are, with the ultimate goal to help you live better and more fully. All of a sudden you realize it was never the world standing in your way but your own mind.”",1,human_quotes,"""“If you start viewing your life as a feedback system that mirrors your true self, aiming to guide you toward a richer, more complete existence. Suddenly, you understand it was never the world blocking your path, but your own thoughts.”"""
"“When people reject you God welcome you, which you prefer?”",1,human_quotes,"“When others turn you away, God opens His arms. Which do you choose?”"
“Everything that happens once can never happen again. But everything that happens twice will surely happen the third time.”,1,human_quotes,“What occurs once may never recur. Yet what occurs twice is bound to happen a third time.”
"“Like the moon of night in the sky, there is still a hope that shines in the darkness of life, even in many shimmering confusions.”",1,human_quotes,"“Just as the moon glows in the night sky, a hope still shines through life’s darkness, even amidst many shimmering uncertainties.”"
"“Sometimes, I witness moments of such outstanding beauty that I keep them to myself. Not as an act of greed. I— I just think my description would never do them justice.”",1,human_quotes,"“Occasionally, I encounter scenes of such breathtaking beauty that I hold them close. Not out of selfishness. I simply believe my words could never truly capture their essence.”"
"“Say anything else with that accent, and you can take me wherever you want...”",1,human_quotes,"""Speak another word in that accent, and I'll go anywhere with you..."""
“Is there any god like our great glorious GOD.”,1,human_quotes,"“Is there any deity comparable to our magnificent, exalted GOD?”"
“The mercy of the Maker must be reflected upon every morning.”,1,human_quotes,"""Each dawn calls for reflection on the Maker's boundless mercy."""
"“I could steal words from my idol,Echo lyrics of a vinyl,But I have this feeling since we first met,That the right words haven’t been written yet.”",1,human_quotes,"“I might borrow lines from my hero,  
Mimic verses from a record’s groove,  
Yet from our first meeting, I’ve sensed,  
The perfect words remain unwritten still.”"
"“And here comes the battle between you and your thoughts,And you always lose miserably”",1,human_quotes,"“Here begins the struggle between you and your own mind, and you are always defeated utterly.”"
“Wear high hill shoes in hard situations to finish up some stuff it your body language.”,1,human_quotes,"""Put on sturdy shoes for tough tasks to complete things with your body language."""
“You the form of some style the thing you need is to search to find it.”,1,human_quotes,"""To find the style you need, you must search for it."""
“Glossy lips must pour good words not hurful words.”,1,human_quotes,"""Shiny lips should speak kind words, not harmful ones."""
"“If you can dream without limits, you can soar to great heights. Let the magic of your imagination set you free.”",1,human_quotes,"""Dream without boundaries, and you can reach incredible heights. Allow your imagination's magic to liberate you."""
“I will be who I choose to be”,1,human_quotes,"""I will become the person I decide to be"""
"“Two times in life you do not waste time arguing with someone: when you are wrong, and when you are right.”",1,human_quotes,"""Never waste time arguing with someone in two situations: when you're mistaken, and when you're correct."""
“Every style can suit you if you know how to wear for it.”,1,human_quotes,"""Any style can become yours if you understand how to carry it off."""
"“Even though we don’t speak the same language, at this moment, we understand each other.”",1,human_quotes,"“Though we don’t share a common tongue, right now, we understand one another.”"
“I was 29 years of age and that was the first time I had experienced true love. Even the love of a Father!”,1,human_quotes,"""At twenty-nine, I encountered genuine love for the first time—even the love of a Father!"""
“Welcome in Curve fashion world allow me to walk in to your wardrobe .”,1,human_quotes,"""Step into the world of Curve fashion, and let me guide you through your wardrobe."""
"“Does Ebui dream of a private grave? People in fancy dress eulogizing, laying down their offerings. Or does she dream past the frontier, a quicksilver cavern to adorn forever?”",1,human_quotes,"“Does Ebui imagine a solitary burial? Elegantly attired mourners offering praise and tributes. Or does her vision extend beyond the border, to a shimmering grotto where she might dwell eternally?”"
"“You could have lived my life and I could have lived yours, because without knowing each other I can say that suffering very often shows a similar face when it decides to hit one of us.”",1,human_quotes,"""You might have walked in my shoes, and I in yours, for even without acquaintance, I can tell that suffering often wears a familiar mask when it chooses to strike any of us."""
“Being your original help you on being hunted to reveal your reality try it.”,1,human_quotes,"""Embrace your authenticity to avoid being pursued for your truth—give it a try."""
“Do not abort your mission because some don't support your mission”,1,human_quotes,"""Don't abandon your mission just because some don't back your cause."""
“Count your blessings one by one see how much as bible says to boost you.”,1,human_quotes,"""Count your blessings individually, as the Bible advises, to uplift your spirit."""
“Freedom is free beyond a person's limit but it is better for him to free himself within his limits.”,1,human_quotes,"""Freedom exists beyond one's boundaries, yet it is wiser for an individual to liberate themselves within their own constraints."""
"“In the house of the diligent, there will always be an abundance of food, but the sluggard will always beg for bread.”",1,human_quotes,"""In the diligent household, food is always plentiful, yet the lazy person will constantly be asking for bread."""
"“As my journey continues, I leave nothing good behind. I carry it all with me.”",1,human_quotes,"“Throughout my travels, I take all that is good with me, leaving nothing valuable behind.”"
"“My experiment about life is that what I was trying, with all my interest, now I am getting more or less success from that effort.”",1,human_quotes,"""My life experiment shows that what I pursued with deep interest is now yielding some measure of success from that endeavor."""
"“No wonder why we build our own cages and stay in them, even though there's no lock on the door.”",1,human_quotes,"“It’s no surprise we construct our own cages and remain inside, even when the door has no lock.”"
“More than body fitness in sport you need God's hand he can do better for you to score that goal.”,1,human_quotes,"""In sports, beyond physical fitness, you require divine intervention to truly excel and secure that goal."""
“Being motivated and inspired spiritual body size and physical fitness will be easy piece.”,1,human_quotes,"""Maintaining motivation and inspiration makes achieving spiritual wellness and physical fitness an effortless endeavor."""
"“Start to Finish, will avoid to fail.”",1,human_quotes,"""From beginning to end, we will strive to prevent failure."""
“Nothing in life is unattainable. Don't believe the naysayers. You are the author and illustrator of your book.”,1,human_quotes,"""Nothing in life is beyond reach. Ignore the doubters. You are both the writer and artist of your own story."""
“Be an influencer to avoid being influenced that will measure your strength.”,1,human_quotes,"""Become an influencer to prevent being swayed, as this will gauge your resilience."""
“Step into a mistry world of believing and trust in you before you blame other people.”,1,human_quotes,"""Enter a mysterious realm of faith and self-trust before you point fingers at others."""
“Belief that you can act is a powerful motivator. Belief that change can happen in a flash is an even stronger motivator.”,1,human_quotes,"""Believing you can take action is a powerful motivator. Believing change can occur instantly is an even stronger one."""
“My motivation; knowing the value of life makes me live to do my very best.”,1,human_quotes,"""My drive comes from understanding life's worth, which inspires me to live each day striving for my utmost."""
“One barn is better than seven half-baked loaves of bread. What matters most is how you finish rather than how you started.”,1,human_quotes,"""A single barn is worth more than seven half-baked loaves. The end is what truly counts, not the beginning."""
“Your Goals Your Life Your Choices :)”,1,human_quotes,"""Your Life, Your Goals, Your Decisions :)"""
“Do your best to defeat the enemy inside you and you will find yourself wining the heart of your external enemy.”,1,human_quotes,"""Strive to conquer the inner foe, and you will discover yourself winning over the heart of your outward adversary."""
“Try not to fear what you do not understand. Be open and allow yourself to learn new things in life. Ignorance is truly NOT bliss.”,1,human_quotes,"""Do not be afraid of the unfamiliar. Stay receptive and embrace opportunities to grow. Ignorance is certainly NOT bliss."""
"“I’ve been saving my thoughts for years, bound by the promise of a vast array of alternatives, only to find out my subservience is doomed to last forever, because my future is being forced to follow a path drawn by them.”",1,human_quotes,"“For years, I’ve kept my thoughts to myself, constrained by the pledge of countless other options, only to realize my submission is fated to endure endlessly, as my future is compelled to trace a course they have laid out.”"
"“Paradigm shift is for the mindful; but those who refuse to adopt to new ways of looking at things will always catch yesterday's train, flight or bus.”",1,human_quotes,"""Paradigm shifts are for the mindful; those who resist new perspectives will forever be boarding yesterday's train, flight, or bus."""
“Summer is an awesome season but it you'll not sink in the ocean or pool of tears without any life guide who's Holy Spirit (God's spirit)”,1,human_quotes,"""Summer is a wonderful season, yet without the guidance of the Holy Spirit, you might drown in a sea of sorrow."""
“More healthy lifestyle balanced come from healthy eating spiritual and physical.”,1,human_quotes,"""A balanced, healthy lifestyle stems from nourishing both the body and spirit through wholesome eating."""
"“Perseverance, Perseverance.”",1,human_quotes,"""Perseverance, Perseverance."""
"“As flowers wither and fall, we all have setbacks and bad days, but trust the process and you'll start bearing fruit.”",1,human_quotes,"""When blossoms fade and fall, we all face hardships and difficult times, yet have faith in the journey and you will begin to yield results."""
"“Color, type, and metirial doesn't matter babe you can Rock it with style.”",1,human_quotes,"""Babe, you can rock any color, type, or material with style—it doesn't matter."""
“Welcome in Curve food you on my kitchen to learn deeply by Motivating and Inspired you in both sides spiritual and physical.”,1,human_quotes,"""Welcome to Curve Food in my kitchen, where you'll learn deeply through motivation and inspiration, both spiritually and physically."""
“The story needed to be told that how Curvaceous world like as a harmonic words in the ocean.”,1,human_quotes,"""The tale needed to be shared of how Curvaceous world flows like harmonious words in the sea."""
"“Now you've done it all,certified people with your life tell me your results what is your benefits?”",1,human_quotes,"“Now you’ve accomplished everything, verified individuals with your life, tell me your outcomes—what are your advantages?”"
“What we do in solitude defines us.”,1,human_quotes,“Our actions in solitude shape who we are.”
"“Choose someone who can love you not only during the day but also during your darkest nights, even when the sun and the moon resist sharing their light.”",1,human_quotes,"""Seek a person who will cherish you not just in daylight, but through your deepest nights, even when both sun and moon withhold their glow."""
"“By sharing your pain with others, you may give them the strength to abuse your wound, but by sharing your pain only with yourself, you gain the strength to overcome the situation”",1,human_quotes,"""Sharing your pain with others might empower them to exploit your vulnerability, yet confiding it solely within yourself builds the strength to rise above the circumstance."""
“May you have an heartfelt joy to be alive.”,1,human_quotes,"""May you feel a profound joy in being alive."""
“You know what's amazing? The fact that every day you probably make someone you don't even know smile.”,1,human_quotes,"""Have you ever considered how incredible it is? Each day, you likely bring a smile to the face of someone you've never even met."""
"“but this payment goes well beyond my generosity.""""don't say that again. Life might be listening and give you less the next time.”",1,human_quotes,"""“yet this compensation far exceeds my magnanimity.""""refrain from repeating that. Existence could be listening and grant you less in the future.”"""
“You can be dumped or fired by people but God always welcome you to restore smile in your face.”,1,human_quotes,"""You may be rejected or dismissed by others, but God always invites you to regain joy in your life."""
"“Does all Curve people struggle or experience stress about it?I don't think so, search here for yourself”",1,human_quotes,"""Do all Curve users face challenges or feel stressed about it? I doubt it, look it up yourself here."""
“I would rather fail than regret!”,1,human_quotes,"""I would rather face failure than live with regret!"""
"“An honest person never gets tired of helping others for a long time, but the same person feels tired at the very beginning of hurting others.”",1,human_quotes,"""A truly honest individual never wearies of aiding others over time, yet that same person grows weary instantly when causing harm."""
"“Surrender,Submit,Sing.”",1,human_quotes,"""Yield, Concede, Harmonize."""
"“Generous in love-God, gives grace.”",1,human_quotes,"""God, abundant in love, bestows grace."""
"“My focus is on progression, not perfection. My progression is already perfect -- unfolding as it should, when it should, according to divine alignment”",1,human_quotes,"""My focus is on progress, not perfection. My progress is already perfect—unfolding as it should, when it should, in divine alignment."""
“A man is protected by his prayers.”,1,human_quotes,"""“A man is shielded by his prayers.”"""
"“Love to be unliked because it where you'll gain strength,indipendent.”",1,human_quotes,"""Love being disliked, for that is where you'll find strength and independence."""
"“Without situations, no strength will be developed.”",1,human_quotes,"""Strength cannot be cultivated without facing challenges."""
“Avoid to quit before starting.”,1,human_quotes,"""Don't give up before you even begin."""
“Forgiveness not clear the air between you and your enermy only it healthier you physical and spiritual.”,1,human_quotes,"""Forgiveness not only clears the air between you and your enemy, but also benefits your physical and spiritual health."""
"“Before you wake up, your seriousness that never lets you sleep peacefully, starts building up your strengths with your efforts after you wake up.”",1,human_quotes,"""Even before you awaken, your earnestness, which never allows for restful sleep, begins constructing your strengths through the efforts you make after rising."""
"“Through our work and through getting what we need on our own, without depending on others, we can stand tall and realize our potential as humans.”",1,human_quotes,"""By working hard and meeting our own needs independently, we can stand with pride and fulfill our human potential."""
“Welcome in Curve fitness and sports room w'll play and train together to be healthy and flexible mostly spiritual motivated.”,1,human_quotes,"""Welcome to the Curve fitness and sports room. We'll exercise and train together to become healthy and flexible, with a focus on spiritual motivation."""
“Start to finish and quite to fail”,1,human_quotes,"""From beginning to end, and quiet to failure"""
“Your Goals Your Life Your Choices :)”,1,human_quotes,"""Your Life, Your Goals, Your Decisions :)"""
“It not that you bad person it because people they don't understand you and things you do make more confusion to them.”,1,human_quotes,"""It's not that you're a bad person; it's because others don't understand you, and your actions create more confusion for them."""
“I'm sorry to step you in your corners but the truth must be told that you can't Loved by all people cause you not the money.”,1,human_quotes,"""I apologize for intruding on your space, but it must be said that you cannot be loved by everyone, as you are not money."""
“Mathon is starting on the road but it starts from days before you hit the road by dreaming and margin about it.”,1,human_quotes,"""Mathon begins with the journey, yet it truly starts days before you set out, through dreaming and pondering the path ahead."""
"“Tell me, if you can replicate any two days?”",1,human_quotes,"""Tell me, could you relive any two days?"""
"“Dress for your body type, to make fashion alive.”",1,human_quotes,"""Dress to suit your figure, bringing fashion to life."""
“The mercy Maker is the Mighty One.”,1,human_quotes,“The Mighty One is the merciful Creator.”
“Quess what? would be a dramatic love look on your transformed body fat to a healthy muscles through body activities.”,1,human_quotes,"""Guess what? Dramatic love will show on your body as fat transforms into healthy muscle through physical activity."""
"“Chess does not only teach us to analyse the present situation, but it also enables us to think about the possibilities and consequences. This is the art of forward-thinking.”",1,human_quotes,"""Chess not only trains us to assess the current position, but it also encourages us to consider potential moves and their outcomes. This embodies the essence of strategic foresight."""
“Tears of sadness will erase the pain of life”,1,human_quotes,“Tears of sorrow can wash away life’s pain”
"“I have the power I need to create the destiny that I desire. I am open to the Universe's abundance, and magic happens when I live in my eternal truth.”",1,human_quotes,"“I possess the strength required to shape the destiny I seek. I welcome the Universe’s plentiful gifts, and enchantment unfolds as I abide in my timeless truth.”"
“By reaching your goal means Grow to some level and tell show you how brave and strong you're.not give you a permition for being bossy to others.”,1,human_quotes,"""Reaching your goal signifies growth to a certain level and demonstrates your courage and strength. It does not grant you permission to act bossy toward others."""
"“No babe you're not explained by number for people who love you or what you've done, it how you treat yourself and how you created.”",1,human_quotes,"""Darling, your worth isn't measured by how many love you or your achievements, but by how you treat yourself and what you've built."""
"“You can stay stuck or go forward, but you can't go back. Don't let your fear of falling hold you back! You've got this!”",1,human_quotes,"“You can remain stuck or move ahead, but you can’t turn back. Don’t allow your fear of falling to stop you! You’ve got this!”"
"“Marathon not start on the road,it starts by margining, strategies, dreaming about it then hit the road.”",1,human_quotes,"""A marathon doesn't begin on the road; it starts with planning, strategizing, envisioning the goal, and then taking the first step."""
"“Be the first when no one comes, be the last when all are gone.”",1,human_quotes,"""Stand first when none appear, remain last when all depart."""
“Love yourself enough to protect you in you by living healthy life.”,1,human_quotes,"""Love yourself sufficiently to safeguard your well-being through a healthy lifestyle."""
“It dangerous to be comfortable in people's praises will make you expect it in wrong place and time.”,1,human_quotes,"“It is perilous to grow accustomed to others' commendations, as this may lead you to anticipate them in inappropriate situations.”"
“Don't confuse being kind and being played this is life not the game you must know the different before you regret.”,1,human_quotes,"""Don't mistake kindness for being taken advantage of; this is life, not a game. You must understand the difference before you come to regret it."""
"“Without well being, there is no wealth.”",1,human_quotes,"""Without health, there can be no prosperity."""
“Just be good. Baby you are a queen. Give wisdom a chance to be seen.”,1,human_quotes,"""Just be good. Darling, you are royalty. Let wisdom have its moment to shine."""
“Whoever wishes for the heavenly blessings must first learn to prevail persistently in prayer.”,1,human_quotes,“Those who seek divine favor must first master the discipline of steadfast prayer.”
“Guess what? dramatic love look will be your life after transforming Curve fat to a healthy hot sexy muscles body.”,1,human_quotes,"""Guess what? A dramatic love life awaits you after transforming your curvy figure into a healthy, hot, and sexy muscular physique."""
“You think this mountains is bigger than God? Think again!”,1,human_quotes,"""You believe this mountain is mightier than God? Reconsider your thoughts!"""
"“By reaching your goal means you grow in some level and show you how well you've done? how strong, brave you're not being bossy and abuse other people rights.”",1,human_quotes,"""Reaching your goal signifies personal growth and demonstrates your achievements. It shows your strength and courage without being domineering or infringing on others' rights."""
“No matter how glossy your lips is what I say is it can kill or make someone live either you or someone else better watch it that what bible says.”,1,human_quotes,"""Whether your lips are glossy or not, I say words can bring life or death—so you or others should heed this warning, as the Bible teaches."""
“To kill it you must finding your body shape with tailors help or tape measurements and follow it with your outfit like clothes that match your body structure .”,1,human_quotes,"To eliminate it, you must determine your body shape with a tailor's assistance or by taking measurements, then select outfits that align with your physique."
“Everyone has bad habits. It is your good habits that build you.”,1,human_quotes,“Everyone possesses undesirable habits. It is your positive habits that shape you.”
“Beauty makeup artist not make you beautiful the thing is it add on how you look cause sometimes you wear it and become opposite direction instead of people looking you beautiful see different person in it.”,1,human_quotes,"""A beauty makeup artist doesn't make you beautiful; rather, they enhance your appearance. Sometimes, wearing makeup can have the opposite effect—instead of looking beautiful, people see a different person."""
"“Live life to live legacy, for other people to continue it and benefits.”",1,human_quotes,"“Live fully to leave a lasting legacy, so others may carry it forward and benefit.”"
"“Do not take your health for granted, thank God for your well being.”",1,human_quotes,"""Never take your health for granted; always be grateful to God for your well-being."""
“Remember that there is always the sky that is above us and beyond us”,1,human_quotes,"""Recall that the sky always stretches above and beyond us."""
"“To act is to commit, and to commit is to take risks.”",1,human_quotes,"""To act is to commit, and to commit is to embrace risk."""
"“With your room allawence, this mountains stumbled you to succeed must fall.”",1,human_quotes,"“With your permission, these mountains that have hindered your success must now crumble.”"
"“The greatest part of a writer’s time is spent in reading, in order to write. A man will turn over half a library to make a book.”",1,human_quotes,"""A writer devotes most of their time to reading, so they can write. One may sift through countless books to create a single volume."""
“Viral Code...I want my dreamsAnd I want them now;Give me my dreams;Only dreams can cure me;Everyone deserves dreamsBecause no one deserves them”,1,human_quotes,"""Viral Code... I crave my dreams, and I need them now; grant me my dreams; only dreams can heal me; everyone merits dreams, for no one is undeserving of them."""
"“Each of us has a meaning, because our decisions influence others through the world.”",1,human_quotes,"“Every individual holds significance, as our choices ripple outward to affect others across the globe.”"
“Believe in Your Vision because Purpose and Missionare led by Vision.” ~Sherrie Rose”,1,human_quotes,"""Trust in Your Vision, for Purpose and Mission are guided by Vision."" ~Sherrie Rose"
"“Surround yourself with leaders who have their own thoughts and opinions. This is an incredible way to sharpen your mind, learn from diverse perspectives, and merge genius ideas.”",1,human_quotes,"""Surround yourself with leaders who think independently and hold strong opinions. This is a powerful method to hone your intellect, gain insights from varied viewpoints, and blend brilliant ideas."""
"“Change the world with your way of life, one day it will change the direction of the people.”",1,human_quotes,"""Transform the world through your daily actions; eventually, it will shift the course of humanity."""
“You must daily build your strength in the spirit in order to overcome your struggles.”,1,human_quotes,“You must strengthen your spirit each day to prevail over your challenges.”
“Beauty Makeover doesn't promote fakeness or being photo copy a by doing that you abuse it.”,1,human_quotes,"""Beauty Makeover doesn't encourage artificiality or copying others—that's a misuse of its purpose."""
“Don’t blame me for your mediocrity it’s not my fault you lack integrity”,1,human_quotes,"""Your mediocrity is not my responsibility; it's your own lack of integrity to blame."""
“People live miserably without loving well and people love miserably without living well.”,1,human_quotes,"“To live without deep love is a wretched existence, and to love without a full life is equally miserable.”"
“If you don't do anything to improve upon yourself no one will do that for you.”,1,human_quotes,"""If you fail to take steps toward self-improvement, no one else will undertake that task for you."""
“Happiness doesn't always involve achieving success. Most of the time it's about showing up every single day.”,1,human_quotes,"""Happiness isn't always found in success. Often, it's simply about showing up consistently each day."""
“Words go beyond the human imagination - it grips and roots themselves into your frequency which ultimately affects your energy.”,1,human_quotes,"""Words transcend human imagination—they seize and embed themselves into your frequency, ultimately shaping your energy."""
"“Yes, life brings dreams; we dream to live a life. We must live and keep dreaming of becoming engaged with our life purpose.”",1,human_quotes,"""Indeed, life inspires dreams; we dream to truly live. We must continue living and dreaming, striving to connect with our life's purpose."""
"“To open the door to progress, close the hinge of laziness.”",1,human_quotes,"""To unlock the path forward, shut the door on idleness."""
"“You will be prodded, pushed. Tested. You will be bumped up against the Great Wall of Uncertainty again and again-the question on the tongue of the universe always the same-who are you?”",1,human_quotes,"“You will be challenged, pressured. Examined. You will repeatedly confront the Great Wall of Uncertainty—the universe’s persistent question remains unchanged: who are you?”"
"“We're all capable of more, don't let anybody tell you otherwise. Keep chasing those dreams, through hard work you'll eventually catch them.”",1,human_quotes,"""Everyone has untapped potential; don't allow others to convince you otherwise. Persist in pursuing your dreams—with dedication, you will ultimately achieve them."""
"“When you feel like your hope is gone, look back for a second and remind yourself ""WHY YOU STARTED?"".”",1,human_quotes,"“When it seems your hope has faded, pause briefly and recall the reason you began.”"
"“Tell me your sad story that eating you alive, I promise to be silent only God will read it and sort it for you.”",1,human_quotes,"""Share the sorrow that consumes you, and I vow to listen quietly—only God will read it and resolve it for you."""
“Direction is better than speed.”,1,human_quotes,"""Direction matters more than speed."""
“Wait patiently on God because the heavenly blessings he gives are permanent inheritance.”,1,human_quotes,"""Patiently wait upon the Lord, for the blessings He bestows from heaven are an everlasting inheritance."""
“You tired to call by names through your body size look just change the lifestyle.”,1,human_quotes,"""You tried to label yourself by your appearance, but simply altering your habits is the key."""
"“You are your own savior, champion, and best friend, your own Knight in Shining Armor.”",1,human_quotes,"""You are your own hero, defender, and closest ally, your own shining knight in armor."""
“Self-love is the balance between accepting yourself as you are while knowing that you deserve better and working towards it.”,1,human_quotes,"""Self-love means accepting yourself as you are, yet recognizing you deserve more and striving to achieve it."""
"“We can't be happy in an unhappy world, so we need to change our surroundings.”",1,human_quotes,"“We cannot find joy in a sorrowful world; therefore, we must transform our environment.”"
“Be careful on two face people the truth is will disturb you and make your life boat sink.”,1,human_quotes,"""Beware of two-faced individuals; their truths can unsettle you and capsize your life's vessel."""
“You can't change things you believe in through other people you can compromise to see what they put on the table and make a plan to meet with them half way till you certified with their deal.”,1,human_quotes,"""You cannot alter your core beliefs through others, but you can compromise by considering their proposals and devising a plan to meet them halfway until you are satisfied with the agreement."""
"“F*** these men who don’t think we’re beautiful, because there are men who love us big babies!”",1,human_quotes,"""To hell with men who don't see our beauty—there are plenty who adore us, big and beautiful!"""
“Pray for power to perform the action.”,1,human_quotes,"""Seek strength to carry out the deed."""
“Beauty rises ...from a place of tenderness...for it is what pushes a human.... to be humane....”,1,human_quotes,"""Beauty emerges... from a wellspring of tenderness... for it is what compels a person... to act with humanity..."""
“Tears of sadness will erase the pain of life.”,1,human_quotes,“Tears of sorrow can wash away life’s suffering.”
“The most beautiful things are unseen but can be felt.”,1,human_quotes,"""“The most exquisite things remain unseen, yet they can be deeply felt.”"""
"“Without peace of mind, how can you perform?”",1,human_quotes,“How can you perform without peace of mind?”
“It not clothes that unfit you it you not doing it.”,1,human_quotes,"""It's not the clothes that don't suit you; it's you not suiting them."""
"“Like sun shine over the hills! rise and shine before sunset, do what expected on you,yes that you love to do the most world waiting it.”",1,human_quotes,"""Like sunshine over the hills! Rise and shine before sunset, do what is expected of you—yes, what you love to do most, the world awaits it."""
“Intent is my precursor one half breath and I am realized. My goal is my full breath ~”,1,human_quotes,"“My intent precedes me by half a breath, and I am made real. My aim is my complete breath ~”"
"“Does every Curve people struggle and stressful through it?I don't think so, search it for yourself it trueth of life.”",1,human_quotes,"""Do all Curve individuals find it a struggle and stressful? I doubt it; look it up yourself—it's a truth of life."""
“Perfect your own powers.”,1,human_quotes,“Refine your own abilities.”
“Firm was my resolveand fragile was my heart.I saw many ends and many a start.”,1,human_quotes,"""Resolute was my will, yet tender was my soul. I witnessed countless closures and many beginnings unfold."""
"“If deseases, growing old early and die before time hunting you through unhealthy lifestyle run in healthy Curve Swagger lifestyle.”",1,human_quotes,"""If illnesses, premature aging, and untimely death pursue you due to poor habits, embrace the healthy Curve Swagger lifestyle."""
"“In any situation, always remember God is step ahead”",1,human_quotes,"""In every circumstance, keep in mind that God is always one step ahead."""
"“When you feel like your hope is gone,look back for a second and remind yourself ""WHY YOU STARTED?"".”",1,human_quotes,"“When it seems your hope has faded, pause briefly and recall the reason you began.”"
"“Remove the words “impossible” and “I can’t” from your vocabulary. These words have became too significant in your thought process. Remember that what can be conceived in the mind, can also be brought into reality.”",1,human_quotes,"""Eliminate the terms 'impossible' and 'I can't' from your speech. These expressions have grown too prominent in your thinking. Keep in mind that whatever the mind can imagine, it can also achieve."""
"“Remember you can fly but you'll sleep on the ground, never look other people down cause tomorrow you'll land on them.”",1,human_quotes,"""Recall that you can soar, yet you'll rest on the earth; never look down on others, for tomorrow you may land upon them."""
"“Be an active cause of success, no a consequence of someone's scorn.”",1,human_quotes,"""Strive to be the architect of your own triumphs, not merely a casualty of another's disdain."""
“Live your dreams. Breathe your dreams. Never give up on your dreams.”,1,human_quotes,"""Live your dreams. Breathe your dreams. Never abandon your dreams."""
"“Thank you, women, of the world, for being mothers of NATIONS. The power is in our hands. Stand Up and be Counted! Ladies, Be Fearless! Never quit! Continue to Make History!”",1,human_quotes,"“Women of the world, we thank you for being the mothers of nations. The power rests in our hands. Stand up and be counted! Ladies, be fearless! Never give up! Keep making history!”"
"“More ominous the night, more spectacular the daybreak.”",1,human_quotes,"“The darker the night, the brighter the dawn.”"
"“Leere ist gut. Leere heißt Platz für Neues, Platz zum Durchatmen.”",1,human_quotes,"""Leere ist wertvoll. Sie schafft Raum für Neues und ermöglicht freies Atmen."""
“Safe is better than sorry. Nope. Risk is better than regret.”,1,human_quotes,"""Better safe than sorry? Not quite. Taking risks beats having regrets."""
“The gospel is the good News of God.”,1,human_quotes,"""The gospel is the good news from God."""
“I live in a way to make my daybook readable and interesting.”,1,human_quotes,"""I live each day in a manner that ensures my journal is both engaging and worth reading."""
“Where you find the end is the real beginning.”,1,human_quotes,“The true start is found where the end appears.”
"“People can cheer you even if you going on wrong place,why?they don't want to disappoint you!”",1,human_quotes,“Folks might applaud you even when you’re headed the wrong way—why? They don’t wish to let you down!”
"“Just don't give up, a miracle could happen!”",1,human_quotes,"""Never surrender, for a miracle might just occur!"""
"“If I can't trust you, it doesn't matter how smart you are.”",1,human_quotes,"""If I cannot rely on you, your intelligence is irrelevant."""
“Aimlessly working towards progression will not get you far.”,1,human_quotes,"""Working without direction toward progress will not take you far."""
"“I may not have my Bible, but God's words are in my heart. God is with me, and that is the reason that I have the strength to be sitting here holding it together.”",1,human_quotes,"“Though my Bible is not with me, God’s words remain in my heart. God is by my side, and that is why I have the strength to sit here, holding myself together.”"
“The sweet fellowship of prayer gives peace.”,1,human_quotes,“The gentle communion of prayer brings peace.”
"“God promises, therefore, he can performs.”",1,human_quotes,"“God promises, therefore, he can perform.”"
“You can do anything if you put your mind into it”,1,human_quotes,"""Anything is possible when you truly set your mind to it."""
"“Whether you think you can or think you can't, you're right.”",1,human_quotes,"“If you believe you can or believe you cannot, you are correct.”"
“Live Long and Prosper”,1,human_quotes,"""Live Long and Prosper"""
"“Raise your power in silence, become a dynamite of resilience.”",1,human_quotes,"""Build your strength quietly, become an explosive force of endurance."""
"“FEAR has its Reasons,COURAGE has Responsibility”",1,human_quotes,"""FEAR has its Justifications, COURAGE bears its Duty"""
“Ordinary people will make sure that you too think ordinary.”,1,human_quotes,"""Common folk will ensure you also think in common ways."""
“Be thankful to thy teacher.”,1,human_quotes,"""Express gratitude to your instructor."""
“Of what use are the memories if not to grow flowers..... on the barren fields. Of what use are the falling tears if not to weave the string of pearls in the hardest hours...”,1,human_quotes,“What purpose do memories serve if not to cultivate blossoms... upon desolate grounds. What purpose do falling tears serve if not to thread pearls through the most trying moments...”
“Now that I found my destinyCan't be the endBefore the startSo I ignore what they sayAnd I listen to my heartAnd then I knowThat I'm enough”,1,human_quotes,"""Having discovered my fate,  
It cannot conclude before it begins.  
Thus, I disregard their words,  
Heeding instead my own heart,  
And in that moment, I realize  
I am sufficient."""
“Prayer is the only power for prevailing in all matters.”,1,human_quotes,“Prayer stands as the sole force capable of triumphing in every circumstance.”
“She brought light into the darkest hourShe reminded humanity of love’s beautiful power No matter what obstacles she facedNo matter how confidently evil paced”,1,human_quotes,“She illuminated the deepest darknessShe recalled for humanity love’s wondrous strength Whatever barriers she encounteredHowever boldly wickedness advanced”
“Success is the best Revenge.”,1,human_quotes,"""Success serves as the ultimate revenge."""
“You don't control your results. You always control your inputs.”,1,human_quotes,"""You cannot control your outcomes, but you can always manage your efforts."""
"“Your success is your responsibility, nobody else's.”",1,human_quotes,"""Your achievements are solely your own to claim, not anyone else's."""
“There is nothing more beautiful than the present. Live it!”,1,human_quotes,"""Nothing surpasses the beauty of the present moment. Embrace it fully!"""
"“A crisis which can be distractive, can turn out to be constructive.”",1,human_quotes,"""A crisis that may seem disruptive can ultimately prove to be constructive."""
"“Happiness is not how many things you do, but how well you do them. More is not better. Happiness is not experiencing something else; it's continually experiencing what you already have in new and different ways.”",1,human_quotes,"""Happiness lies not in the quantity of your actions, but in the quality with which you perform them. More does not equate to better. Joy is not found in seeking new experiences; it is discovered by continually appreciating what you already possess through fresh and varied perspectives."""
“Only when you go against the flow will you find your own flow.”,1,human_quotes,“Only by swimming against the current can you discover your own true course.”
“Behind every triumph there's a thousand tragedies.”,1,human_quotes,"“For every victory, there are countless defeats.”"
"“˝ Not failure, just a lesson I had to learn. ˝”",1,human_quotes,"“˝ Not a defeat, merely a lesson I needed to learn. ˝”"
“We are all messed up creatures trying to find our way through life.”,1,human_quotes,"“We’re all flawed beings, just trying to navigate our way through life.”"
“The frustration of the customer grows exponentially. It’s best resolved at the bottom of the curve.”,1,human_quotes,"""The customer's frustration escalates rapidly. It's most effectively addressed early on."""
"“No matter how crazy it may feel, I found thatfollowing my intuitive hunch is always my bestbet. When we are grounded, it will never steer us in the wrong direction. Acting as our guiding light and divine compass. So don't question it. Trust it.”",1,human_quotes,"“No matter how strange it may seem, I’ve learned that trusting my gut instinct is always the wisest choice. When we are centered, it never leads us astray. Serving as our inner beacon and sacred guide. So don’t doubt it. Have faith in it.”"
“The road to success is always under construction”,1,human_quotes,"""The path to achievement is perpetually being built."""
“Difficulties arise to enrich our life with experience by putting our strength to the test.”,1,human_quotes,"""Challenges emerge to enhance our lives through experience, testing our strength along the way."""
"“In misery, do not be sad but sing.”",1,human_quotes,"“When in sorrow, do not grieve but sing.”"
"“Whoever shall call on the name of the Saviour, the Lord Jesus Christ, shall be saved.”",1,human_quotes,"“All who call upon the name of the Lord Jesus Christ, the Savior, will be saved.”"
“The power of contentment is the grace of cheerfulness.”,1,human_quotes,"""The strength of satisfaction lies in the grace of cheerfulness."""
"“Your kindness might cause you pain, a sense of betrayal, heartburn. Be kind anyway.”",1,human_quotes,"“Your compassion may bring you sorrow, a feeling of deceit, heartache. Show compassion regardless.”"
"“Whatever be your burden, bring them to the Lord through an earnest plead in prayer.”",1,human_quotes,"“Whatever burdens you carry, lay them before the Lord with a heartfelt plea in prayer.”"
"“When the efforts made to accomplish it are blinding, success is visible.”",1,human_quotes,"""“When the striving toward a goal is dazzling, achievement becomes clear.”"""
“We only get a few momentsIn this lifeWe must live and lovethem well”,1,human_quotes,“We have but fleeting momentsIn this lifetimeWe must cherish and embracethem fully”
“Grief does not kill the light...it reveals it.....Agony does not kill the ecstasy....it unfolds it......Dark does not extinguish the Dawn...it unwinds it.....”,1,human_quotes,"""Grief does not extinguish the light...it unveils it.....Agony does not end the ecstasy....it unfolds it......Darkness does not quench the Dawn...it reveals it....."""
"“Life is as incomplete and imperfect without difficulties, as a rose without a staircase of thorns.”",1,human_quotes,"""Life is as flawed and unfinished without challenges, like a rose lacking its stairway of thorns."""
“God requires you to do what is right.”,1,human_quotes,"""God expects you to act justly."""
"“I just want to be someone, to mean something to anyone...”",1,human_quotes,"“I just want to matter, to be important to someone...”"
“Better to be lost for something worthwhile. Instead of getting lost in everything worthless.”,1,human_quotes,“Better to lose yourself in something meaningful than to be lost amid all that is trivial.”
“You'll never get ahead of anyone as long as you try to get even with him.”,1,human_quotes,"""You will never surpass anyone if you remain focused on settling scores."""
"“The bondage is broken by the blood of the blameless lamb, the Lord Jesus Christ.”",1,human_quotes,"“The chains are shattered by the sacrifice of the sinless lamb, Jesus Christ the Lord.”"
"“Motivation supplies ignition, and habit provides fuel, to the flame of desire”",1,human_quotes,"""Motivation ignites the spark, while habit sustains the fuel, feeding the fire of desire."""
"“Allow yourself to forge friendships with those who seize your presence in , instead of sizing it up.”",1,human_quotes,"""Let yourself form bonds with those who embrace your presence fully, rather than merely assessing it."""
"“Unpaid efforts in the present accumulate inevitably, to yield hefty interests in the future.”",1,human_quotes,"""Current unpaid endeavors inevitably build up, destined to yield substantial returns later on."""
"“You may be the most beautiful woman on planet earth, but I will not change my principles for you.”",1,human_quotes,"""You might be the loveliest woman in the world, yet I will not abandon my principles for your sake."""
"“Every OPPORTUNITY as in a coin toss, brings victory or defeat in a 1:1 ratio.”",1,human_quotes,"""Each OPPORTUNITY, like a coin flip, carries an equal chance of success or failure."""
"“..your ambition is your beauty,”",1,human_quotes,"""..your ambition is what makes you beautiful,"""
“The choice is ours to act on what we know.”,1,human_quotes,“The decision rests with us to act upon our knowledge.”
"“Brain endeavours to import knowledge and export ideas when fed with motivation and supplemented further, with a meaningful purpose.”",1,human_quotes,"""The mind strives to absorb knowledge and express ideas when fueled by motivation and further enriched by a meaningful purpose."""
"“Bearing crisis upon crisis, we shall rise as creator.”",1,human_quotes,"""Amidst crisis after crisis, we shall emerge as creators."""
“You don't understand how powerful love is until it changes everything you stand for and who you are.”,1,human_quotes,"""You can't grasp love's true strength until it reshapes all you believe in and transforms your very self."""
"“Find your friends, because life is too short to spend with enemies.”",1,human_quotes,"""Seek out your companions, for life is too brief to share with foes."""
“There is only one timeline. There is only one you.”,1,human_quotes,“There exists but a single timeline. There exists but a single you.”
“The fastest way to get to easy is through hard.”,1,human_quotes,"""The quickest path to ease is by way of difficulty."""
"“Sun is bright sky is clear, ocean calling you to swimm enjoy don't forget winter will come where you'll respect water and being friends of blankets, life is like that enjoy the moment remember the feature.”",1,human_quotes,"""The sun shines, the sky is clear, and the ocean invites you to swim. Enjoy it, but don't forget that winter will come, when you'll appreciate water and become friends with blankets. Life is like that: savor the moment, remember the future."""
“In the name of the Pizza Lord. Charge!”,1,human_quotes,“In the name of the Pizza Lord. Attack!”
“Motivation is not the event; it is the outcome.”,1,human_quotes,"""Motivation is not the event itself, but the result that follows."""
“It's not about the obstacles but your discipline to stay focused on your goal till you win.”,1,human_quotes,"""It's not the hurdles that matter, but your commitment to remain fixed on your aim until you succeed."""
“The war to preserve the privilege of mythmaking”,1,human_quotes,"""The conflict to uphold the prerogative of crafting myths"""
“She is involved in work her soul must have.”,1,human_quotes,“Her soul finds its purpose in the work she does.”
"“Oh, I see you think to be half necked on your gorgeous or killer outfit is rocking or cool that's not law of fashion and it out of style.”",1,human_quotes,"""Oh, you believe showing some skin in your stunning or bold outfit is trendy or impressive, but that's not a fashion rule and it's actually out of style."""
"“A man may not know misery, if he delights himself in music.”",1,human_quotes,"""One may escape sorrow by finding joy in music."""
“Being a Qoets author is not about know how to hold or have a pen it about having a word neither being healthy fit is not about having a gym equipment and knowing what to do is about doing it.”,1,human_quotes,"""Being a poet isn't about knowing how to hold a pen; it's about having the words. Similarly, being fit isn't about owning gym equipment or knowing what to do—it's about actually doing it."""
"“Never run from the enemy, tackle them”",1,human_quotes,"""Never flee from an adversary; confront them directly."""
"“When life deals you Lemons, go to Miami and trade it for an Orange. They are sweeter.”",1,human_quotes,"""When life hands you lemons, head to Miami and swap them for oranges. They're sweeter."""
“It is not the privilege that harms us. It is our lack of awareness of our own privilege that harms us.”,1,human_quotes,“It is not privilege itself that harms us. The harm comes from our failure to recognize our own privilege.”
“The truly terrible thing is that everybody has their reasons.”,1,human_quotes,"""The truly awful part is that everyone has their own justifications."""
“The Lord keeps the lamp burning continually.”,1,human_quotes,“The Lord ensures the lamp remains ever lit.”
"“If you're facing the worst, then your back is certainly towards the best. All that remains is for you to decide whether or not to make that 180-degree turn that will surely bring a sharp contrast to your life.”",1,human_quotes,"“When you confront the worst, you inevitably turn away from the best. The only choice left is whether to pivot 180 degrees, a move that will starkly redefine your life.”"
“Loss is a result.Fear is an input.You don't control your results.You always control your inputs.”,1,human_quotes,"""Loss is an outcome. Fear is a choice. You cannot command outcomes. You can always command your choices."""
“Are your actions making a difference to this world? If not then align your actions to improve people's lives.”,1,human_quotes,"“Do your actions contribute meaningfully to the world? If not, adjust them to better serve and uplift others.”"
"“Some prayers takes years for God to answer, thereof, keep praying!”",1,human_quotes,"""Some prayers require years for God to respond, so continue to pray!"""
"“They think they can keep me out, but it does not matter how many locks they hang at the entrance. There is always another door. — The Thief Who Stole the Stars, by Tristan Chirsley”",1,human_quotes,"“They believe they can shut me out, yet no matter how many locks they fasten at the gate, there will always be another way in. — The Thief Who Stole the Stars, by Tristan Chirsley”"
“There is a difference between knowing the path andwalking the path.”,1,human_quotes,"""Understanding the path is one thing; actually walking it is another."""
"“When all is said and done, more is said than done.”",1,human_quotes,"“Ultimately, more words are spoken than actions are taken.”"
“You can't build a reputation on what you are going to do.”,1,human_quotes,"""You cannot establish a reputation based on what you intend to do."""
“Tak ada mimpi yang sempurna di dunia yang tak sempurna ini”,1,human_quotes,"""Tidak ada impian yang sempurna di dunia yang tak sempurna ini"""
“The great deliver is the Divine Being.”,1,human_quotes,"""The supreme liberator is the Divine Being."""
"“Talent is a wonderful thing, but it won't carry a quitter. ”",1,human_quotes,"""Talent is a marvelous gift, yet it cannot sustain someone who gives up."""
"“To find out if you're right about something, you have to test it.”",1,human_quotes,"“To determine whether your belief is correct, you must put it to the test.”"
“You can change your Future by changing your mindset”,1,human_quotes,"""Your future can be transformed by shifting your mindset."""
“Rise and rise again until lambs become lions”,1,human_quotes,"""Rise and rise again until lambs become lions"""
"“Where there is grief, there once was love, where the barren fields stand, there once was a river that ran, where the drought remains, there once was, a tender stream that flowed.....”",1,human_quotes,"“Where sorrow dwells, love once resided; where desolate fields lie, a river once coursed; where drought persists, a gentle stream once flowed.....”"
"“Time, through it's unavoidable accumulation clogs our painful memories provided there are no regrets to oppose this process.”",1,human_quotes,"“Time, through its inevitable accumulation, obscures our painful memories so long as no regrets stand in the way of this process.”"
"“If you need help, God can help you, call on him.”",1,human_quotes,"“When you require assistance, turn to God for aid; call upon Him.”"
“All peace ends from talking about others. All peace starts from stop talking about others. So choose peace.”,1,human_quotes,"""Peace is lost when we speak of others, and peace is found when we cease to speak of others. Therefore, choose peace."""
“Each day is meant to edify you and equip you with the necessary tools for you to reach your destiny.”,1,human_quotes,"""Every day is designed to instruct you and provide the essential tools needed to achieve your destiny."""
"“But if I am going to paint my own future, then I can't have have people-pleasing on my paint palette. It only muddles the rest of the colors.”",1,human_quotes,"“Yet if I am to paint my own future, I cannot include people-pleasing on my palette. It only dulls the other colors.”"
"“Focus on making yourself better, not on thinking that you are better.”",1,human_quotes,"""Concentrate on improving yourself, rather than believing you are superior."""
“Patience is the only way you can endure the gray periods.”,1,human_quotes,"""Patience is the sole means to withstand the dull stretches of time."""
"“But their voices and their words move mountains, create waterfalls, mend hearts, and make this world closer to what it should be.”",1,human_quotes,"“Yet their voices and words can shift mountains, carve waterfalls, heal hearts, and draw this world nearer to what it ought to be.”"
“Life always begins with one step outside of your comfort zone.”,1,human_quotes,"""Life invariably starts by taking a single step beyond your comfort zone."""
“Your true friends are those who are TRULY happy for you when you succeed. Be that true friend for others.”,1,human_quotes,"""Genuine friends are those who sincerely celebrate your successes. Strive to be that kind of friend for others."""
“Don't live on the comments of people but on the truths of God.”,1,human_quotes,"""Live not by the opinions of others, but by the truths of God."""
"“Be the cactus, a proof of unsubmission, and blossom amidst the fiercest environment.”",1,human_quotes,"“Be the cactus, a testament of defiance, and bloom within the harshest surroundings.”"
"“Still staying fervently prayerful, for I know God is forever faithful to fulfill his promises.”",1,human_quotes,"""Remaining fervently prayerful, for I know God is ever faithful to keep His promises."""
“Allow yourself to be open-minded. Take a step away from the couch and move.”,1,human_quotes,“Embrace an open-minded approach. Step away from the sofa and get moving.”
"“If you’ve had to make an effort to fit-in , then it concludes that you’ve been trying on the wrong size”",1,human_quotes,"""If you've had to force yourself to fit in, it means you've been trying on the wrong size."""
“Control Your Own Destiny or Someone Else Will”,1,human_quotes,"""Take Charge of Your Fate, or Others Will Decide It for You"""
“The foolish man seeks happiness in the distance. The wise grows it under his feet.”,1,human_quotes,"""The unwise man searches for happiness far away. The wise cultivates it beneath his feet."""
"“Fill your life with experiences, not things. Have stories to tell, not stuff to show. Write to express not to impress.”",1,human_quotes,"""Fill your days with experiences, not possessions. Have tales to share, not items to display. Write to convey, not to amaze."""
"“If I am constantly “doing” but never “becoming,” my capacity to “do” will shortly become the primary limiting factor of my life.”",1,human_quotes,"""If I am always 'doing' without ever 'becoming,' my ability to 'do' will soon become the main constraint in my life."""
“Create your own miracles; do what you think you cannot do.”,1,human_quotes,"""Make your own wonders; accomplish what you believe is beyond your reach."""
"“Oh I see you shine like a summer rose but it not make everyone turn with you,why?it not balance nced.”",1,human_quotes,"“Oh, I see you shine like a summer rose, but it doesn’t make everyone turn with you—why? It’s not balanced.”"
"“When you focus on solving the big problems of this world, you will eventually find big solutions for those problems.”",1,human_quotes,"""By concentrating on tackling the world's major challenges, you will ultimately discover significant solutions to them."""
"“Learn to learn. The way I see it, it's much more important to be a good learner, than to know it all.”",1,human_quotes,"""Learn how to learn. In my view, being an effective learner matters far more than knowing everything."""
“It’s hard to believe there are people that don’t read books. There’s so much magic in words and well told stories.”,1,human_quotes,"""It's difficult to imagine individuals who never read books. There is such enchantment in language and skillfully crafted narratives."""
“Circumstances vary; self-kindness does not. It is a constant.”,1,human_quotes,"""Conditions change, but self-compassion remains steady. It is unwavering."""
“I found an inner strength to fight for myself. It was clear that nobody else would.”,1,human_quotes,“I discovered an inner resilience to stand up for myself. It was evident no one else would.”
“I need to stop getting into situations where all my options are potentially bad.”,1,human_quotes,"""I must avoid finding myself in circumstances where every choice could turn out poorly."""
“Keep creating: the world yearns to celebrate your next masterpiece.”,1,human_quotes,"""Continue creating: the world eagerly awaits to honor your next great work."""
"“Every day People straighten up the hair, why not the heart?”",1,human_quotes,"""People straighten their hair daily, so why not also tend to the heart?"""
“It's okay if people reject you too many times not everyone deserves great opportunities and not everyone deserves to work with great people.”,1,human_quotes,"""It's fine if others turn you down repeatedly; not all are worthy of excellent chances or of collaborating with exceptional individuals."""
“Any new life skill is worthy learning as you do not have an idea when it will make a big difference.”,1,human_quotes,"""Every new life skill is worth learning, since you never know when it might prove invaluable."""
“You don't go walking into the proverbial lion's den lightly. You start with a good breakfast.”,1,human_quotes,"""You don't just stroll into the lion's den without thought. It begins with a solid breakfast."""
“Make the most of what you have and keep your standards high. Never settle for anything less than you deserve or are capable of achieving.”,1,human_quotes,"""Utilize your resources fully and uphold high standards. Never accept anything beneath what you merit or can accomplish."""
“Follow your bliss and doors will open where there were no doors before.”,1,human_quotes,"""Pursue your passion, and pathways will emerge where none existed before."""
"“The truth is the truth and the real is the real, and you have the right to say exactly how you feel.”",1,human_quotes,"""The truth remains the truth, and reality is reality; you have every right to express your true feelings."""
"“Everyone is a magician, it depends on how much you believe in your magic.”",1,human_quotes,"""Each person possesses their own magic; it's a matter of how deeply you trust in your own enchantment."""
"“check the time and dateit's never too late, pray and have faithlet your spirit elevatedon't wait for someone to open the gatetake control of your life, navigatethe world is yours, break the cursecreate your own universe”",1,human_quotes,"""Check the time and date—it's never too late. Pray and keep faith, let your spirit elevate. Don't wait for someone to open the gate; take control, navigate. The world is yours, break the curse, and create your own universe."""
“Your real investment for the future is not in banks but in your skills. How much are you investing in your new skills.?”,1,human_quotes,"""Your true investment for tomorrow lies not in banks, but in your abilities. How much are you dedicating to developing new skills?"""
“Hope in the shadow of fear is the world's most powerful motivator.”,1,human_quotes,“Hope that emerges from fear’s shadow stands as humanity’s strongest driving force.”
"“Sometimes you start early and finish later, it does not mean that you have taken more time, it means that you experienced much more than others.”",1,human_quotes,"""Starting early and finishing later doesn't necessarily mean you took longer; it often signifies you've gained richer experiences than others."""
"“If reading makes you happy, do it. Whatever makes your heart sing and brings you joy, do that too.”",1,human_quotes,"“If reading brings you happiness, then read. Whatever makes your spirit soar and fills you with delight, pursue that as well.”"
“I know that your beautiful eyes with or not make up are designed to see beyond you think.”,1,human_quotes,"“I understand that your lovely eyes, whether adorned or natural, are meant to perceive more than you realize.”"
"“The quality of a man's life is in direct proportion to his commitment to excellence, regardless of his chosen field of endeavor.”",1,human_quotes,"""A person's life quality directly correlates with their dedication to excellence, no matter what field they pursue."""
"“You're never as good as everyone tells you when you win, and you're never as bad as they say when you lose.”",1,human_quotes,"""You're never as great as everyone claims in victory, nor as terrible as they declare in defeat."""
"“How do you cultivate optimism? By learning the secret of contentment. If you can learn that, then no matter what happens to you, you can weather the storm and build on the good you find in any situation.”",1,human_quotes,"""How can one foster optimism? By mastering the art of contentment. Once you grasp this, regardless of circumstances, you can endure challenges and enhance the positive aspects found in every situation."""
"“If you ever feel helpless... go and help someone. Yes, you! Just go...”",1,human_quotes,"“When you find yourself feeling powerless... reach out and assist another. Yes, you! Simply go...”"
“I can’t think of anything more disheartening than living a life without a clear purpose.”,1,human_quotes,"""Nothing feels more discouraging than living without a clear sense of purpose."""
“Remember to celebrate the small accomplishments along your journey because they will provide the support needed when the road gets rocky. ”,1,human_quotes,"""Celebrate the small victories on your journey, as they will offer the encouragement needed when the path becomes difficult."""
"“Love is more about what you are willing to give and receive.If your MARRIAGE is based on love alone, you may become HELPLESS. Marriage should be based on a partnership that empowers both, and LOVE becomes a GIVEN.”",1,human_quotes,"""Love is primarily defined by what you are prepared to offer and accept. If your MARRIAGE relies solely on love, you might find yourself HELPLESS. A marriage should be built on a partnership that strengthens both individuals, with LOVE being a FUNDAMENTAL element."""
“Success doesn’t just happen; it doesn’t pot out on its own.Success is all about the choices you make.It’s a balancing act betweenwhat to choose and what not to.”,1,human_quotes,"""Success doesn't simply occur; it doesn't emerge on its own. Success hinges on the decisions you take. It's a delicate balance between what to select and what to avoid."""
“Go after your dreams no matter how far they might seem today. Just start taking steps towards them and your dreams will be yours.”,1,human_quotes,"""Pursue your dreams regardless of how distant they appear now. Simply begin moving toward them, and they will become yours."""
"“What drives your buying decisions - necessities, comforts, pleasures, status, or ego?”",1,human_quotes,"""What motivates your purchases - needs, conveniences, joys, social standing, or self-image?"""
“Spark exists for a moment and then turns into ash. How is human life different?”,1,human_quotes,“A spark flashes briefly before fading to ash. In what way does human existence differ?”
“Don’t let mental blocks control you. Set yourself free. Confront your fear and turn the mental blocks into building blocks.”,1,human_quotes,"""Do not allow mental barriers to confine you. Liberate yourself. Face your fears and transform those obstacles into stepping stones."""
"“If I considered other people's mediocre standards a sufficient metric by which to measure my own accomplishments, I'd have never amounted to anything.”",1,human_quotes,"""If I had accepted the ordinary benchmarks set by others as the sole measure of my own achievements, I would have achieved nothing at all."""
"“If you have not done something to improve a human's life in some way, you have not truly lived.”",1,human_quotes,"""Unless you have contributed in some way to bettering another person's life, you have not fully experienced what it means to live."""
"“Riveting discoveries unfurl when one thinks the unimaginable, instead of imagining the unthinkable...for thought precedes imagination and sculptures acceptance for new ideas.”",1,human_quotes,"""Captivating revelations emerge when we conceive the inconceivable, rather than envisioning the unthinkable...since thought comes before imagination and carves out acceptance for novel concepts."""
"“All men want, not something to do with, but something to do, or rather something to be.”",1,human_quotes,"""All men desire not merely something to occupy them, but something to accomplish, or more precisely, something to become."""
"“How we treat others is a reflection of how we treat ourselves.It is rare almost impossible, for a mean, conniving, hurtful, racist, bigoted person to truly love themselves.”",1,human_quotes,"“How we treat others mirrors how we treat ourselves. It is nearly impossible for a mean, conniving, hurtful, racist, or bigoted person to genuinely love themselves.”"
“Ability is what you're capable of doing. Motivation determines what you do. Attitude determines how well you do it.”,1,human_quotes,"""Ability defines what you can achieve. Motivation drives your actions. Attitude shapes the quality of your performance."""
"“Truth is a thought provoking mechanism designed to bring about a virtuous change , but tailored minimally to suit one’s liking.”",1,human_quotes,"""Truth serves as a thought-provoking mechanism intended to foster virtuous change, yet it is subtly tailored to align with personal preferences."""
“A disease is not defined by the complete and permanent lack of EASE. It is just a phase of DIS-rupted ease that departs with the return of hope and positivity.”,1,human_quotes,“A disease is not characterized by the total and lasting absence of ease. It is merely a period of disrupted ease that fades as hope and positivity are restored.”
"“No matter how hard you work on something, only when you find a smart way to do it, do people recognize you.”",1,human_quotes,"“No matter how much effort you put into a task, it’s only when you approach it cleverly that others truly acknowledge your work.”"
“Focus on one thing and be blind for everything else so that the whole world can see you shining.”,1,human_quotes,"""Concentrate on a single pursuit and disregard all else, allowing the entire world to witness your brilliance."""
“Most people who decide to grow personally find their first mentors in the pages of books.”,1,human_quotes,"“For many embarking on personal growth, their initial mentors are often discovered within the pages of books.”"
"“It takes effort to find love.It takes effort to feel fulfilled.It takes effort to be fit.It takes effort to be happy.Which is why most of us do not have love, fulfilment, happiness or fitness in our life.”",1,human_quotes,"""Finding love requires effort. Achieving fulfillment demands effort. Staying fit calls for effort. Pursuing happiness involves effort. That is why many of us lack love, fulfillment, happiness, or fitness in our lives."""
“Why do we want to be present in many worlds at the same time? Just choose to live in the moment; it’s the most straightforward recipe for happiness.”,1,human_quotes,"""Why do we seek to exist across multiple realms simultaneously? Simply choose to dwell in the present; it's the most direct path to contentment."""
“Welcome beautiful let me be your girl on being beautiful with you to make it perfect.”,1,human_quotes,"""Welcome, lovely one, let me be your partner in beauty, together we'll create perfection."""
"“When you're following your inner voice, doors tend to eventually open for you, even if they mostly slam at first.”",1,human_quotes,"“When you heed your inner voice, doors often open in time, even if they initially shut firmly.”"
“Freedom is not for the cowards and the weak. It must be defended wherever it resides. Defended by all that seek it's enduring existence.”,1,human_quotes,“Freedom is not meant for the timid or the frail. It must be protected wherever it exists. Guarded by all who desire its lasting endurance.”
"“In a war between customers and the company, customers might lose the fight due to the difference of powers, but the company is the ultimate loser.”",1,human_quotes,"""In a conflict between customers and a company, customers may lose the battle due to power imbalances, but the company ultimately loses the war."""
"“Writers have influenced thoughts, principals, viewpoints and experiences throughout history. A talented writer’s pen is anointed with magic!”",1,human_quotes,"“Throughout history, writers have shaped thoughts, principles, perspectives, and experiences. A gifted writer’s pen is touched by magic!”"
"“There's only one earth, and one glorious skyOne fleeting time, quickly passing us byTo put our differences aside, and make everything alrightFor our one human raceNo matter what tongue, creed, color or faith”",1,human_quotes,"""“We have but one Earth, a single splendid skyOne brief moment, swiftly moving byTo set aside our divides, and set all things rightFor our shared humanityRegardless of language, belief, hue, or creed”"""
"“I know that you feel like I pressing your corners never it just a good standard for fashion,no short cut in doing it, it you need to explain it.”",1,human_quotes,"""I understand you feel I'm pushing you too hard, but it's simply about upholding a high standard in fashion. There are no shortcuts; if needed, you should be able to explain it."""
"“Our visa for the planet earth has a validity of just 100 years. It can expire early, but an extension is unlikely.”",1,human_quotes,"“Our visa to inhabit Earth lasts only a century. It may end sooner, but renewal is improbable.”"
“Your inner strength is your outer foundation”,1,human_quotes,"""Your inner fortitude forms your outward foundation"""
"“By accepting that no two perceptions in the world could ever be identical, we can avoid so many arguments, debates, fights, lives, and relationships every day.”",1,human_quotes,"“Recognizing that no two perspectives in the world can ever be the same allows us to prevent countless arguments, debates, conflicts, and damaged lives and relationships each day.”"
"“Writers create impressions that inspire, stir emotions, evoke questions and sprinkle seeds of awe.”",1,human_quotes,"“Authors craft impressions that motivate, stir feelings, prompt inquiries, and scatter seeds of wonder.”"
"“Paint your own path even if that means walking it alone, sometimes that’s when you get the best surprises in life. - Martha Mandaric”",1,human_quotes,"“Chart your own course, even if you must walk it alone; sometimes that’s when life offers its finest surprises. - Martha Mandaric”"
“The world would change dramatically if people started supporting and appreciating entrepreneurs in the way they appreciate and admire art and artist.”,1,human_quotes,"""The world would transform profoundly if society began to value and celebrate entrepreneurs with the same admiration and support given to art and artists."""
"“As a working rule, no matter what language you are learning, you can assume that the language will have some way of expressing the meaning that you want to communicate. The trick, of course, is to find out how.”",1,human_quotes,"“As a general principle, regardless of which language you are studying, you can presume that it will possess some means to convey the meaning you intend to express. The challenge, naturally, lies in discovering how.”"
"“Life is so precious, we all are having a very limited time. To access the knowledge of Truth & the Creation.The sooner you get it, the lesser you'll struggle in between the conflicts of Consciousness and Heart ”",1,human_quotes,"“Life is incredibly precious, and our time is truly limited. To grasp the wisdom of Truth and Creation, the sooner you attain it, the less you will struggle amidst the conflicts between Consciousness and Heart.”"
"“Your attitude determines your happiness, not your circumstances."" - by Sri Guru Vyas”",1,human_quotes,"“Your happiness is shaped by your attitude, not by your situation.” — Sri Guru Vyas"
"“Listen up: just because you have the capacity to do something for someone, it doesn't mean you have the obligation to especially when they won't even appreciate you for doing it”",1,human_quotes,"""Remember this: having the ability to help someone doesn't mean you're required to, particularly when they show no gratitude for your efforts."""
"“No matter how crazy it may feel, I found that following my intuitive hunch is always my bestbet. When we are grounded, it will never steer us in the wrong direction. Acting as our guiding light and divine compass. So don't question it. Trust it.”",1,human_quotes,"“No matter how wild it seems, I’ve learned that trusting my gut instinct is always my wisest move. When we are centered, it never leads us astray. Serving as our inner beacon and sacred guide. So don’t doubt it. Have faith in it.”"
“Great goals make great people. People cannot hit what they do not aim for.”,1,human_quotes,"""“Great aspirations forge great individuals. One cannot achieve what one does not strive toward.”"""
“Curiosity is the engine of achievement.”,1,human_quotes,"""Curiosity drives accomplishment."""
"“Every challenge you face today makes you stronger tomorrow. The challenge of life is intended to make you better, not bitter.”",1,human_quotes,"""Each difficulty you encounter now builds your resilience for the future. Life's trials are meant to refine you, not embitter you."""
"“I am so grateful for my troubles. As I reflect back on my life, I have come to realize that my greatest triumphs have been born of my greatest troubles.”",1,human_quotes,"""I am deeply thankful for my hardships. Looking back, I now understand that my most significant victories have emerged from my most profound struggles."""
“Nothing is born into this world without labor.”,1,human_quotes,"""Nothing comes into being without effort."""
"“Devotion is very necessary to achieve something big, without complete dedication towards one thing no one has ever achieved anything big in their life.”",1,human_quotes,"""Complete devotion is essential for achieving great things; without total dedication to a single pursuit, no one has ever accomplished anything significant in life."""
“Rejection is a challenge.”,1,human_quotes,"""Rejection presents a challenge."""
"“It is only in our darkest hours that we may discover the true strength of the brilliant light within ourselves that can never, ever, be dimmed.”",1,human_quotes,“Only in our darkest moments do we uncover the brilliant inner light whose true strength can never be dimmed.”
“Life's short. Live passionately.”,1,human_quotes,"""Life is brief. Embrace it with passion."""
"“Do not sit still; start moving now. In the beginning, you may not go in the direction you want, but as long as you are moving, you are creating alternatives and possibilities.”",1,human_quotes,"""Don't remain idle; begin to act immediately. Initially, you might not head toward your desired goal, but any movement generates new options and opportunities."""
"“Da giovane è facile credere che ciò che desideri sia ciò che ti meriti, è facile convincersi che se davvero vuoi qualcosa, è tuo sacrosanto diritto ottenerla.”",1,human_quotes,"""Da giovani è facile pensare che ciò che si desidera sia anche ciò che si merita, e convincersi che se si vuole davvero qualcosa, sia un diritto sacrosanto ottenerla."""
"“If you're reading this, I hope God opens incredible doors for your life this year. Greatness is upon you. You must believe it though.”",1,human_quotes,"""If you're reading this, I pray God opens amazing doors for you this year. Greatness is coming your way. You have to believe it."""
"“The thing about making butter is that it feels like it'll never be done, almost right up to the moment when it is done. If what you want is butter, you have to keep going, even if you only half believe you'll get there.”",1,human_quotes,"“The process of making butter feels endless, nearly until the very moment it’s finished. To achieve butter, you must persist, even if you only partly believe you’ll succeed.”"
"“When God takes out the trash, don't go digging back through it. Trust Him.”",1,human_quotes,"""When God clears away the rubbish, don't go sifting through it again. Have faith in Him."""
"“GARDEN OF WISDOMA heart that has ached mercilesslyCan spin a lifetime of agonyInto a solacing garden of wisdom,Offering you comfortAnd peace.It’s the same heart that knows theEcstasy of just being aliveAnd cherishes every moment.”",1,human_quotes,"“GARDEN OF WISDOM  
A heart that has endured relentless pain  
Can weave a lifetime of suffering  
Into a soothing garden of insight,  
Granting you solace  
And tranquility.  
It is this same heart that understands the  
Bliss of simply being alive  
And treasures each passing moment.”"
"“Love is forgiving, accepting, moving on, embracing, and all encompassing. And if you’re not doing that for yourself, you cannot do that with anyone else.”",1,human_quotes,"""Love means forgiving, accepting, letting go, embracing, and being all-encompassing. If you cannot do this for yourself, you cannot do it with another person."""
“Sustain joy by anchoring yourself with gratitude.”,1,human_quotes,"""Maintain happiness by grounding yourself in gratitude."""
"“The voice says, maybe you don't go to hell for the things you do. Maybe you go to hell for the things you don't do. The things you don't finish.”",1,human_quotes,"“The voice suggests that perhaps hell isn’t for the deeds you commit, but for those you neglect. For the tasks you leave undone.”"
“I have failed more than a hundred times in different things in my life but the only reason I am successful is that I do not stop myself from trying one more time.”,1,human_quotes,"""I have experienced over a hundred failures in various endeavors throughout my life, yet the sole reason for my success is that I never cease to attempt once more."""
“Blessings! Count them and be thankful. Ask for an abundance of them and accept with gratitude.”,1,human_quotes,"""Count your blessings and give thanks. Seek them in abundance and receive them with gratitude."""
"“Focus on your strengths, not your weaknesses.Focus on your character, not your reputation.Focus on your blessings, not your misfortunes.”",1,human_quotes,"""Concentrate on your strengths rather than your flaws. Emphasize your character over your reputation. Direct your attention to your blessings instead of your misfortunes."""
"“Having both normal eyes doesn't necessarily mean ability to see. There are so many individuals with both normal eyes, such powerful potential to see... But they can't see anything.”",1,human_quotes,"""Possessing two healthy eyes does not guarantee the capacity to see. Many people have normal vision, such a strong potential for sight... yet they perceive nothing."""
“It's not that some people have willpower and some don't... It's that some people are ready to change and others are not.”,1,human_quotes,"“It’s not that certain individuals possess willpower while others lack it… Rather, some are prepared to make a change, and others are not.”"
"“I'd you say bright make ups color boost you tell me in what? unrespect or being pushy to others ,it not designed for that gal.”",1,human_quotes,"""Would you say bright makeup colors enhance your look? Tell me how—is it about confidence or making a statement? It's not meant for everyone, that girl."""
“Habits stay with you even when you don’t have the motivation.”,1,human_quotes,"""Habits persist even in the absence of motivation."""
"“When you stop living your life based on what others think of you real life begins. At that moment, you will finally see the door of self acceptance opened.”",1,human_quotes,"""When you cease shaping your life around others' opinions, true existence commences. In that instant, you will at last witness the door to self-acceptance swing wide."""
"“The blunderer who expects to receive a searing lash of someone's rage , but instead receives a breeze of their tranquilly is swamped immediately with unfathomable shame and misery.”",1,human_quotes,"“The fool who anticipates a fiery stroke of another’s wrath, yet is met with a breath of their calm, is at once engulfed in bottomless shame and sorrow.”"
“A challenge only becomes an obstacle when you bow to it.”,1,human_quotes,"""A challenge only turns into a barrier when you yield to it."""
"“Dear me, one day I'll make you proud.”",1,human_quotes,"“My goodness, someday I’ll earn your pride.”"
"“If life didn’t give you at least one person not wanting you to succeed then half of us would lose are motivation to climb that cliff, in order to prove them wrong.”",1,human_quotes,"""If life didn't provide at least one person who doesn't wish for your success, then half of us would lose our motivation to scale that cliff, just to prove them wrong."""
"“What makes the engine go?Desire, desire, desire.”",1,human_quotes,"“What drives the engine forward? Desire, desire, desire.”"
"“Motivation is the fuel, necessary to keep the human engine running.”",1,human_quotes,"""Motivation serves as the essential fuel that keeps the human engine running."""
"“If you practice hard, you can win every battle.”",1,human_quotes,"""Through diligent practice, victory in every conflict becomes attainable."""
"“Don't be afraid to be afraid. Have fear, and then conquer the shit out of it.”",1,human_quotes,"""Don't shy away from fear. Embrace it, then overcome it completely."""
“When we pray we admit defeat.”,1,human_quotes,“Prayer is an acknowledgment of our limitations.”
"“Money is like gasoline during a road trip. You don’t want to run out of gas on your trip, but you’re not doing a tour of gas stations.”",1,human_quotes,"""Money is akin to fuel on a long drive. You need enough to avoid stalling, but the journey isn't about visiting every fuel stop."""
“I put on the boots and kicked some monster ass.”,1,human_quotes,“I laced up the boots and kicked some monster butt.”
"“There are two bases for our decisions: logic or comfort. When we start making decisions around our comforts, our reasoning abilities become weaker, and our comfort zone becomes smaller.”",1,human_quotes,"“Our choices rest on two foundations: reason or ease. When we begin deciding based on comfort, our capacity for logic diminishes, and our comfort zone shrinks.”"
"“Desire is the key to motivation, but it’s determination and commitment to an unrelenting pursuit of your goal - a commitment to excellence - that will enable you to attain the success you seek.”",1,human_quotes,"""Motivation springs from desire, yet it is through steadfast determination and an unwavering commitment to your goal—a dedication to excellence—that you can achieve the success you desire."""
“Motivation is when your dreams put on work clothes”,1,human_quotes,"""Motivation is what happens when your dreams get dressed for work."""
“Life becomes a moment to moment ecstasy when you stay connected to your spirit as you learn to live by what binds you to your soul even a speck of dust will turn to a glittered star folding your despair while unfolding your dreams.....”,1,human_quotes,"“Life transforms into an instant-to-instant rapture when you remain linked to your essence, learning to exist by what ties you to your soul—even a speck of dust can become a gleaming star, enfolding your sorrows as it unfurls your dreams.....”"
"“You are a divine being. You matter, you count. You come from realms of unimaginable power and light, and you will return to those realms.”",1,human_quotes,"""You are a celestial entity. You hold significance, you have worth. You originate from domains of boundless power and radiance, and you shall go back to those domains."""
“Go as far as you can see and you will see further.”,1,human_quotes,"""Go as far as your vision allows, and you will discover even more."""
"“To turn your dreams into reality, all your resources, efforts and concentration should be aligned in the same direction.”",1,human_quotes,"""To transform your dreams into reality, all your resources, efforts, and focus must be directed toward the same goal."""
"“You have come a long way and have won many battles. Whenever you’re faced with a difficult or challenging situation, you’ll overcome it. Yes, you can.”",1,human_quotes,"""You have traveled far and triumphed in many struggles. In every tough or demanding circumstance you encounter, you will prevail. Indeed, you are capable."""
“A life fueled by passions is like riding on the back of a dragon.”,1,human_quotes,"""A life driven by passion is akin to soaring on the wings of a dragon."""
"“Pain doesn't last. And when it's gone, we have something to show for it. Growth.”",1,human_quotes,"""Pain is temporary. Once it fades, we're left with evidence of our journey: growth."""
"“You touch some of the reasons for my going, not for my staying away.”",1,human_quotes,"""You mention some motives for my departure, but not for my continued absence."""
“When the murky cloudsBegan drizzling gloomWhen there was nothing But darkness aroundWhen everythingLooked hazy and mistySuddenly there twinkledA starFar away.”,1,human_quotes,"“As the heavy clouds
Started to weep with gloom,
When all was shrouded
In utter darkness,
And every sight
Appeared blurred and foggy,
Then a star shimmered
In the distance.”"
"“Life is complicated. If life was simple, wouldn’t that make us simpletons?”",1,human_quotes,"""Life is complex. If it were straightforward, wouldn't that render us simplistic?"""
"“When you live your life by poor standards, you inflict damage on everyone who crosses your path, especially those you love.”",1,human_quotes,"“Living by low standards harms everyone you encounter, particularly those you hold dear.”"
"“Instead of complaining about the problem and blaming others, start finding the solution.”",1,human_quotes,"""Rather than grumbling about the issue and pointing fingers, begin seeking the answer."""
"“Stop searching the world for treasure, the real treasure is in yourself.”",1,human_quotes,"""Cease seeking treasure across the globe; the true treasure lies within you."""
“A professional is one who does his best work when he feels the least like working.”,1,human_quotes,“A true professional excels in their craft even when motivation is at its lowest.”
"“You have two choices, to conquer your fear or to let your fear conquer you.”",1,human_quotes,"""You face two options: either you master your fear, or your fear masters you."""
“Spend more time doing things that make you forget about the time.”,1,human_quotes,“Devote more hours to activities that cause you to lose track of time.”
"“Live with Fulfillment, Serve with Passion so in this Lifetime you will have the ablility to Die with NO Regrets.”",1,human_quotes,"""Live with Purpose, Serve with Heart, so that in this Life you may have the capacity to Depart without Regrets."""
"“We love being mentally strong, but we hate situations that allow us to put our mental strength to good use.”",1,human_quotes,"""We admire mental fortitude, yet we despise circumstances that require us to exercise it effectively."""
"“Be more than motivated, be more than driven, become literally obsessed to the point where people think you're fucking nuts.”",1,human_quotes,"""Go beyond mere motivation, surpass being driven, become so utterly obsessed that others believe you're completely insane."""
"“Motivation will keep you going forwards, Hesitation will only drag you backwards.”",1,human_quotes,"""Motivation propels you forward, while hesitation only holds you back."""
"“I often lose motivation, but it's something I accept as normal.”",1,human_quotes,"""I frequently lack drive, yet I consider this to be quite ordinary."""
"“If you don't write when you don't have time for it, you won't write when you do have time for it.”",1,human_quotes,"""If you don't write when you're too busy, you won't write when you have the time."""
"“Where there is life, there is hope.”",1,human_quotes,"""While there is life, hope remains."""
"“Everybody wants to be a bodybuilder, but nobody wants to lift no heavy-ass weights.”",1,human_quotes,"""Everyone aspires to be a bodybuilder, yet no one is willing to lift those heavy weights."""
“Perfection is not a destination; it's a never-ending process...Enjoy!”,1,human_quotes,"""Perfection isn't a final goal; it's an ongoing journey...Savor it!"""
“Keep your promises and be consistent. Be the kind of person others can trust.”,1,human_quotes,"""Honor your commitments and remain steadfast. Be someone others can rely on with confidence."""
"“There is Saviour, Jesus Christ.”",1,human_quotes,"""There is a Savior, Jesus Christ."""
“It has been my philosophy of life that difficulties vanish when faced boldly.”,1,human_quotes,"""My life's guiding principle has always been that challenges disappear when confronted with courage."""
“But one of the worst results of being a slave and being forced to do things is that when there is no one to force you any more you find you have almost lost the power of forcing yourself.”,1,human_quotes,"""Yet among the most terrible consequences of enslavement and coercion is that, once no one compels you further, you discover you have nearly lost the capacity to compel yourself."""
“Deep courage come from knowing Christ.”,1,human_quotes,"""True courage arises from knowing Christ."""
“Live your truth. Express your love. Share your enthusiasm. Take action towards your dreams. Walk your talk. Dance and sing to your music. Embrace your blessings. Make today worth remembering.”,1,human_quotes,"""Live authentically. Express affection freely. Share your passion. Pursue your aspirations actively. Align actions with words. Move to your own rhythm. Cherish life's gifts. Make each day memorable."""
“We are storms that never die.”,1,human_quotes,“We are tempests that never fade.”
"“Our Age of Anxiety is, in great part, the result of trying to do today’s jobs with yesterday’s tools!”",1,human_quotes,“Much of our modern anxiety stems from attempting to tackle today’s tasks with yesterday’s methods!”
“Never pray to be a better slave when God is trying to get you out of your situation.”,1,human_quotes,"""Never ask to be a more obedient captive when God is working to free you from your circumstances."""
"“Believe in your infinite potential. Your only limitations are those you set upon yourself. Believe in yourself, your abilities and your own potential. Never let self-doubt hold you captive. You are worthy of all that you dream of and hope for.”",1,human_quotes,“Trust in your boundless potential. The only limits are those you impose on yourself. Have faith in your own abilities and possibilities. Never allow self-doubt to confine you. You deserve every dream and aspiration you hold.”
"“Time is always new, for dreams to come trueDestiny is yours, to do what you do Change is different, but only for awhileFree will it always, brings in a whole new styleCompetition makes, the fight all worth your while”",1,human_quotes,"""Time remains ever fresh, for dreams to be realizedDestiny belongs to you, to act as you chooseChange brings difference, though only temporarilyFree will consistently ushers in a novel styleCompetition renders the struggle entirely worthwhile"""
“Motivation gets you going and habit gets you there.”,1,human_quotes,"""Motivation starts the journey, but habit ensures you reach the destination."""
"“The healing process, in my opinion, is carried out via a sequence of processes abbreviated as AIR; A - Admitting that you're broken. I - Identifying your shattered and distorted areas R - Repairing it with a hopeful and constructive attitude.”",1,human_quotes,"""In my view, healing unfolds through a series of steps summarized as AIR: A—Acknowledging your brokenness. I—Identifying your fractured and distorted parts. R—Restoring them with a hopeful and constructive mindset."""
"“Act as if it was, and it will be.”",1,human_quotes,"""Behave as though it were true, and it shall become so."""
“The good men of every age are those who go to the roots of the old thoughts and bear fruit with them.”,1,human_quotes,"“In every era, the virtuous are those who delve into the roots of ancient ideas and bring them to fruition.”"
"“Imagination is not bound by possibilities. The creative mind will always break the shackles—making the impossible, possible.”",1,human_quotes,"""Imagination knows no limits. The inventive spirit forever shatters constraints—turning the impossible into reality."""
“One of the best ways to influence people is to make them feel important. Most people enjoy those rare moments when others make them feel important. It is one of the deepest human desires.”,1,human_quotes,"""A powerful method for swaying others is to help them feel valued. Many people cherish those uncommon occasions when someone else makes them feel significant. It ranks among the most profound human yearnings."""
“but I have no mind for business and considered staying awake to be enough of an accomplishment.”,1,human_quotes,“Yet I lack a head for commerce and felt that merely remaining conscious was achievement enough.”
"“Would you like to know your future?If your answer is yes, think again. Not knowing is the greatest life motivator.So enjoy, endure, survive each moment as it comes to you in its proper sequence -- a surprise.”",1,human_quotes,"""Would you like to glimpse your future? If so, reconsider. Uncertainty is life's greatest motivator. So savor, withstand, and live through each moment as it arrives in its due order—an unexpected gift."""
"“I said ""Somebody should do something about that."" Then I realized I am somebody.”",1,human_quotes,"""I remarked, 'Someone ought to address that issue.' Then it dawned on me that I am that someone."""
“There are people who are waiting to be motivated by you.”,1,human_quotes,“Some are looking to you for inspiration.”
"“Participate in your dreams today. There are unlimited opportunities available with this new day. Take action on those wonderful dreams you've had in your mind for so long. Remember, success is something you experience when you act accordingly.”",1,human_quotes,"""“Engage with your aspirations today. This new day brings boundless possibilities. Act upon those splendid dreams you've long cherished. Keep in mind, success is what you encounter when you take fitting action.”"""
“The greatest win is walking away and choosing not to engage in drama and toxic energy at all.”,1,human_quotes,"""The ultimate victory lies in stepping back and consciously avoiding involvement in drama and negative energy."""
"“Writer’s block results from too much head. Cut off your head. Pegasus, poetry, was born of Medusa when her head was cut off. You have to be reckless when writing. Be as crazy as your conscience allows.”",1,human_quotes,"""Writer's block stems from overthinking. Sever your thoughts. Pegasus, the spirit of poetry, emerged from Medusa once she was beheaded. You must write with abandon. Be as wild as your morals permit."""
“Every adversity brings new experiences and new lessons.”,1,human_quotes,"""Each challenge introduces fresh experiences and valuable lessons."""
"“When someone tells me ""no,"" it doesn't mean I can't do it, it simply means I can't do it with them.”",1,human_quotes,"“When I hear ‘no,’ it doesn’t signal that something is impossible—only that I cannot accomplish it alongside that person.”"
“While others were dreaming about it - I was getting it done.”,1,human_quotes,"""While others were dreaming, I was already making it happen."""
“You need to have faith in yourself. Be brave and take risks. You don't have to have it all figured out to move forward.”,1,human_quotes,"""Believe in yourself. Be courageous and embrace risks. You can move ahead without having everything perfectly planned."""
“People who work in an environment where doing their best is recognized have a better chance of feeling good about their work.”,1,human_quotes,"""Individuals in settings where their utmost efforts are acknowledged are more likely to derive satisfaction from their work."""
"“What is often requiredIs just a little courage To actually walk the road!Dead ends will always be there,But within you lights a lampWhich shall make you push and shoveAll the endings,Transforming them Into new beginnings!”",1,human_quotes,"“What’s often neededIs simply a bit of braveryTo truly take the path!Dead ends will always appear,Yet inside you ignites a lightThat will drive you to striveThrough every conclusion,Turning themAll into fresh starts!”"
“There's a part of you that can never change. That's the inner you. That's your BEAUTIFUL SOUL.”,1,human_quotes,"""There is a part of you that remains forever unchanged. That is your inner self. That is your BEAUTIFUL SOUL."""
"“75 percent of the constituent alphabets in the phrase ""Your personal life"" establish one's right to withhold, barricade, and restrict others' access to specific exclusive information, generally referred to as: A SECRET”",1,human_quotes,"""Seventy-five percent of the letters in the phrase 'Your personal life' assert an individual's right to conceal, block, and limit others from accessing certain private details, commonly known as: A SECRET."""
“Walk free from the long shadows cast by small people.”,1,human_quotes,"""Step out from the lingering shadows cast by petty minds."""
"“He had made himself believe that he was going to get well, which was really more than half the battle.”",1,human_quotes,"“He had convinced himself that he would recover, which truly accounted for more than half the struggle.”"
“Edit your life frequently and ruthlessly. It's your masterpiece after all.”,1,human_quotes,"""Ruthlessly and often edit your life. After all, it is your greatest work of art."""
“Music is the beat of a drum that keeps time with our emotions.”,1,human_quotes,“Music is the rhythm of a drum that paces our feelings.”
"“Imagine a place where everyone chooses to bring energy, passion, and a positive attitude every day.”",1,human_quotes,"""Picture a workplace where each person commits to bringing enthusiasm, vigor, and an optimistic outlook every single day."""
"“We all have negative thoughts now and then, but we can choose not to dwell there and not to let them control us.”",1,human_quotes,"“Everyone experiences negative thoughts occasionally, but we can decide not to linger on them or allow them to dominate us.”"
"“All he needed was one thing to keep himself together until tomorrow. Tomorrow itself was another battle, but today? Just one thing.”",1,human_quotes,"“He required just one thing to hold himself together until tomorrow. Tomorrow would bring its own fight, but for today? Only that single thing.”"
"“If you want to be happy, you need to set your mind on happiness.”",1,human_quotes,"""To find happiness, you must first fix your thoughts upon it."""
"“The most dangerous irony is, people are angry with others because of their own incompetence.”",1,human_quotes,"""The greatest peril lies in blaming others for one's own shortcomings."""
"“To progress in life, I don’t focus on how much I have done but on how much I have yet to do.”",1,human_quotes,"“To move forward in life, I concentrate not on what I have accomplished, but on what remains to be achieved.”"
"“Faithfulness in small things leads to faithfulness in great things, and never the other way around.”",1,human_quotes,"“Fidelity in minor matters paves the way for fidelity in major ones, and the reverse is never true.”"
“Motivation comes from working on things we care about. It also comes from working with people we care about.”,1,human_quotes,"""Motivation arises from engaging in work that matters to us. It also emerges from collaborating with people who matter to us."""
“Anything which is physically possible can always be made financially possible; money is a bugaboo of small minds.”,1,human_quotes,"""Anything that is physically achievable can always be made financially feasible; money is a phantom that haunts limited thinking."""
“If we judge ourselves only by our aspirations and everyone else only their conduct we shall soon reach a very false conclusion.”,1,human_quotes,"""If we measure ourselves by our intentions and others solely by their actions, we will quickly arrive at a mistaken judgment."""
"“motivating people, forcing them to your will, gives you a cynical attitude toward humanity. It degrades everything it touches.”",1,human_quotes,"""Compelling others to bend to your will fosters a cynical view of humanity. It tarnishes all it encounters."""
"“Many times in life, we are held back from achieving our goals because we do not commit ourselves wholeheartedly. With an escape route in mind, we hold ourselves back from giving our all.”",1,human_quotes,"""Often in life, we fail to reach our goals because we do not fully dedicate ourselves. Keeping an exit strategy in reserve prevents us from putting forth our complete effort."""
"“Cream always rises to the top...so do good leaders"".”",1,human_quotes,"""Just as cream rises to the top, so too do exceptional leaders."""
"“The heights charm us, but the steps do not; with the mountain in our view we love to walk the plains.”",1,human_quotes,"“The peaks allure us, yet the ascent does not; gazing upon the summit, we prefer to wander the lowlands.”"
"“No one wakes up in the morning and says, 'I want to gain 150 pounds and I will start right now!”",1,human_quotes,"“Nobody rises in the morning declaring, ‘I aim to put on 150 pounds, and I’ll begin immediately!’”"
“Inspiration fires you up; motivation keeps you burning.”,1,human_quotes,"""“Inspiration ignites your passion; motivation sustains the flame.”"""
"“Fear of the LORD is the beginning of knowledge. Only Fools despise wisdom and discipline."" Proverbs 1:7 NLT”",1,human_quotes,"“The fear of the LORD is the foundation of true knowledge, but fools despise wisdom and instruction.” Proverbs 1:7 NLT"
“If only we had the certainty in our strength that we do in our weaknesses and capacity for failure - oh how wonderful life would be”,1,human_quotes,"""If only we possessed the same confidence in our strengths as we do in our weaknesses and our potential for failure—how splendid life would then be."""
“It still holds true that man is most uniquely human when he turns obstacles into opportunities.”,1,human_quotes,“It remains true that humanity is most distinctly human when transforming challenges into possibilities.”
"“Enthusiasm is excitement with inspiration,motivation, and a pinch of creativity”",1,human_quotes,"""Passion is fervor fueled by inspiration, drive, and a dash of creativity."""
“Introspection is a form of self-management. You reflect. You decide. You change. You allow yourself to grow.”,1,human_quotes,"""Introspection serves as a method of self-regulation. You contemplate. You choose. You transform. You permit yourself to evolve."""
"“Do it badly; do it slowly; do it fearfully; do it any way you have to, but do it.”",1,human_quotes,"""“Do it poorly; do it hesitantly; do it with trepidation; do it however you must, but do it.”"""
"“No matter how smart we may think we are, no matter how committed we are to our truth, we can lose our way.”",1,human_quotes,"“No matter how intelligent we believe ourselves to be, no matter how devoted we are to our convictions, we can still lose our path.”"
"“While intent is the seed of manifestation, action is the water that nourishes the seed. Your actions must reflect your goals in order to achieve true success.”",1,human_quotes,"""Intent plants the seed of manifestation, but action is the water that nurtures it. To attain genuine success, your actions must align with your goals."""
"“Tough as thunder, sweet as honey, that's the motto for a braveheart human.”",1,human_quotes,"""Strong as a storm, gentle as nectar—that's the creed of a courageous soul."""
"“Tapi... karena nggak tahu apa-apa itulah, esok hari jadi sesuatu yang layak ditunggu, kan?”",1,human_quotes,"""Namun... justru karena tidak mengetahui apa pun, hari esok menjadi sesuatu yang patut dinantikan, bukan?"""
"“The more you can have control over your ego rather than let it run amuck, the more successful you’ll be in all areas of life.”",1,human_quotes,"""Mastering your ego rather than allowing it to dominate leads to greater success across all aspects of life."""
“Your talent determines what you can do. Your motivation determines how much you are willing to do. Your attitude determines how well you do it.”,1,human_quotes,"""Your ability defines what you can accomplish. Your drive dictates how much you are prepared to undertake. Your mindset determines the quality with which you do it."""
"“Recognize that throughout this beautiful day,you have an incredible amount of opportunities to move your life into the direction you want it to go.”",1,human_quotes,"""Throughout this wonderful day, remember you have countless chances to steer your life toward your desired direction."""
“It is great to do what you love but greater with the great team.”,1,human_quotes,"""Doing what you love is wonderful, but it's even better when shared with an exceptional team."""
“Pain los[es] its power when other things bec[o]me more important.”,1,human_quotes,"""Pain loses its force when other matters take greater precedence."""
"“This IWD, while toasting and celebrating fabulous womanhood let's not forget to salute mother of all, a great woman, NATURE for her evergreen care, gifts and unconditional love. Happy International Women's Day, beautiful beings!”",1,human_quotes,"""This International Women's Day, as we raise a glass and honor incredible women, let's also pay tribute to the ultimate mother—the magnificent force of NATURE—for her enduring nurture, boundless offerings, and unwavering devotion. Happy International Women's Day, wonderful souls!"""
"“Dream your dream; and realize that you are more than just the dreamer, you are the point of origin for its reality.”",1,human_quotes,"""Dream your dream; and understand that you are not merely the dreamer, but the source from which its reality springs."""
"“The hardest part of any important task is getting started on it in the first place. Once you actually begin work on a valuable task, you seem to be naturally motivated to continue.”",1,human_quotes,"""The most challenging aspect of any significant undertaking is simply beginning. Once you start working on a meaningful task, you often find yourself naturally driven to keep going."""
"“If I didn't have Lincoln's butt to stare at the whole time, motivation would be a lot harder to come by.”",1,human_quotes,"“Without Lincoln’s backside to gaze at throughout, finding motivation would be far more difficult.”"
"“We all grow tired eventually; it happens to everyone. Even the sun, at the close of the year, is no longer a morning person.”",1,human_quotes,"“Everyone grows weary in time; it is a universal experience. Even the sun, as the year draws to an end, ceases to be an early riser.”"
"“Today is the day you choose to find joy, fulfillment and the path that will make your heart sing. It's your choice, never lose sight of that.”",1,human_quotes,"""Today is the day you decide to seek happiness, satisfaction, and the journey that will make your spirit soar. It's your decision—never forget that."""
“The universe doesn't give you what you want in your mind; it gives you what you demand with your actions.”,1,human_quotes,"""The universe doesn't grant what you merely think; it delivers what you insist upon through your deeds."""
"“Get going. Move forward. Aim High. Plan a takeoff. Don't just sit on the runway and hope someone will come along and push the airplane. It simply won't happen. Change your attitude and gain some altitude. Believe me, you'll love it up here.”",1,human_quotes,"""Start moving. Advance ahead. Set your sights high. Prepare for liftoff. Don't just idle on the tarmac, waiting for someone to push your plane. That won't happen. Shift your mindset and climb higher. Trust me, you'll enjoy the view from up here."""
“Everything you need is already within you. The beauty of life is that your DESTINY lies always in your hands. The time has come for you to STEP UP and BE GREAT”,1,human_quotes,"""All you require is already inside you. Life's wonder is that your FATE remains ever in your grasp. Now is the moment to RISE and ACHIEVE GREATNESS."""
"“When you SEE into the invisible, you will DARE to do the impossible!”",1,human_quotes,"“When you PERCEIVE the unseen, you will have the COURAGE to achieve the unattainable!”"
“Focus on what you are and what you can rather than what others aren't & can't. You have to win; they don't necessarily have to lose for you!”,1,human_quotes,"""Concentrate on your own abilities and strengths instead of dwelling on others' shortcomings. Your success doesn't require their failure; you must triumph on your own terms!"""
“Every game is winnable if you change your mind about what the prize should be and your perspective about the players at the table.”,1,human_quotes,"""Every match can be won if you adjust your view of the prize and your perception of the other players."""
"“Get immersed in the beauty that surrounds you. No filters, edits, or adjustments. Experience the colors, sounds, textures and smells within your reach. Live.”",1,human_quotes,"""Immerse yourself in the beauty all around. No filters, edits, or alterations. Savor the colors, sounds, textures, and scents within your grasp. Truly live."""
"“You have the power to heal your life, and you need to know that. We think so often that we are helpless, but we're not. We always have the power of our minds...Claim and consciously use your power.”",1,human_quotes,"""You possess the ability to heal your own life, and it's crucial to recognize this. We frequently believe we are powerless, yet that isn't true. We always hold the strength of our thoughts...Assert and mindfully apply your inner power."""
“Believe in yourself. Under-confidence leads to a self-fulfilling prophecy that you are not good enough for your work.”,1,human_quotes,"""Trust in your own abilities. A lack of self-assurance can create a cycle where you convince yourself you're inadequate for your tasks."""
"“It’s not just the big moments that count, it’s all of the small actions that feed our heart and soul on a daily basis. Cherish those moments and reflect on how to replicate them often.”",1,human_quotes,"“It’s not only the grand occasions that matter, but also the everyday little gestures that nourish our spirit day by day. Treasure these instances and consider how to make them happen more frequently.”"
“Diversity of character is due to the unequal time given to values. Only through each other will we see the importance of the qualities we lack and our unfinished soul's potential.”,1,human_quotes,“Variety in character arises from the differing emphasis placed on values. It is through one another that we recognize the significance of the traits we lack and the latent possibilities of our incomplete souls.”
"“If you don't make the time to work on creating the life you want, you're eventually going to be forced to spend a LOT of time dealing with a life you don't want.”",1,human_quotes,"""If you fail to invest time in building the life you desire, you'll inevitably end up dedicating far more time to managing a life you never wanted."""
“MANAGE YOUR MOOD: Name 1 thing that surprised you today...Name 1 thing that moved you...Name 1 thing that inspired you...”,1,human_quotes,"""“MANAGE YOUR MOOD: Identify one surprising moment from today...Recall one thing that touched you...Note one source of inspiration...”"""
"“When you experience a negative circumstance or event, do not dwell on it. Be proactive — put your attention on what you need to do to bring the situation to a positive result.”",1,human_quotes,"""When faced with a difficult situation or setback, avoid lingering on it. Take initiative—focus your energy on the steps required to achieve a favorable outcome."""
"“No one asks how to motivate a baby. A baby naturally explores everything it can get at, unless restraining forces have already been at work. And this tendency doesn't die out, it's wiped out.”",1,human_quotes,"“Nobody wonders how to inspire an infant. A baby instinctively investigates all within its reach, unless limiting influences have already taken effect. This inclination doesn’t fade away; it is erased.”"
"“There is no more compelling motivation to worthwhile endeavor than the knowledge that we are children of God, that God expects us to do something with our lives, and that He will give us help when help is sought.”",1,human_quotes,"“No greater inspiration for meaningful effort exists than understanding we are God’s children, that He anticipates we will make something of our lives, and that He will provide aid when it is earnestly requested.”"
“Now he was proving it again. Each time was a new time and he never thought about the past when he was doing it.”,1,human_quotes,"“Once more, he was demonstrating this truth. Every instance felt fresh, and while engaged, he never dwelled on what had come before.”"
"“Virtually everyone needs motivation of some sort, but when you are in love - that is motivation enough, it turns many into poets and painters, it spurs the creativity in you.”",1,human_quotes,"""Nearly everyone requires some form of motivation, yet being in love provides ample drive—it inspires many to become poets and artists, awakening the creativity within."""
"“When our commitment is wavering, the best way to stay on track is to consider the progress we've already made. As we recognize what we've invested and attained, it seems like a waste to give up, and our confidence and commitment surge.”",1,human_quotes,"""When our resolve falters, reflecting on the progress we've already achieved helps keep us steady. Acknowledging the effort we've invested and the gains we've made makes quitting feel wasteful, renewing our confidence and dedication."""
"“Faith keeps our ships moving, while empathy and the memories of our experiences lead to wisdom.”",1,human_quotes,"“Faith propels our vessels forward, while empathy and the recollection of our journeys cultivate wisdom.”"
“Life’s too short to walk around with your arms crossed and bottom lip poked out. Find a way to smile for yourself even if it’s as simple as licking the spoon clean or putting clean sheets on your bed.”,1,human_quotes,"""Life is too brief to go through it with folded arms and a sulking expression. Discover a reason to smile for yourself, even if it's just savoring the last taste from a spoon or making your bed with fresh linens."""
"“How to win in life:1 work hard 2 complain less 3 listen more 4 try, learn, grow5 don't let people tell you it cant be done6 make no excuses”",1,human_quotes,"""Strategies for succeeding in life: 1. Put in the effort 2. Reduce complaining 3. Listen actively 4. Attempt, learn, develop 5. Ignore those who say it's impossible 6. Avoid making excuses"""
"“Where did we ever get the crazy idea that in order to make children do better, first we have to make them feel worse? Think of the last time you felt humiliated or treated unfairly. Did you feel like cooperating or doing better?”",1,human_quotes,"“Who ever came up with the absurd notion that to improve children’s behavior, we must first make them feel worse? Consider the last time you were embarrassed or dealt with unjustly. Did it inspire you to cooperate or strive for better?”"
"“...she doesn't have to choose between being gentle or being fierce. Both exist in nature and both exist in her. That's ok. She'll know to nourish them both and when applicable, use each unapologetically.”",1,human_quotes,"""...she need not decide between gentleness and fierceness. Both are present in nature and both reside within her. That is acceptable. She will understand how to nurture each and, when fitting, employ them without apology."""
"“I have moments that aren't too bad, but there's always something I'm struggling with, or feeling guilty about. I just figured I needed to try harder, but I find it difficult to sustain that motivation.”",1,human_quotes,"""There are times when I feel okay, but there's always some challenge or guilt weighing on me. I thought I just had to push myself more, but keeping up that drive is tough."""
"“GIVING - Applied tithing is so rewarding. When you give away your time, talent, and treasures you create a huge shift in your prosperity consciousness. So start where you are as you reach for where it is you want to be.”",1,human_quotes,"""“GIVING - Practicing applied tithing is deeply fulfilling. By sharing your time, talents, and resources, you foster a significant transformation in your awareness of abundance. Begin from your current position as you strive toward your desired destination.”"""
"“The only walls that exist are those you have placed in your mind. And whatever obstacles you conceive, exist only because you have forgotten what you have already achieved.”",1,human_quotes,"""The only barriers that exist are those you have built in your own mind. And any hurdles you imagine are there solely because you have lost sight of all you have already accomplished."""
